tournamentID,tounamentDate,tournamentTitle,playerCount,playerCountCategory,country
top-choice-gaming-triple-case-tournament-decks-1744,2024-11-23,Top Choice Gaming Triple Case,42,33 - 64,US
lorcana-cross-continental-challenge-tournament-decks-1741,2024-11-22,Lorcana Cross Continental Challenge,16,0 - 16,ON
azurite-sea-case-tournament-tournament-decks-1733,2024-11-17,Azurite Sea Case Tournament,20,17 - 32,US
win-a-box-tournament-decks-1732,2024-11-17,Win a Box,17,17 - 32,US
ark-games-chapitre-6-tournament-decks-1730,2024-11-17,ARK_Games Chapitre 6,13,0 - 16,FR
enchanted-tour-fall-edition-tournament-decks-1736,2024-11-16,Enchanted Tour - Fall Edition,97,more than 64,AT
1-500-guaranteed-azurite-skies-constructed-tournament-decks-1734,2024-11-16,$1500 Guaranteed Azurite Skies Constructed,50,33 - 64,US
battle-bear-lorcana-set-6-azurblaues-meer-release-event-constructed-tournament-decks-1731,2024-11-16,Battle-Bear Lorcana Set 6 Azurblaues Meer Release Event Constructed,47,33 - 64,DE
saturday-lorcana-2k-scg-con-columbus-tournament-decks-1729,2024-11-16,Saturday Lorcana $2K - SCG CON Columbus,66,more than 64,US
south-side-gaming-azurite-sea-quadruple-case-tournament-tournament-decks-1728,2024-11-16,South Side Gaming Azurite Sea Quadruple Case Tournament,71,more than 64,US
friday-1k-scg-con-columbus-tournament-decks-1723,2024-11-15,Friday $1K SCG CON Columbus,42,33 - 64,US
cardcon-lorcana-sunday-tournament-decks-1724,2024-11-10,CardCon Lorcana - Sunday,61,33 - 64,NL
local-mini-set-championships-tournament-decks-1720,2024-11-09,Local Mini Set Championships,37,33 - 64,US
road-to-lorcana-12-tournament-decks-1717,2024-11-09,Road To Lorcana 12,21,17 - 32,FR
1-nordlore-meisterschaften-tournament-decks-1710,2024-11-02,1. NordLore Meisterschaften,85,more than 64,DE
shimmering-skies-championship-tournament-decks-1709,2024-11-02,Shimmering Skies Championship,42,33 - 64,US
tournoi-lorcana-256-joueurs-ludotrotter-x-royaume-du-tcg-tournament-decks-1708,2024-11-02,Tournoi Lorcana 256 Joueurs - Ludotrotter x Royaume du TCG,183,more than 64,FR
timmy-mac-s-post-dlc-seattle-tournament-tournament-decks-1713,2024-11-01,Timmy Mac's Post DLC Seattle Tournament,18,17 - 32,US
road-to-lorcana-11-tournament-decks-1707,2024-11-01,Road To Lorcana 11,18,17 - 32,FR
seattle-sun-9-am-competitive-constructed-dlc-side-event-tournament-decks-1721,2024-10-27,Seattle - SUN 9 AM Competitive Constructed (DLC Side Event),366,more than 64,US
championnat-lorcana-ciel-scintillant-tournament-decks-1712,2024-10-27,Championnat Lorcana : Ciel scintillant,16,0 - 16,FR
baseball-and-games-shimmering-skies-store-championship-tournament-decks-1706,2024-10-27,Baseball and Games Shimmering Skies Store Championship,18,17 - 32,US
shimmering-skies-championship-tournament-decks-1704,2024-10-27,Shimmering Skies Championship,17,17 - 32,GB
set-championship-saarbrucken-himmelsleuchten-battle-bear-tournament-decks-1703,2024-10-27,Set Championship Saarbrücken Himmelsleuchten Battle-Bear,20,17 - 32,DE
himmelsleuchten-set-meisterschaft-tournament-decks-1700,2024-10-27,Himmelsleuchten Set Meisterschaft,43,33 - 64,AT
store-championship-tournament-decks-1699,2024-10-27,Store Championship,60,33 - 64,ES
shimmering-skies-championship-tournament-decks-1698,2024-10-27,Shimmering Skies Championship!,10,0 - 16,PT
store-championship-tournament-decks-1695,2024-10-27,Store Championship,14,0 - 16,MX
championship-keiken-tournament-decks-1694,2024-10-27,Championship Keiken,26,17 - 32,ES
shimmering-skies-championship-v-ihrysku-tournament-decks-1693,2024-10-27,Shimmering Skies Championship v iHRYsku,34,33 - 64,SK
shimmering-skies-set-championship-dados-y-cubitos-tournament-decks-1692,2024-10-27,Shimmering Skies Set Championship Dados y Cubitos,14,0 - 16,ES
antre2jeu-set-championship-montpellier-tournament-decks-1689,2024-10-27,Antre2Jeu Set Championship (Montpellier),14,0 - 16,FR
shimmering-skies-set-championship-tournament-decks-1688,2024-10-27,Shimmering Skies Set Championship,18,17 - 32,US
disney-lorcana-challenge-seattle-tournament-decks-1686,2024-10-27,Disney Lorcana Challenge: Seattle,1893,more than 64,US
shimmering-skies-set-championship-2nd-women-s-cup-tournament-decks-1701,2024-10-26,Shimmering Skies - Set Championship - 2nd Women's Cup,13,0 - 16,AT
championnat-de-set-ciel-scintillant-tournament-decks-1697,2024-10-26,Championnat de Set : Ciel Scintillant,46,33 - 64,FR
shimmering-skies-set-championship-tournament-decks-1690,2024-10-26,Shimmering Skies Set Championship,17,17 - 32,CA
wcg-shimmering-skies-championship-tournament-decks-1685,2024-10-26,WCG Shimmering Skies Championship,10,0 - 16,US
road-to-lorcana-10-tournament-decks-1684,2024-10-26,Road To Lorcana 10,18,17 - 32,FR
shimmering-skies-set-championship-tournament-decks-1682,2024-10-26,Shimmering Skies - Set Championship,14,0 - 16,FR
shimmering-skies-championship-tournament-decks-1679,2024-10-26,Shimmering Skies Championship,23,17 - 32,PT
mulligan-challenge-16-tournament-decks-1683,2024-10-24,Mulligan Challenge #16,29,17 - 32,FR
shimmering-skies-championship-tournament-decks-1681,2024-10-20,Shimmering Skies Championship,8,0 - 16,US
shimmering-skies-set-championship-tournament-decks-1677,2024-10-20,Shimmering Skies - Set Championship,29,17 - 32,AT
shimmering-skies-set-championship-tournament-decks-1676,2024-10-20,Shimmering Skies - Set Championship,11,0 - 16,AT
dragon-world-store-shimmering-skies-championship-tournament-decks-1667,2024-10-20,Dragon World Store - Shimmering skies Championship,34,33 - 64,CZ
shimmering-skies-set-championship-tournament-decks-1659,2024-10-20,Shimmering Skies Set Championship,16,0 - 16,US
timmy-mac-s-shimmering-skies-set-champs-tournament-decks-1656,2024-10-20,Timmy Mac's Shimmering Skies Set Champs,17,17 - 32,US
set-championship-2-kaiserslautern-himmelsleuchten-battle-bear-tournament-decks-1655,2024-10-20,Set Championship 2 Kaiserslautern Himmelsleuchten Battle-Bear,15,0 - 16,DE
darkstore-championship-tournament-decks-1654,2024-10-20,DarkStore Championship,16,0 - 16,MX
shimmering-skies-set-championship-at-rad-lad-games-tournament-decks-1652,2024-10-20,Shimmering Skies Set Championship at Rad Lad Games,26,17 - 32,US
set-championships-tournament-decks-1651,2024-10-20,Set Championships,23,17 - 32,US
set-championship-shimmering-skies-tournament-decks-1650,2024-10-20,Set Championship Shimmering Skies,32,33 - 64,US
shimmering-skies-set-championship-crossroads-tournament-decks-1649,2024-10-20,Shimmering Skies Set Championship Crossroads,16,0 - 16,US
shimmering-skies-championship-over-the-brick-tournament-decks-1644,2024-10-20,Shimmering Skies Championship @ Over the Brick,29,17 - 32,US
shimmering-skies-set-championship-tournament-decks-1643,2024-10-20,Shimmering Skies Set Championship,29,17 - 32,FR
set-5-championships-wurzburg-tournament-decks-1642,2024-10-20,Set 5 Championships Würzburg,16,0 - 16,DE
shimmering-shine-set-champs-tournament-decks-1641,2024-10-20,Shimmering Shine Set Champs,18,17 - 32,GB
shimmering-skies-set-championship-ravensburg-museum-tournament-decks-1640,2024-10-20,Shimmering Skies - Set Championship @ Ravensburg Museum,22,17 - 32,DE
maitre-renard-set-championship-montpellier-tournament-decks-1636,2024-10-20,Maitre Renard Set Championship (Montpellier),35,33 - 64,FR
disney-lorcana-shimmering-skies-championship-tournament-decks-1680,2024-10-19,Disney Lorcana Shimmering Skies Championship,16,0 - 16,US
shimmering-skies-set-championship-tournament-decks-1678,2024-10-19,Shimmering Skies - Set Championship,18,17 - 32,AT
top-deck-keep-shimmering-skies-setchampionship-tournament-decks-1666,2024-10-19,Top Deck Keep Shimmering Skies SetChampionship,34,33 - 64,US
shimmering-skies-championship-itaca-tournament-decks-1662,2024-10-19,Shimmering Skies Championship ÍTACA,17,17 - 32,ES
lorcana-day-5-top-16-tournament-decks-1661,2024-10-19,Lorcana Day 5 - Top 16,173,more than 64,FR
shimmering-skies-set-championship-rv-store-singen-tournament-decks-1639,2024-10-19,Shimmering Skies - Set Championship @ RV Store Singen,14,0 - 16,DE
atlantis-hobby-set-championship-tournament-decks-1638,2024-10-19,Atlantis Hobby Set Championship,23,17 - 32,US
shimmering-skies-set-championship-tournament-decks-1633,2024-10-19,Shimmering Skies Set Championship,17,17 - 32,US
lorcana-shimmering-skies-set-championships-pg-tournament-decks-1632,2024-10-19,Lorcana Shimmering Skies Set Championships @ PG,27,17 - 32,GB
wheel-of-frotune-tournament-decks-1631,2024-10-19,Wheel of Frotune,10,0 - 16,NL
gameknight-shimmering-skies-sc-tournament-decks-1630,2024-10-19,Gameknight Shimmering Skies SC,24,17 - 32,CA
shimmeering-skies-set-championship-at-twin-city-collectibles-tournament-decks-1629,2024-10-19,Shimmeering Skies Set Championship at Twin City Collectibles,16,0 - 16,US
lorca-quest-main-event-tournament-decks-1627,2024-10-19,Lorca Quest Main Event,707,more than 64,FR
set-5-championship-nuremberg-tournament-decks-1625,2024-10-19,Set 5 Championship Nuremberg,20,17 - 32,DE
cartapapa-set-championship-montpellier-tournament-decks-1623,2024-10-19,Cartapapa Set Championship (Montpellier),22,17 - 32,FR
championship-shimmering-skies-fransa-gaming-tournament-decks-1621,2024-10-19,CHAMPIONSHIP SHIMMERING SKIES Fransa Gaming,28,17 - 32,ES
busby-s-lorcana-shimmering-skies-set-championship-tournament-decks-1590,2024-10-14,Busby's Lorcana Shimmering Skies Set Championship,29,17 - 32,US
championship-cieli-scintillanti-il-covo-del-nerd-roma-tournament-decks-1674,2024-10-13,Championship – Cieli Scintillanti Il Covo del Nerd - Roma,45,33 - 64,IT
himmelsleuchten-setmeisterschaft-championship-im-fancy-treasure-tournament-decks-1663,2024-10-13,Himmelsleuchten Setmeisterschaft Championship im FANcy Treasure,18,17 - 32,DE
shimmering-skies-set-championship-tournament-decks-1657,2024-10-13,Shimmering Skies - Set Championship,18,17 - 32,AT
shimmering-skies-championship-nel-multiverso-tournament-decks-1635,2024-10-13,Shimmering Skies Championship NEL MULTIVERSO,23,17 - 32,IT
shimmering-skies-championship-tournament-decks-1620,2024-10-13,Shimmering Skies Championship,25,17 - 32,US
shimmering-skies-set-championship-tournament-decks-1619,2024-10-13,Shimmering Skies Set Championship,26,17 - 32,US
versus-gamecenter-shimmering-skies-championship-tournament-decks-1616,2024-10-13,Versus Gamecenter Shimmering Skies Championship!,30,17 - 32,PT
boutique-awesome-lorcana-shimmering-skies-championship-tournament-decks-1614,2024-10-13,Boutique Awesome Lorcana Shimmering Skies Championship,27,17 - 32,CA
pandemonium-gaming-and-hobbies-set-champs-tournament-decks-1610,2024-10-13,Pandemonium Gaming and Hobbies Set Champs,30,17 - 32,US
ccs-shimmering-skies-championship-tournament-decks-1601,2024-10-13,CCS Shimmering Skies Championship,34,33 - 64,US
lorcana-shimmering-skies-championship-tournament-decks-1597,2024-10-13,Lorcana Shimmering Skies Championship,17,17 - 32,US
the-light-shimmering-skies-set-championship-tournament-decks-1596,2024-10-13,The Light Shimmering Skies Set Championship,24,17 - 32,US
championnat-de-set-ciel-scintillant-tournament-decks-1593,2024-10-13,Championnat de set - Ciel Scintillant,23,17 - 32,FR
championnat-de-set-5-ciel-scintillant-relic-tournament-decks-1584,2024-10-13,Championnat de Set 5 - Ciel Scintillant - Relic,30,17 - 32,FR
shimmering-skies-store-championship-tournament-decks-1582,2024-10-13,Shimmering Skies Store Championship,20,17 - 32,US
dragonct-shimmering-skies-championship-tournament-decks-1580,2024-10-13,DRAGONCT Shimmering Skies Championship,41,33 - 64,ES
shimmering-skies-set-championship-gamezenter-tournament-decks-1579,2024-10-13,Shimmering Skies Set Championship @ GameZenter,30,17 - 32,US
njds-tournament-3-tournament-decks-1576,2024-10-13,NJDS Tournament #3,53,33 - 64,FR
championnat-de-set-ciel-scintillant-tournament-decks-1575,2024-10-13,Championnat de set Ciel Scintillant,20,17 - 32,FR
lud-m-set-championship-montpellier-tournament-decks-1574,2024-10-13,Lud'M Set Championship (Montpellier),22,17 - 32,FR
set-champs-tournament-decks-1573,2024-10-13,Set Champs,23,17 - 32,IT
set-5-championship-ludwigsburg-tournament-decks-1572,2024-10-13,Set 5 Championship Ludwigsburg,35,33 - 64,DE
shimmering-skies-store-championship-tournament-decks-1571,2024-10-13,Shimmering Skies Store Championship,15,0 - 16,FR
game-nite-shimmering-skies-set-championship-tournament-decks-1570,2024-10-13,Game Nite Shimmering Skies Set Championship,31,17 - 32,US
le-troll-savant-championnat-ciel-scintillant-tournament-decks-1542,2024-10-13,Le Troll Savant - Championnat Ciel Scintillant,24,17 - 32,FR
shimmering-skies-championship-mindstage-norrkoping-tournament-decks-1519,2024-10-13,Shimmering Skies Championship - Mindstage Norrköping,20,17 - 32,SE
shimmering-skies-set-championship-tournament-decks-1675,2024-10-12,Shimmering Skies - Set Championship,10,0 - 16,AT
championship-cieli-scintillanti-dadi-e-mattoncini-torino-tournament-decks-1634,2024-10-12,Championship Cieli Scintillanti - Dadi e Mattoncini Torino,14,0 - 16,IT
shimmering-skies-championship-tournament-decks-1618,2024-10-12,Shimmering Skies Championship,30,17 - 32,US
shimmering-skies-store-championship-tournament-decks-1615,2024-10-12,Shimmering Skies Store Championship!,19,17 - 32,US
shimmering-skies-champ-set-tournament-decks-1613,2024-10-12,Shimmering Skies Champ Set,30,17 - 32,ES
championnat-de-set-ciel-scintillant-tournament-decks-1612,2024-10-12,Championnat de set Ciel Scintillant,33,33 - 64,FR
championnat-de-set-ciel-scintillant-des-rires-des-jeux-tournament-decks-1609,2024-10-12,Championnat de Set Ciel Scintillant Dés Rires & des Jeux,24,17 - 32,FR
epic-loot-shimmering-skies-set-championship-tournament-decks-1599,2024-10-12,Epic Loot Shimmering Skies Set Championship,15,0 - 16,US
shimmering-skys-store-champs-tournament-decks-1595,2024-10-12,SHIMMERING SKYS STORE CHAMPS,23,17 - 32,GB
shimmering-skies-set-championship-tournament-decks-1594,2024-10-12,Shimmering Skies - Set Championship,8,0 - 16,AT
hoover-s-cards-tournament-decks-1592,2024-10-12,Hoover's Cards,24,17 - 32,CA
express-tcg-shimmering-skies-set-championship-tournament-decks-1591,2024-10-12,Express TCG- Shimmering Skies Set Championship,24,17 - 32,US
lorcana-shimmering-skies-store-championship-tournament-decks-1589,2024-10-12,Lorcana Shimmering Skies Store Championship,14,0 - 16,US
ogres-den-set-championship-tournament-decks-1587,2024-10-12,Ogres Den Set Championship,20,17 - 32,CA
rebellion-store-championship-shimmering-skies-tournament-decks-1583,2024-10-12,Rebellion Store Championship · Shimmering Skies,25,17 - 32,ES
lorcana-shimmering-skies-championship-tournament-decks-1578,2024-10-12,Lorcana Shimmering Skies Championship,20,17 - 32,US
shimmering-skies-store-championship-tournament-decks-1569,2024-10-12,Shimmering Skies Store Championship,14,0 - 16,GB
shimmering-skies-set-championship-tournament-decks-1568,2024-10-12,Shimmering Skies Set Championship,13,0 - 16,GB
championnat-de-set-ciel-scintillant-tournament-decks-1567,2024-10-12,Championnat de set Ciel Scintillant,21,17 - 32,FR
tier-1-games-shimmering-skies-set-championships-tournament-decks-1566,2024-10-12,Tier 1 Games Shimmering Skies Set Championships,27,17 - 32,US
shimmering-skies-championship-coliseum-of-comics-east-colonial-tournament-decks-1564,2024-10-12,Shimmering Skies Championship - Coliseum of Comics - East Colonial,26,17 - 32,US
shimmering-skies-set-championships-tournament-decks-1563,2024-10-12,Shimmering Skies Set Championships,19,17 - 32,US
lorcana-shimmering-skies-championship-linkoping-tournament-decks-1560,2024-10-12,Lorcana Shimmering Skies Championship - LINKÖPING,16,0 - 16,SE
core-constructed-tournament-tournament-decks-1673,2024-10-11,Core Constructed Tournament,24,17 - 32,IT
win-box-cieli-scintillanti-tournament-decks-1550,2024-10-09,Win  Box Cieli Scintillanti,18,17 - 32,IT
south-florida-lorcana-network-10-9-locals-swiss-results-tournament-decks-1545,2024-10-09,South Florida Lorcana Network 10/9 Locals - Swiss Results,19,17 - 32,US
ligue-lorcana-troll-savant-tournament-decks-1541,2024-10-08,Ligue Lorcana Troll Savant,6,0 - 16,FR
store-championship-cieli-scintillanti-tournament-decks-1691,2024-10-06,Store Championship Cieli scintillanti,28,17 - 32,IT
disney-lorcana-shimmering-skies-championship-gemini-games-game-tournament-decks-1658,2024-10-06,Disney Lorcana Shimmering Skies Championship @ Gemini Games Game,16,0 - 16,US
grapes-games-shimmering-skies-set-championship-tournament-decks-1602,2024-10-06,Grapes Games Shimmering Skies Set Championship,36,33 - 64,US
championship-cieli-scintillanti-tournament-decks-1555,2024-10-06,Championship Cieli Scintillanti,12,0 - 16,IT
shimmering-skies-championship-andycards-tournament-decks-1553,2024-10-06,Shimmering Skies Championship - Andycards,9,0 - 16,IT
shimmering-skies-championship-libertalia-tournament-decks-1551,2024-10-06,Shimmering Skies Championship - Libertalia,49,33 - 64,ES
shimmering-skies-championship-tournament-decks-1540,2024-10-06,Shimmering Skies Championship,33,33 - 64,US
spielbound-shimmering-skies-championship-tournament-decks-1539,2024-10-06,Spielbound  Shimmering Skies Championship,23,17 - 32,US
shimmering-skies-championship-tournament-decks-1538,2024-10-06,Shimmering Skies Championship,22,17 - 32,US
game-kastle-greenville-shimmering-skies-championship-tournament-decks-1536,2024-10-06,Game Kastle Greenville : Shimmering Skies Championship,30,17 - 32,US
kapow-comics-and-games-shimmering-skies-championship-tournament-decks-1535,2024-10-06,Kapow Comics and Games Shimmering Skies Championship,24,17 - 32,US
ppg-shimmering-skies-championship-tournament-decks-1532,2024-10-06,PPG Shimmering Skies Championship,28,17 - 32,US
wildcardcyclone-lorcana-shimmering-skies-store-championship-tournament-decks-1531,2024-10-06,Wildcardcyclone Lorcana Shimmering Skies Store Championship,38,33 - 64,US
grapes-games-shimmering-skies-set-championship-tournament-decks-1530,2024-10-06,Grapes Games Shimmering Skies Set Championship,36,33 - 64,US
la-cienaga-hobby-shop-shimmering-skies-championship-tournament-decks-1518,2024-10-06,La Ciénaga Hobby Shop "Shimmering Skies Championship",29,17 - 32,ES
battle-bear-set-championship-1-kaiserslautern-tournament-decks-1517,2024-10-06,Battle-Bear Set CHampionship 1 Kaiserslautern,40,33 - 64,DE
set-championship-furstenfeldbruck-tournament-decks-1516,2024-10-06,Set Championship Fürstenfeldbruck,34,33 - 64,DE
board-game-paradise-shimmering-skies-set-championship-tournament-decks-1515,2024-10-06,Board Game Paradise Shimmering Skies Set Championship,25,17 - 32,US
flash-cards-shimmering-skies-championship-tournament-decks-1512,2024-10-06,Flash-Cards - Shimmering Skies Championship,40,33 - 64,BE
weatherlight-games-shimmering-skies-championship-tournament-decks-1672,2024-10-05,Weatherlight Games - Shimmering Skies Championship,21,17 - 32,PT
shimmering-skies-store-championship-tournament-decks-1617,2024-10-05,Shimmering Skies Store Championship,33,33 - 64,US
shimmering-skies-championship-decks-and-dice-tournament-decks-1565,2024-10-05,Shimmering Skies Championship - Decks and Dice,30,17 - 32,US
championship-cieli-scintillanti-games-academy-messina-tournament-decks-1559,2024-10-05,Championship – Cieli Scintillanti GAMES ACADEMY MESSINA,20,17 - 32,IT
championship-cieli-scintillanti-tournament-decks-1558,2024-10-05,Championship – Cieli Scintillanti,11,0 - 16,IT
championship-cieli-scintillanti-level-up-tournament-decks-1557,2024-10-05,Championship – Cieli Scintillanti Level Up,10,0 - 16,IT
championship-cieli-scintillanti-hall-of-game-tournament-decks-1556,2024-10-05,Championship – Cieli Scintillanti Hall of Game,12,0 - 16,IT
championship-cieli-scintillanti-kaleidon-tournament-decks-1554,2024-10-05,Championship – Cieli Scintillanti Kaleidon,19,17 - 32,IT
shimmering-skies-championship-ravenna-lorcana-tournament-decks-1552,2024-10-05,Shimmering Skies Championship Ravenna Lorcana,10,0 - 16,IT
wildfire-set-championship-lorcana-league-tournament-decks-1549,2024-10-05,Wildfire Set Championship Lorcana League,34,33 - 64,IT
shimmering-skies-set-championship-tournament-decks-1537,2024-10-05,Shimmering Skies - Set Championship,12,0 - 16,AT
disney-lorcana-shimmering-skies-set-championship-tournament-decks-1534,2024-10-05,Disney Lorcana Shimmering Skies Set Championship,26,17 - 32,US
shimmering-skies-store-championship-tournament-decks-1529,2024-10-05,Shimmering Skies Store Championship,38,33 - 64,US
lorcana-shop-championship-tournament-decks-1528,2024-10-05,Lorcana Shop Championship,19,17 - 32,US
miami-tcg-tournament-decks-1527,2024-10-05,Miami Tcg,28,17 - 32,US
alter-ego-shimmering-skies-championship-tournament-decks-1526,2024-10-05,Alter Ego Shimmering Skies Championship,21,17 - 32,US
lorcana-set-5-shimmering-skies-store-championships-tournament-decks-1525,2024-10-05,Lorcana Set 5 Shimmering Skies Store Championships,20,17 - 32,GB
shimmering-skies-set-championship-tournament-decks-1524,2024-10-05,Shimmering Skies Set Championship,16,0 - 16,US
spieldurst-himmelsleuchten-setmeisterschaft-tournament-decks-1523,2024-10-05,Spieldurst - Himmelsleuchten-Setmeisterschaft,24,17 - 32,DE
shimmering-skies-set-championship-tournament-decks-1521,2024-10-05,Shimmering Skies - Set Championship,39,33 - 64,AT
shimmering-skies-championship-tournament-decks-1520,2024-10-05,Shimmering Skies Championship,21,17 - 32,AT
top-choice-gaming-shimmering-skies-set-championships-tournament-decks-1514,2024-10-05,Top Choice Gaming Shimmering Skies Set Championships,32,33 - 64,US
augusta-book-exchange-shimmering-skies-set-championship-tournament-decks-1513,2024-10-05,Augusta Book Exchange- Shimmering Skies Set Championship,24,17 - 32,US
shimmering-skies-store-championship-tournament-decks-1511,2024-10-05,Shimmering skies store championship,17,17 - 32,US
shimmering-skies-set-champs-tournament-decks-1510,2024-10-05,Shimmering Skies Set Champs,19,17 - 32,CA
shimmering-skies-set-championship-tournament-decks-1509,2024-10-05,Shimmering Skies Set Championship,18,17 - 32,DE
saturday-2k-scg-con-washington-dc-tournament-decks-1507,2024-10-05,Saturday $2K - SCG CON Washington DC,26,17 - 32,US
shimmering-skies-set-championship-tournament-decks-1506,2024-10-05,Shimmering Skies Set Championship,32,33 - 64,US
shimmering-skies-store-championship-tournament-decks-1505,2024-10-05,Shimmering Skies Store Championship,26,17 - 32,PT
excalibur-set-championship-montpellier-tournament-decks-1503,2024-10-05,Excalibur Set Championship (Montpellier),24,17 - 32,FR
open-lorcana-by-ludotrotter-final-standings-tournament-decks-1502,2024-10-05,Open Lorcana By Ludotrotter - Final Standings,609,more than 64,FR
shimmering-skies-championship-tournament-decks-1499,2024-10-05,Shimmering Skies Championship,15,0 - 16,NL
road-to-lorcana-7-saison-5-tournament-decks-1508,2024-10-04,Road To Lorcana 7 - Saison 5,17,17 - 32,FR
friday-1k-scg-con-washington-dc-tournament-decks-1497,2024-10-04,Friday $1K - SCG CON Washington DC,28,17 - 32,US
lorcana-weekly-tournament-decks-1496,2024-10-03,Lorcana Weekly,27,17 - 32,US
cardtopia-lorcana-tournament-tournament-decks-1484,2024-09-29,Cardtopia Lorcana Tournament,49,33 - 64,FR
hall-of-fame-city-con-lorcana-case-tournament-tournament-decks-1488,2024-09-28,Hall of Fame City Con Lorcana Case Tournament,42,33 - 64,US
d23-collection-tournament-tournament-decks-1487,2024-09-28,D23 Collection Tournament,23,17 - 32,US
3-tintas-open-tournament-decks-1486,2024-09-28,3 Tintas Open,30,17 - 32,ES
standard-set-5-constructed-tournament-decks-1483,2024-09-28,Standard Set 5 Constructed,6,0 - 16,US
international-content-creator-set-championships-tournament-decks-1480,2024-09-27,International Content Creator Set Championships,30,17 - 32,GB
sotto-i-cieli-scintillanti-romani-tournament-decks-1493,2024-09-26,Sotto i cieli scintillanti romani,14,0 - 16,IT
mulligan-challenge-14-tournament-decks-1489,2024-09-26,Mulligan Challenge #14,36,33 - 64,FR
lorcana-locals-tournament-decks-1479,2024-09-26,Lorcana Locals,13,0 - 16,GB
local-enchanted-pika-pika-tournament-decks-1478,2024-09-26,Local Enchanted - Pika Pika,26,17 - 32,IT
dlc-vegas-sunday-8-am-side-event-tournament-decks-1473,2024-09-22,DLC Vegas - Sunday 8 AM Side Event,247,more than 64,US
win-an-enchated-mufasa-ruler-of-pride-rock-tournament-decks-1471,2024-09-22,Win an Enchated - MUFASA Ruler of Pride Rock,17,17 - 32,MX
lorcana-box-tourney-tournament-decks-1469,2024-09-22,Lorcana Box Tourney,8,0 - 16,US
dlc-vegas-sunday-9-am-side-event-tournament-decks-1467,2024-09-22,DLC Vegas - Sunday 9 AM Side Event,318,more than 64,US
dlc-vegas-saturday-10-am-side-event-tournament-decks-1466,2024-09-21,DLC Vegas - Saturday 10 AM Side Event,143,more than 64,US
lorcana-european-challenge-birmingham-2024-final-standings-tournament-decks-1462,2024-09-21,Lorcana European Challenge Birmingham 2024 - Final Standings,2012,more than 64,GB
disney-lorcana-challenge-las-vegas-final-standings-tournament-decks-1460,2024-09-21,Disney Lorcana Challenge: Las Vegas - Final Standings,1904,more than 64,US
lorca-tours-tournoi-d-ouverture-tournament-decks-1459,2024-09-21,Lorca'Tours - Tournoi d'ouverture !,12,0 - 16,FR
dlc-vegas-friday-11-30-am-side-event-tournament-decks-1474,2024-09-20,DLC Vegas - Friday 11:30 AM Side Event,335,more than 64,US
dlc-vegas-friday-11-am-side-event-tournament-decks-1465,2024-09-20,DLC Vegas - Friday 11 AM Side Event,338,more than 64,US
clarabelle-event-tournament-decks-1454,2024-09-15,Clarabelle Event,42,33 - 64,DE
let-the-lore-rage-on-tournament-decks-1450,2024-09-15,Let The Lore Rage On,56,33 - 64,IT
moxcon-24-magnificent-core-constructed-tournament-decks-1448,2024-09-15,MoxCon'24 Magnificent Core Constructed,31,17 - 32,NL
torneo-nortecon-lorcana-tournament-decks-1445,2024-09-15,Torneo NorteCon Lorcana,30,17 - 32,ES
lorcana-1k-tournament-decks-1458,2024-09-14,Lorcana 1k,38,33 - 64,US
lorcana-1k-tournament-decks-1453,2024-09-14,Lorcana 1K,33,33 - 64,US
super-saturday-lorcana-tournament-decks-1449,2024-09-14,Super Saturday Lorcana,15,0 - 16,PT
lorcana-shimmering-skies-two-case-tournament-decks-1446,2024-09-14,Lorcana Shimmering Skies Two Case,27,17 - 32,US
torneo-lorcana-dragonct-tournament-decks-1444,2024-09-14,TORNEO LORCANA DRAGONCT,16,0 - 16,ES
lorcana-win-a-case-tournament-tournament-decks-1443,2024-09-14,Lorcana Win-A-Case Tournament,50,33 - 64,GB
summer-league-tournament-decks-1441,2024-09-14,Summer League,108,more than 64,IT
saturday-play-league-tournament-decks-1439,2024-09-14,Saturday Play League,7,0 - 16,US
1-6k-prechallenge-event-tournament-decks-1438,2024-09-14,1.6k prechallenge event,69,more than 64,BE
win-une-enchantee-rls-tournament-decks-1436,2024-09-13,Win une enchantée RLS,18,17 - 32,FR
mulligan-challenge-13-tournament-decks-1435,2024-09-12,Mulligan Challenge #13,32,33 - 64,FR
win-a-disneyland-ticket-tournament-decks-1442,2024-09-08,Win a Disneyland Ticket,28,17 - 32,IT
le-circuit-des-princesses-3-6-tournament-decks-1432,2024-09-08,Le circuit des princesses (3/6),22,17 - 32,CA
the-mythic-store-september-win-a-box-tournament-decks-1428,2024-09-08,The Mythic Store September Win a box,14,0 - 16,CA
win-a-enchanted-tournament-decks-1420,2024-09-08,Win a Enchanted,31,17 - 32,US
lyon-cup-2024-tournament-decks-1429,2024-09-07,Lyon Cup 2024,241,more than 64,FR
lorcana-constructed-1k-tournament-decks-1427,2024-09-07,Lorcana Constructed 1k!,33,33 - 64,US
rng-games-win-a-case-tournament-decks-1417,2024-09-07,RNG GAMES WIN A CASE,36,33 - 64,GB
disney-lorcana-fundays-constructed-tournament-tournament-decks-1414,2024-09-07,Disney Lorcana Fundays Constructed Tournament,48,33 - 64,BE
disney-lorcana-2k-scg-con-tampa-tournament-decks-1412,2024-09-07,Disney Lorcana $2K - SCG CON Tampa,66,more than 64,US
disney-lorcana-1k-scg-con-tampa-tournament-decks-1409,2024-09-06,Disney Lorcana $1K - SCG CON Tampa,45,33 - 64,US
njds-tournament-2-tournament-decks-1405,2024-09-05,NJDS Tournament #2,31,17 - 32,FR
cuarta-fecha-shimmering-skies-tournament-decks-1404,2024-09-04,Cuarta Fecha - Shimmering Skies,17,17 - 32,MX
east-coast-gamers-tournament-decks-1402,2024-09-04,East Coast Gamers,12,0 - 16,US
sept-lorcana-play-tournament-decks-1400,2024-09-04,Sept Lorcana Play,17,17 - 32,US
lorcana-win-a-box-tournament-decks-1395,2024-09-01,Lorcana Win a Box!!,12,0 - 16,US
double-ursula-s-box-tournament-decks-1394,2024-09-01,Double Ursula's Box,15,0 - 16,PT
malmo-game-week-2024-lorcana-open-tournament-decks-1390,2024-09-01,Malmö Game Week 2024 - Lorcana Open,64,more than 64,SE
bromsgrove-challenge-september-2024-tournament-decks-1385,2024-09-01,Bromsgrove Challenge September 2024,17,17 - 32,GB
charlie-s-collectible-show-lorcana-10-000-tournament-decks-1382,2024-09-01,Charlie's Collectible Show Lorcana $10000,186,more than 64,US
lorcana-anniversary-2024-tournament-tournament-decks-1388,2024-08-31,Lorcana Anniversary 2024 Tournament,62,33 - 64,US
saturday-lorcanas-tournament-decks-1386,2024-08-31,Saturday Lorcanas,10,0 - 16,US
disney-lorcana-quest-tour-2-tournament-decks-1384,2024-08-31,Disney Lorcana Quest Tour #2,92,more than 64,PL
friday-dragoncon-lorcana-250-cash-constructed-event-tournament-decks-1380,2024-08-30,Friday Dragoncon Lorcana $250 CASH Constructed Event,32,33 - 64,US
mulligan-challenge-12-tournament-decks-1373,2024-08-29,Mulligan Challenge #12,32,33 - 64,FR
tercera-fecha-shimmering-skies-tournament-decks-1370,2024-08-28,Tercera Fecha - Shimmering Skies,15,0 - 16,MX
sunday-lorcana-win-a-case-tournament-tournament-decks-1367,2024-08-25,Sunday Lorcana Win-A-Case Tournament,54,33 - 64,GB
let-the-lore-rage-on-win-elsa-enchanted-tournament-decks-1366,2024-08-25,Let the LORE rage on - Win ELSA ENCHANTED,61,33 - 64,IT
sunday-dlc-toronto-side-event-9am-tournament-decks-1365,2024-08-25,Sunday DLC Toronto Side Event (9am),142,more than 64,CA
sunday-dlc-constructed-side-event-8am-tournament-decks-1364,2024-08-25,Sunday DLC Constructed Side Event (8am),170,more than 64,CA
win-a-box-set-5-tournament-decks-1363,2024-08-25,Win a Box - Set 5,16,0 - 16,FR
shimmering-skies-mufasa-cup-tournament-decks-1361,2024-08-25,Shimmering Skies Mufasa Cup,22,17 - 32,DE
disney-lorcana-1k-tournament-decks-1397,2024-08-24,Disney Lorcana 1K,19,17 - 32,US
keiken-league-j2-tournament-decks-1362,2024-08-24,Keiken League J2,12,0 - 16,ES
shimmering-skies-case-tournament-top-8-split-tournament-decks-1360,2024-08-24,Shimmering Skies Case Tournament - Top 8 split,23,17 - 32,US
disney-lorcana-challenge-toronto-final-standings-tournament-decks-1356,2024-08-24,Disney Lorcana Challenge: Toronto - Final Standings,961,more than 64,CA
saturday-toronto-set-5-side-event-tournament-decks-1355,2024-08-24,Saturday Toronto Set 5 Side Event,48,33 - 64,CA
red-saber-games-collectible-exchange-triple-case-tournament-tournament-decks-1354,2024-08-24,Red Saber Games / Collectible Exchange Triple Case Tournament,41,33 - 64,US
team-snuggly-duckling-invitational-8-24-tournament-decks-1353,2024-08-24,Team Snuggly Duckling Invitational 8/24,16,0 - 16,US
saturday-afternoon-lorcana-tournament-decks-1352,2024-08-24,Saturday Afternoon Lorcana,10,0 - 16,GB
lorcana-enchanted-turnier-dusseldorf-tournament-decks-1351,2024-08-24,Lorcana Enchanted Turnier - Düsseldorf,17,17 - 32,DE
triwizard-tournament-round-2-tournament-decks-1350,2024-08-24,Triwizard Tournament Round 2,11,0 - 16,US
lorcana-locals-tournament-decks-1349,2024-08-24,Lorcana Locals,8,0 - 16,GB
gamesmart-lorcana-tournament-tournament-decks-1358,2024-08-23,Gamesmart Lorcana Tournament,20,17 - 32,MX
segunda-fecha-shimmering-skies-tournament-decks-1345,2024-08-21,Segunda Fecha - Shimmering Skies,18,17 - 32,MX
gamer-s-heaven-lorcana-locals-tournament-decks-1347,2024-08-19,Gamer’s Heaven Lorcana Locals,13,0 - 16,US
sunday-lorcana-tournament-decks-1368,2024-08-18,Sunday Lorcana,20,17 - 32,GB
lorcana-shimmering-skies-case-tournament-tournament-decks-1342,2024-08-18,Lorcana Shimmering Skies Case Tournament,17,17 - 32,US
lorcana-1k-tournament-decks-1336,2024-08-18,Lorcana $1k+,47,33 - 64,US
catch-em-collectible-s-enchanted-tournament-tournament-decks-1334,2024-08-18,Catch Em' Collectible's Enchanted Tournament,17,17 - 32,US
keiken-league-j1-tournament-decks-1344,2024-08-17,Keiken League J1,14,0 - 16,ES
cerberus-den-challenge-promo-event-tournament-decks-1340,2024-08-17,Cerberus Den: Challenge PROMO Event,28,17 - 32,US
return-of-the-ursula-s-return-set-champs-2nd-chance-tournament-tournament-decks-1339,2024-08-17,Return of the Ursula's Return Set Champs 2nd Chance Tournament,15,0 - 16,US
ursula-s-return-set-championship-runback-tournament-decks-1333,2024-08-17,Ursula's Return Set Championship Runback,14,0 - 16,US
disney-lorcana-league-week-4-tournament-decks-1332,2024-08-17,Disney Lorcana League (Week 4),22,17 - 32,US
enchanted-summer-at-dragon-s-hoard-tournament-decks-1331,2024-08-17,Enchanted Summer at Dragon's Hoard,19,17 - 32,US
luxury-case-tournament-8-17-tournament-decks-1330,2024-08-17,Luxury Case Tournament 8.17,23,17 - 32,US
win-a-case-tournament-tournament-decks-1329,2024-08-17,Win a Case Tournament,19,17 - 32,US
lorcana-shimmering-skies-2-box-tournament-tournament-decks-1327,2024-08-17,Lorcana Shimmering Skies 2 Box Tournament,26,17 - 32,US
shimmering-skies-showdown-gamezenter-tournament-decks-1326,2024-08-17,Shimmering Skies Showdown @ Gamezenter,16,0 - 16,US
lorcana-league-tournament-decks-1325,2024-08-17,Lorcana League,17,17 - 32,US
lorcana-night-weekly-tournament-tournament-decks-1324,2024-08-16,Lorcana Night - Weekly Tournament,24,17 - 32,US
plenty-of-games-shimmering-skies-release-celebration-1k-tournament-decks-1323,2024-08-16,Plenty of Games Shimmering Skies Release Celebration $1K,29,17 - 32,AU
lorcana-locals-maitland-tournament-decks-1346,2024-08-15,Lorcana Locals - Maitland,24,17 - 32,US
mulligan-challenge-11-tournament-decks-1318,2024-08-15,Mulligan Challenge #11,32,33 - 64,FR
win-a-display-tournament-decks-1316,2024-08-15,Win a Display,16,0 - 16,PT
weekly-lorcana-at-ssg-tournament-decks-1317,2024-08-14,Weekly Lorcana at SSG,12,0 - 16,US
primera-fecha-shimmering-skies-tournament-decks-1315,2024-08-14,Primera Fecha - Shimmering Skies,16,0 - 16,MX
tuesday-night-locals-lorcana-tournament-decks-1313,2024-08-14,Tuesday Night Locals Lorcana,14,0 - 16,US
shimmering-skies-case-tournament-tournament-decks-1310,2024-08-11,Shimmering Skies Case Tournament,21,17 - 32,US
release-event-himmelsleuchten-tournament-decks-1309,2024-08-11,Release Event Himmelsleuchten,42,33 - 64,DE
desafio-guayacan-ursula-s-return-tournament-decks-1307,2024-08-10,Desafio Guayacan - Ursula's Return,17,17 - 32,CL
shimmering-skies-set-championship-tournament-decks-1543,2024-08-05,Shimmering Skies Set Championship,13,0 - 16,US
ttg-lorcana-ursula-s-return-case-tournament-tournament-decks-1304,2024-08-04,TTG Lorcana Ursula's Return Case Tournament,19,17 - 32,US
wheel-of-fortune-tournament-decks-1306,2024-08-03,Wheel of fortune,8,0 - 16,NL
final-ccf-ursula-s-return-constructed-tournament-decks-1305,2024-08-03,Finał CCF Ursula's Return Constructed,68,more than 64,PL
lorcana-european-challenge-bologna-2024-tournament-decks-1303,2024-08-03,Lorcana European Challenge Bologna 2024,1886,more than 64,IT
dragonct-lorcana-semanal-tournament-decks-1302,2024-08-03,DRAGONCT LORCANA SEMANAL,8,0 - 16,ES
ursula-s-return-championship-tournament-decks-1320,2024-07-28,Ursula's Return Championship,23,17 - 32,MX
the-mythic-store-ursula-s-return-store-championship-tournament-decks-1300,2024-07-28,The Mythic Store - Ursula's Return Store Championship,19,17 - 32,CA
ursulas-retourn-set-championship-tournament-decks-1295,2024-07-28,Ursula´s Retourn Set Championship,41,33 - 64,AT
ursula-s-return-championship-at-hollywood-movies-and-games-llc-clarksville-tournament-decks-1292,2024-07-28,Ursula's Return Championship at Hollywood Movies and Games LLC Clarksville,20,17 - 32,US
ursula-s-return-championship-tournament-decks-1290,2024-07-28,Ursula's Return Championship,31,17 - 32,US
ursula-s-return-championship-freaks-geeks-tournament-decks-1289,2024-07-28,Ursula's Return Championship - Freaks & Geeks!,38,33 - 64,US
wizard-s-loft-ursula-s-return-championship-tournament-decks-1288,2024-07-28,Wizard’s Loft - Ursula's Return Championship,24,17 - 32,US
top-choice-gaming-ursula-s-return-set-championships-tournament-decks-1287,2024-07-28,Top Choice Gaming Ursula's Return Set Championships,59,33 - 64,US
antre2jeu-set-championship-montpellier-tournament-decks-1284,2024-07-28,Antre2Jeu Set Championship (Montpellier),16,0 - 16,FR
ursula-s-return-championship-tournament-decks-1283,2024-07-28,Ursula's Return Championship,15,0 - 16,IT
ursula-set-championship-tournament-decks-1271,2024-07-28,Ursula set championship,22,17 - 32,NL
ursula-s-return-championship-tournament-decks-1298,2024-07-27,Ursula’s Return Championship,33,33 - 64,US
championnat-de-set-ursula-tournament-decks-1297,2024-07-27,Championnat de Set Ursula,46,33 - 64,FR
lorcana-ursula-s-return-championships-the-fantastic-store-tournament-decks-1294,2024-07-27,Lorcana Ursula’s Return Championships @ The Fantastic Store,19,17 - 32,US
ursula-s-return-championship-tournament-decks-1293,2024-07-27,Ursula's Return Championship!,12,0 - 16,US
ursula-s-return-set-championship-tournament-decks-1291,2024-07-27,Ursula's Return Set Championship,16,0 - 16,NL
le-pantheon-set-championship-ales-montpellier-tournament-decks-1285,2024-07-27,Le Pantheon Set Championship (Alès / Montpellier),35,33 - 64,FR
ursulas-ruckkehr-championship-tournament-decks-1282,2024-07-27,Ursulas Rückkehr Championship,39,33 - 64,DE
disney-lorcana-ursula-s-return-championship-tournament-decks-1281,2024-07-27,Disney Lorcana: Ursula's Return Championship,16,0 - 16,US
championnat-de-set-4-le-retour-d-ursula-tournament-decks-1274,2024-07-27,Championnat de set 4 Le retour d'Ursula,38,33 - 64,FR
lorcana-set-championship-tournament-decks-1270,2024-07-27,Lorcana Set Championship,20,17 - 32,US
ursula-s-return-championship-tournament-decks-1269,2024-07-27,Ursula's Return Championship,16,0 - 16,NL
saturday-disney-lorcana-2k-scg-con-baltimore-tournament-decks-1268,2024-07-27,Saturday Disney Lorcana $2K - SCG CON Baltimore,24,17 - 32,US
tier-1-games-ursula-s-return-set-championships-tournament-decks-1266,2024-07-27,Tier 1 Games Ursula's Return Set Championships,49,33 - 64,US
ursula-s-return-store-championship-tournament-decks-1264,2024-07-27,Ursula's Return Store Championship,22,17 - 32,US
ursula-s-return-championship-tournament-decks-1319,2024-07-21,Ursula's Return Championship,38,33 - 64,MX
game-empire-ursula-s-return-championship-tournament-decks-1272,2024-07-21,Game Empire Ursula's Return Championship,19,17 - 32,US
disney-lorcana-ursula-s-return-set-championship-tournament-decks-1261,2024-07-21,Disney Lorcana Ursula's Return Set Championship,23,17 - 32,US
top-side-gaming-s-ursula-s-return-set-championship-tournament-decks-1260,2024-07-21,Top-Side Gaming's Ursula's Return Set Championship,22,17 - 32,US
battle-bear-sb-ursulas-ruckkehr-set-championship-tournament-decks-1259,2024-07-21,Battle Bear SB Ursulas Rückkehr Set Championship,38,33 - 64,DE
championnat-de-set-4-le-retour-d-ursula-by-les-barons-tournament-decks-1257,2024-07-21,Championnat de set 4 : " Le Retour d'Ursula" By les Barons,34,33 - 64,FR
boutique-awesome-ursula-s-return-championship-tournament-decks-1256,2024-07-21,Boutique Awesome Ursula's Return Championship!,31,17 - 32,CA
baseball-and-games-ursula-s-return-store-championship-tournament-decks-1252,2024-07-21,Baseball and Games Ursula's Return Store Championship,29,17 - 32,US
etcg-s-ursula-s-return-store-championship-tournament-decks-1249,2024-07-21,ETCG's Ursula's Return Store Championship,22,17 - 32,US
ursula-set-championship-tournament-decks-1248,2024-07-21,Ursula Set Championship,30,17 - 32,FR
ursula-s-return-championship-tournament-decks-1245,2024-07-21,Ursula's Return Championship,14,0 - 16,IT
libertalia-ursula-s-return-championship-tournament-decks-1242,2024-07-21,Libertalia Ursula's Return Championship,37,33 - 64,ES
busby-s-lorcana-ursula-return-set-championship-tournament-decks-1240,2024-07-21,Busby's Lorcana Ursula Return Set Championship,32,33 - 64,US
tournoi-ursula-s-return-championship-disney-lorcana-levoyageurludiste-fungames-alsace-tournament-decks-1237,2024-07-21,Tournoi Ursula's Return Championship Disney Lorcana LeVoyageurLudiste Fungames (Alsace),26,17 - 32,FR
carab-storechampionship-tournament-decks-1236,2024-07-21,Carab Storechampionship,25,17 - 32,CH
ursula-set-championship-tournament-decks-1235,2024-07-21,Ursula Set championship,19,17 - 32,FR
championnat-de-set-ursula-21-07-2024-tournament-decks-1232,2024-07-21,Championnat de Set Ursula 21/07/2024,39,33 - 64,FR
disney-lorcana-challenge-fort-worth-final-standings-tournament-decks-1223,2024-07-21,Disney Lorcana Challenge: Fort Worth - Final Standings,1824,more than 64,US
three-for-one-ursula-s-return-championship-tournament-decks-1296,2024-07-20,Three For One - Ursula's Return Championship,49,33 - 64,DE
rsg-ursula-s-return-championship-tournament-decks-1279,2024-07-20,RSG - Ursula's Return Championship,57,33 - 64,US
disney-lorcana-ursula-s-return-championship-tournament-decks-1276,2024-07-20,Disney Lorcana Ursula's Return Championship,32,33 - 64,US
ursula-s-return-championship-tournament-decks-1273,2024-07-20,Ursula's Return Championship,11,0 - 16,US
ursula-s-return-championship-tournament-decks-1263,2024-07-20,Ursula’s Return Championship,23,17 - 32,US
ursula-s-return-set-champs-tournament-decks-1262,2024-07-20,Ursula's Return Set Champs,32,33 - 64,CA
lorcana-ursula-s-return-ravensburger-store-dresden-tournament-decks-1258,2024-07-20,Lorcana Ursula's Return - Ravensburger Store Dresden,26,17 - 32,DE
ursula-s-return-set-championship-tournament-decks-1250,2024-07-20,Ursula's Return Set Championship,14,0 - 16,BE
ursulas-ruckkehr-championship-tournament-decks-1247,2024-07-20,Ursulas Rückkehr Championship,13,0 - 16,DE
set-championship-tournament-decks-1246,2024-07-20,Set Championship,22,17 - 32,GB
ursula-s-return-set-championship-tournament-decks-1244,2024-07-20,Ursula's Return Set Championship,16,0 - 16,US
through-the-decades-ursula-s-return-championship-tournament-decks-1241,2024-07-20,Through the Decades Ursula's Return Championship,23,17 - 32,US
ursula-s-return-championship-tournament-decks-1238,2024-07-20,Ursula's Return Championship,29,17 - 32,PT
ursula-s-return-set-championship-tournament-decks-1233,2024-07-20,Ursula's Return Set Championship,19,17 - 32,US
ursula-s-return-au-chaudron-ludique-tournament-decks-1231,2024-07-20,Ursula's Return au Chaudron Ludique,19,17 - 32,FR
ursula-s-return-set-championship-tournament-decks-1230,2024-07-20,Ursula's Return Set Championship,22,17 - 32,US
ursula-s-return-championship-tournament-decks-1229,2024-07-20,Ursula's Return Championship,20,17 - 32,ES
atlantis-hobby-s-lorcana-ursula-s-return-store-championship-tournament-decks-1228,2024-07-20,Atlantis Hobby's Lorcana Ursula's Return Store Championship,22,17 - 32,US
spieldurst-ursulas-ruckkehr-setmeisterschaft-tournament-decks-1227,2024-07-20,Spieldurst - Ursulas Rückkehr-Setmeisterschaft,23,17 - 32,DE
cartapapa-set-championship-montpellier-tournament-decks-1224,2024-07-20,Cartapapa Set Championship (Montpellier),32,33 - 64,FR
mox-boarding-house-bellevue-set-championship-tournament-decks-1221,2024-07-20,Mox Boarding House Bellevue Set Championship,49,33 - 64,US
ursula-s-return-set-championship-tournament-decks-1219,2024-07-20,Ursula’s Return Set Championship,20,17 - 32,CA
hideout-store-championship-tournament-decks-1216,2024-07-20,Hideout Store Championship,31,17 - 32,SG
keepseven-disney-lorcana-ursula-set-championship-2-tournament-decks-1194,2024-07-17,KeepSeven | Disney Lorcana - Ursula Set Championship - 2,38,33 - 64,DE
jaku-toys-ursula-s-return-set-championship-tournament-decks-1243,2024-07-14,Jaku Toys Ursula's Return Set Championship,32,33 - 64,IT
ursula-s-return-championship-x-rwt-tournament-decks-1226,2024-07-14,Ursula's Return Championship x RWT,26,17 - 32,US
disney-lorcana-ursula-s-return-championship-tournament-decks-1212,2024-07-14,Disney Lorcana Ursula's Return Championship,36,33 - 64,US
game-nite-ursula-s-return-set-championship-tournament-decks-1208,2024-07-14,Game Nite Ursula's Return Set Championship,39,33 - 64,US
ursula-s-return-championship-coliseum-of-comics-lakeland-tournament-decks-1207,2024-07-14,Ursula's Return Championship Coliseum of Comics Lakeland,32,33 - 64,US
ursula-s-return-set-championship-tournament-decks-1206,2024-07-14,Ursula's Return Set Championship,18,17 - 32,US
ursula-s-return-set-championship-tournament-decks-1201,2024-07-14,Ursula's Return Set Championship!,48,33 - 64,US
ursula-s-return-championship-tournament-decks-1199,2024-07-14,Ursula's Return Championship,20,17 - 32,NL
the-nerd-place-ursulas-store-championship-tournament-decks-1198,2024-07-14,The Nerd Place URSULAS STORE CHAMPIONSHIP!,25,17 - 32,US
ursala-s-return-store-championship-tournament-decks-1197,2024-07-14,Ursala's Return Store Championship,25,17 - 32,US
championnat-de-set-4-le-retour-d-ursula-tournament-decks-1196,2024-07-14,Championnat de set 4 : Le Retour d'Ursula,42,33 - 64,FR
ursula-s-return-championship-metropolis-center-tournament-decks-1189,2024-07-14,Ursula’s Return Championship - Metrópolis Center,64,more than 64,ES
ursula-s-return-set-championship-tournament-decks-1188,2024-07-14,Ursula's Return Set Championship,37,33 - 64,US
battle-bear-kl-disney-lorcana-ursulas-ruckkehr-set-championship-tournament-decks-1185,2024-07-14,Battle-Bear KL Disney Lorcana | Ursulas Rückkehr Set Championship,31,17 - 32,DE
ursula-s-return-tournament-decks-1184,2024-07-14,Ursula's Return,14,0 - 16,US
ursula-s-return-set-championship-tournament-decks-1183,2024-07-14,Ursula's Return Set Championship,26,17 - 32,US
ursula-s-return-championship-tournament-decks-1181,2024-07-14,Ursula’s Return Championship,32,33 - 64,US
ursula-set-champs-tournament-decks-1180,2024-07-14,Ursula Set Champs,32,33 - 64,US
ursula-s-return-set-championship-tournament-decks-1179,2024-07-14,Ursula's Return Set Championship,30,17 - 32,US
drewbees-collectables-set-championship-ursula-s-return-tournament-decks-1178,2024-07-14,Drewbees Collectables Set Championship Ursula's Return,18,17 - 32,US
ursula-sea-witch-queen-party-ursula-s-return-championship-tournament-decks-1174,2024-07-14,Ursula Sea Witch Queen Party - Ursula's Return Championship,18,17 - 32,IT
dragonct-ursula-s-return-championship-tournament-decks-1169,2024-07-14,DRAGONCT Ursula's return Championship,38,33 - 64,ES
championnat-de-set-le-retour-d-ursula-playin-rivoli-tournament-decks-1164,2024-07-14,Championnat de set Le Retour D'Ursula - Playin Rivoli,22,17 - 32,FR
set-championship-tournament-decks-1161,2024-07-14,Set Championship,46,33 - 64,US
lorcana-ursula-s-championship-tournament-decks-1299,2024-07-13,Lorcana Ursula's Championship,25,17 - 32,IT
7-13-lorcana-ursula-s-return-championship-tournament-decks-1280,2024-07-13,7/13 Lorcana: Ursula’s Return Championship,21,17 - 32,US
ursula-s-return-championship-tournament-decks-1278,2024-07-13,Ursula’s Return Championship,21,17 - 32,US
lorcana-ursula-s-return-championship-tournament-decks-1277,2024-07-13,Lorcana Ursula's Return Championship,19,17 - 32,US
ursula-s-return-championship-tournament-decks-1275,2024-07-13,Ursula's Return Championship,29,17 - 32,US
championnat-de-set-4-le-retour-d-ursula-le-vrai-tournament-decks-1215,2024-07-13,Championnat de set 4 ; Le Retour d'Ursula le vrai,36,33 - 64,FR
gkg-ursula-s-return-championship-tournament-decks-1213,2024-07-13,GKG Ursula's Return Championship,29,17 - 32,US
ursula-s-return-store-championship-tournament-decks-1211,2024-07-13,Ursula's Return Store Championship,32,33 - 64,ES
galactus-tiburtina-roma-ursula-s-return-set-championship-tournament-decks-1209,2024-07-13,Galactus Tiburtina Roma Ursula's Return Set Championship,49,33 - 64,IT
championnat-de-set-le-retour-d-ursula-tournament-decks-1202,2024-07-13,Championnat de set Le Retour d'Ursula,19,17 - 32,FR
ursula-s-return-championship-tournament-decks-1200,2024-07-13,Ursula's Return Championship!,16,0 - 16,GB
keepseven-disney-lorcana-ursula-set-championship-tournament-decks-1193,2024-07-13,KeepSeven | Disney Lorcana - Ursula Set Championship,40,33 - 64,DE
ursula-s-return-set-championship-tournament-decks-1192,2024-07-13,Ursula's Return Set Championship,29,17 - 32,US
set-champs-tournament-decks-1191,2024-07-13,Set Champs,8,0 - 16,GB
ursula-s-return-set-championship-tournament-decks-1182,2024-07-13,Ursula's Return Set Championship,19,17 - 32,US
arche-tellus-ursula-s-return-set-championship-tournament-decks-1177,2024-07-13,Arche Tellus Ursula's Return Set Championship,28,17 - 32,US
ursula-s-return-set-championship-tournament-decks-1176,2024-07-13,Ursula's Return Set Championship,32,33 - 64,US
championnat-de-set-le-retour-d-ursula-tournament-decks-1175,2024-07-13,Championnat de set LE RETOUR D'URSULA,38,33 - 64,FR
ursulas-ruckkehr-meisterschaft-im-jupet-tournament-decks-1173,2024-07-13,Ursulas Rückkehr Meisterschaft im JuPet,16,0 - 16,DE
disney-lorcana-ursula-s-return-championship-tournament-decks-1172,2024-07-13,Disney Lorcana: Ursula's Return Championship,68,more than 64,DE
ursula-s-return-championship-itaca-tournament-decks-1171,2024-07-13,Ursula’s Return Championship - Itaca,33,33 - 64,ES
disney-lorcana-ursula-s-return-store-championship-tournament-decks-1170,2024-07-13,Disney Lorcana Ursula's Return Store Championship,16,0 - 16,GB
ursula-s-return-championship-tournament-decks-1168,2024-07-13,Ursula’s Return Championship,32,33 - 64,ES
ursula-s-return-championship-tournament-decks-1167,2024-07-13,Ursula’s Return Championship,22,17 - 32,ES
ursula-s-return-championship-tournament-decks-1166,2024-07-13,Ursula’s Return Championship,30,17 - 32,CA
dracarys-juegos-ursula-s-return-championship-tournament-decks-1165,2024-07-13,Dracarys juegos Ursula’s Return Championship,19,17 - 32,ES
lorcana-championship-ursula-s-tournament-decks-1163,2024-07-13,Lorcana Championship Ursula's,20,17 - 32,US
mez-comics-games-ursula-s-return-championship-tournament-decks-1162,2024-07-13,Mez Comics & Games Ursula's Return Championship,29,17 - 32,US
maitre-renard-set-championship-montpellier-tournament-decks-1160,2024-07-13,Maitre Renard Set Championship (Montpellier),32,33 - 64,FR
ursula-s-return-set-championship-tournament-decks-1158,2024-07-13,Ursula's Return Set Championship,30,17 - 32,US
ignition-sports-cards-ursula-s-return-championship-tournament-decks-1157,2024-07-13,Ignition Sports Cards Ursula's Return Championship,16,0 - 16,US
lorcana-ursula-s-return-store-championship-tournament-decks-1156,2024-07-13,Lorcana Ursula's Return Store Championship,22,17 - 32,US
derby-comics-ursula-s-return-championship-tournament-decks-1155,2024-07-13,Derby Comics Ursula's Return Championship,18,17 - 32,US
ursula-s-return-store-championship-tournament-decks-1154,2024-07-13,Ursula's Return Store Championship,30,17 - 32,US
ursula-s-return-set-championships-tournament-decks-1153,2024-07-13,Ursula’s Return Set Championships,24,17 - 32,US
mulligan-challenge-09-tournament-decks-1137,2024-07-11,Mulligan Challenge #09,32,33 - 64,FR
la-civetta-ludo-pub-local-tournament-tournament-decks-1138,2024-07-10,La Civetta Ludo Pub Local Tournament,16,0 - 16,IT
il-laboratorio-roma-win-a-box-bo3-local-tournament-tournament-decks-1128,2024-07-10,Il Laboratorio Roma Win a Box BO3 Local Tournament,20,17 - 32,IT
ursula-s-return-store-championship-tournament-decks-1220,2024-07-07,Ursula's Return Store Championship,29,17 - 32,US
il-covo-del-nerd-roma-ursula-s-return-set-championship-tournament-decks-1203,2024-07-07,Il Covo Del Nerd Roma Ursula's Return Set Championship,40,33 - 64,IT
championnat-de-set-le-retour-d-ursula-pont-o-secret-tournament-decks-1190,2024-07-07,Championnat de Set - Le Retour d'Ursula - Pont'O Secret,24,17 - 32,FR
hpw-ursula-championships-tournament-decks-1149,2024-07-07,HPW - Ursula Championships,24,17 - 32,CA
disney-lorcana-ursula-s-return-championship-tournament-gmi-games-tournament-decks-1147,2024-07-07,Disney Lorcana Ursula’s Return Championship Tournament @ GMI Games,32,33 - 64,US
championnat-de-set-4-le-retour-d-ursula-tournament-decks-1141,2024-07-07,Championnat de set 4 - Le Retour d'Ursula,14,0 - 16,FR
championship-sfriki-tournament-decks-1140,2024-07-07,Championship SFriki,20,17 - 32,ES
set-champs-tournament-decks-1136,2024-07-07,Set Champs,40,33 - 64,US
lorcana-ursula-s-return-championship-tournament-decks-1130,2024-07-07,Lorcana Ursula's Return Championship,20,17 - 32,US
set-champs-tournament-decks-1129,2024-07-07,Set Champs,,more than 64,US
ursula-s-return-championship-jupiter-madrid-norte-tournament-decks-1126,2024-07-07,Ursula’s Return Championship Jupiter Madrid Norte.,55,33 - 64,ES
ursula-s-return-championship-eclectic-games-tournament-decks-1119,2024-07-07,Ursula's Return Championship - eclectic games,33,33 - 64,GB
ursula-s-revenge-set-championships-tournament-decks-1118,2024-07-07,Ursula's Revenge Set Championships,37,33 - 64,US
ppg-ursula-s-return-championship-tournament-decks-1117,2024-07-07,PPG Ursula’s Return Championship,48,33 - 64,US
championnat-de-set-4-le-retour-d-ursula-tournament-decks-1116,2024-07-07,Championnat de set 4 ; Le Retour d'Ursula,32,33 - 64,FR
chupacabra-games-ursula-s-return-championship-tournament-decks-1112,2024-07-07,Chupacabra Games Ursula’s Return Championship,42,33 - 64,US
lud-m-set-championship-montpellier-tournament-decks-1103,2024-07-07,Lud'm Set Championship (Montpellier),22,17 - 32,FR
ursula-s-return-championship-tournament-decks-1098,2024-07-07,Ursula’s Return Championship,40,33 - 64,US
critical-hit-gaming-lounge-ursula-s-return-championship-tournament-decks-1096,2024-07-07,Critical Hit Gaming Lounge - Ursula's Return Championship,39,33 - 64,US
gamezenter-ursula-s-return-set-championship-tournament-decks-1092,2024-07-07,GameZenter Ursula's Return Set Championship,43,33 - 64,US
weekend-anime-s-ursula-s-return-championship-tournament-decks-1089,2024-07-07,Weekend Anime's Ursula's Return Championship,30,17 - 32,US
championnat-de-set-4-le-retour-d-ursula-takajouer-tournament-decks-1088,2024-07-07,Championnat de set 4 ; Le Retour d'Ursula takajouer,24,17 - 32,FR
lorcana-european-challenge-bochum-2024-sunday-tournament-decks-1086,2024-07-07,Lorcana European Challenge Bochum 2024 - Sunday,1920,more than 64,DE
lorcana-store-championship-firestorm-bridgend-tournament-decks-1148,2024-07-06,Lorcana store championship firestorm Bridgend,17,17 - 32,GB
lorcana-ursula-s-return-store-championship-tournament-decks-1145,2024-07-06,Lorcana - Ursula's Return Store Championship,26,17 - 32,US
gear-bentonville-ursula-s-return-store-championship-tournament-decks-1144,2024-07-06,Gear Bentonville - Ursula's Return Store Championship,24,17 - 32,US
lorcana-ursulas-return-championship-tournament-decks-1143,2024-07-06,Lorcana Ursulas return Championship,20,17 - 32,GB
ursala-s-return-set-championship-tournament-decks-1142,2024-07-06,Ursala's Return Set Championship,28,17 - 32,US
ursula-s-return-champs-tournament-decks-1139,2024-07-06,Ursula’s Return Champs,11,0 - 16,US
lorcana-ursulas-return-championship-tournament-decks-1131,2024-07-06,Lorcana Ursulas Return Championship,17,17 - 32,US
championnat-de-set-4-le-retour-d-ursula-tournament-decks-1127,2024-07-06,Championnat de Set 4 - Le Retour d'Ursula,23,17 - 32,FR
ursula-s-return-championship-06-07-2024-tournament-decks-1125,2024-07-06,Ursula’s Return Championship 06.07.2024,29,17 - 32,MX
torneig-ursula-s-return-championship-tournament-decks-1123,2024-07-06,Torneig Ursula’s Return Championship,27,17 - 32,ES
ursula-s-return-set-championship-tournament-decks-1122,2024-07-06,Ursula's Return Set Championship,32,33 - 64,US
vaughan-events-ursula-s-return-championships-tournament-decks-1115,2024-07-06,Vaughan Events - Ursula's Return Championships!,28,17 - 32,US
ursusa-s-return-championship-tournament-decks-1114,2024-07-06,Ursusa's Return Championship,32,33 - 64,US
ursula-s-return-store-championship-tournament-decks-1113,2024-07-06,Ursula's Return Store Championship,62,33 - 64,US
ursulas-return-championship-tournament-decks-1111,2024-07-06,Ursula´s return Championship,61,33 - 64,ES
championnat-de-set-parkage-vitrolles-tournament-decks-1110,2024-07-06,Championnat de set PARKAGE Vitrolles,47,33 - 64,FR
ursula-s-return-championship-el-bastion-del-sur-tournament-decks-1109,2024-07-06,Ursula’s Return Championship El Bastión Del Sur,18,17 - 32,ES
ursula-s-return-set-championship-tournament-decks-1105,2024-07-06,Ursula's Return Set Championship,35,33 - 64,US
wildfire-ursula-s-return-set-championship-bo2-tournament-decks-1102,2024-07-06,Wildfire Ursula's Return Set Championship BO2,47,33 - 64,IT
ursula-s-return-store-championship-tournament-decks-1101,2024-07-06,Ursula's Return Store Championship,34,33 - 64,US
ursula-s-return-set-championship-tournament-decks-1099,2024-07-06,Ursula's Return Set Championship,22,17 - 32,US
ursula-s-return-championship-tournament-tournament-decks-1097,2024-07-06,Ursula's Return Championship Tournament,22,17 - 32,US
lorcana-european-challenge-bochum-2024-saturday-tournament-decks-1095,2024-07-06,Lorcana European Challenge Bochum 2024 - Saturday,946,more than 64,DE
game-grid-lehi-ursula-s-return-store-championship-tournament-decks-1094,2024-07-06,Game Grid Lehi - Ursula’s Return Store Championship,42,33 - 64,US
comic-book-world-ursula-s-return-championship-tournament-decks-1093,2024-07-06,Comic Book World Ursula's Return Championship,12,0 - 16,US
geek-retreat-bedford-tournament-decks-1090,2024-07-06,Geek Retreat Bedford,32,33 - 64,GB
ursula-store-championship-tournament-decks-1087,2024-07-06,Ursula Store Championship,19,17 - 32,US
ursula-s-return-championship-zentral-games-tournament-decks-1085,2024-07-06,Ursula's Return Championship - Zentral Games,19,17 - 32,ES
ursula-s-return-championships-at-keystone-cards-games-tournament-decks-1084,2024-07-06,Ursula's Return Championships at Keystone Cards & Games,14,0 - 16,US
uncanny-ursula-s-return-championship-tournament-decks-1083,2024-07-06,Uncanny Ursula's Return Championship,32,33 - 64,US
ursulas-return-store-championship-tournament-decks-1082,2024-07-06,Ursulas Return Store Championship,16,0 - 16,GB
ursula-s-return-championship-tournament-decks-1081,2024-07-06,Ursula’s Return Championship,56,33 - 64,US
ursula-s-return-championship-tournament-decks-1080,2024-07-06,Ursula's Return Championship,18,17 - 32,PT
ursula-s-return-set-championship-tournament-decks-1079,2024-07-06,Ursula’s Return Set Championship,16,0 - 16,US
chaos-games-and-more-ursula-s-return-championship-tournament-decks-1078,2024-07-06,Chaos Games and More Ursula's Return Championship,25,17 - 32,US
set-championship-ursula-s-return-tournament-decks-1077,2024-07-06,Set Championship Ursula's Return,25,17 - 32,US
ursula-s-return-championship-tournament-decks-1076,2024-07-06,Ursula's Return Championship,22,17 - 32,US
ursula-s-return-store-championship-tournament-decks-1075,2024-07-06,Ursula's Return Store Championship,28,17 - 32,US
ursula-s-return-championship-at-underworld-cards-games-tournament-decks-1074,2024-07-06,Ursula’s Return Championship at Underworld Cards & Games,22,17 - 32,US
ursula-s-return-championship-tournament-decks-1073,2024-07-06,Ursula's Return Championship,56,33 - 64,US
championnat-de-set-4-le-retour-d-ursula-tournament-decks-1072,2024-07-06,Championnat de set 4 ; Le Retour d'Ursula,16,0 - 16,FR
comic-book-world-ursula-s-return-championship-tournament-decks-1071,2024-07-06,Comic Book World Ursula’s Return Championship,12,0 - 16,US
ursula-s-return-championship-over-the-brick-tournament-decks-1070,2024-07-06,Ursula's Return Championship @ Over the Brick,37,33 - 64,US
zander-s-ursula-returns-championship-tournament-decks-1064,2024-07-06,Zander's Ursula Returns Championship,61,33 - 64,US
il-laboratorio-bo3-local-tournament-tournament-decks-1067,2024-07-05,Il Laboratorio BO3 Local Tournament,8,0 - 16,IT
lorcana-european-challenge-bochum-2024-friday-tournament-decks-1066,2024-07-05,Lorcana European Challenge Bochum 2024 - Friday,960,more than 64,DE
il-laboratorio-giochi-roma-bo3-local-tournament-tournament-decks-1059,2024-07-03,Il Laboratorio Giochi Roma BO3 Local Tournament,16,0 - 16,IT
il-covo-del-nerd-roma-win-a-summer-league-ticket-tournament-decks-1063,2024-06-30,Il Covo Del Nerd Roma "WIN A SUMMER LEAGUE TICKET",26,17 - 32,IT
tournoi-lorcana-80-joueurs-et-plus-castres-tournament-decks-1053,2024-06-30,Tournoi Lorcana 80 joueurs et Plus Castres,88,more than 64,FR
psa-10-enchanted-elsa-tournament-tournament-decks-1052,2024-06-30,PSA 10 Enchanted Elsa Tournament,25,17 - 32,US
tier-1-games-2-5k-tournament-decks-1047,2024-06-30,Tier 1 Games 2.5k,35,33 - 64,US
1-000-in-prizes-guaranteed-enchanteds-and-challenge-promos-tournament-decks-1046,2024-06-30,$1000 in Prizes GUARANTEED - Enchanteds and Challenge Promos,48,33 - 64,US
tournoi-construit-64-joueurs-tournament-decks-1045,2024-06-30,Tournoi Construit 64 Joueurs,48,33 - 64,FR
tap-n-roll-lorcana-1k-tournament-decks-1044,2024-06-30,Tap N Roll Lorcana 1K,27,17 - 32,US
no-limit-gaming-lorcana-2k-tournament-tournament-decks-1051,2024-06-29,No Limit Gaming - Lorcana 2K Tournament,55,33 - 64,US
strategia-tattica-roma-bo2-local-tournament-tournament-decks-1050,2024-06-29,Strategia & Tattica Roma BO2 Local Tournament,9,0 - 16,IT
lore-match-the-first-of-its-name-tournament-decks-1048,2024-06-29,Lore Match - The First of its Name,15,0 - 16,ON
decks-dice-lorcana-1k-tournament-decks-1043,2024-06-29,Decks & Dice Lorcana 1k,38,33 - 64,US
atomic-gaming-enchanted-tinker-bell-playmat-tournament-tournament-decks-1042,2024-06-29,Atomic Gaming Enchanted Tinker Bell & Playmat Tournament,29,17 - 32,US
game-kastle-1k-tournament-decks-1041,2024-06-29,Game Kastle $1k,40,33 - 64,US
case-tournament-too-many-games-greater-philadelphia-expo-tournament-decks-1040,2024-06-29,Case Tournament @ Too Many Games (Greater Philadelphia Expo),8,0 - 16,US
win-a-case-fire-dice-tournament-decks-1039,2024-06-29,Win-A-Case @ Fire & Dice,18,17 - 32,US
enchanted-tournament-gsg-tournament-decks-1038,2024-06-29,Enchanted Tournament @GSG,32,33 - 64,US
lorcana-weekly-league-tournament-decks-1056,2024-06-28,Lorcana Weekly League,20,17 - 32,US
il-laboratorio-bo3-win-a-box-local-tournament-tournament-decks-1049,2024-06-28,Il Laboratorio BO3 Win a Box Local Tournament,12,0 - 16,IT
ursula-s-return-media-set-championships-tournament-decks-1035,2024-06-28,Ursula's Return Media Set Championships,,more than 64,GB
mulligan-challenge-08-tournament-decks-1054,2024-06-27,Mulligan Challenge #08,29,17 - 32,FR
il-laboratorio-giochi-roma-bo3-local-tournament-tournament-decks-1033,2024-06-26,Il Laboratorio Giochi Roma BO3 Local Tournament,12,0 - 16,IT
galactus-tiburtina-bo2-local-tournament-roma-tournament-decks-1028,2024-06-25,Galactus Tiburtina BO2 Local Tournament Roma,12,0 - 16,IT
strategia-tattica-bo2-local-tournament-roma-tournament-decks-1024,2024-06-23,Strategia & Tattica BO2 Local Tournament Roma,23,17 - 32,IT
ccs-2k-tournament-decks-1019,2024-06-23,CCS $2k,68,more than 64,US
relic-tour-sud-est-lore-quest-lorcana-dimanche-tournament-decks-1015,2024-06-23,Relic Tour Sud Est - Lore Quest Lorcana (Dimanche),85,more than 64,FR
zap-palaiseau-realmbreaker-3-tournament-decks-1013,2024-06-23,ZAP Palaiseau Realmbreaker 3,108,more than 64,FR
arche-tellus-lorcana-1k-june-2024-tournament-decks-1022,2024-06-22,Arche Tellus Lorcana 1K June 2024,32,33 - 64,US
win-an-enchanted-elsa-event-tournament-decks-1018,2024-06-22,Win an Enchanted Elsa Event,51,33 - 64,US
lorcana-1k-constructed-at-clockwork-games-events-tournament-decks-1014,2024-06-22,Lorcana 1k Constructed at Clockwork Games & Events,37,33 - 64,US
lorcana-2k-origins-game-fair-tournament-decks-1012,2024-06-22,Lorcana 2k Origins Game Fair,42,33 - 64,US
the-goat-capre-e-principesse-2024-volume-ii-tournament-decks-1011,2024-06-22,The Goat - Capre e Principesse 2024 - Volume II,98,more than 64,IT
win-an-enchanted-elsa-event-tournament-decks-1010,2024-06-22,Win an Enchanted Elsa Event,51,33 - 64,US
ccs-10k-final-standings-tournament-decks-1009,2024-06-22,CCS $10k - Final Standings,153,more than 64,US
road-to-lorcana-4-saison-4-tournament-decks-1029,2024-06-21,Road to Lorcana 4 - Saison 4,13,0 - 16,FR
il-laboratorio-win-a-box-bo3-local-tournament-roma-tournament-decks-1023,2024-06-21,Il Laboratorio WIN A BOX BO3 Local Tournament Roma,17,17 - 32,IT
horizon-zero-to-hero-00-tournament-decks-1004,2024-06-21,Horizon Zero to Hero #00,8,0 - 16,IT
il-laboratorio-win-a-box-bo3-local-tournament-tournament-decks-1002,2024-06-19,Il Laboratorio Win a Box BO3 Local Tournament,16,0 - 16,IT
il-covo-del-nerd-roma-bo3-local-tournament-tournament-decks-1057,2024-06-18,Il Covo Del Nerd Roma BO3 Local Tournament,15,0 - 16,IT
galactus-tiburtina-bo2-local-tournament-win-a-box-tournament-decks-998,2024-06-18,Galactus Tiburtina BO2 Local Tournament Win a Box,15,0 - 16,IT
road-to-lorcana-3-saison-4-tournament-decks-991,2024-06-17,Road to Lorcana 3 - Saison 4,12,0 - 16,FR
il-covo-del-nerd-roma-bo3-local-tournament-tournament-decks-1030,2024-06-16,Il Covo Del Nerd Roma BO3 Local Tournament,21,17 - 32,IT
the-mythic-store-circuit-des-princesses-tournament-decks-999,2024-06-16,The Mythic Store - Circuit des Princesses,21,17 - 32,CA
le-grand-illuminarium-tournament-decks-992,2024-06-16,Le Grand Illuminarium,64,more than 64,FR
display-turnier-zuris-shop-wuppertal-tournament-decks-995,2024-06-15,Display Turnier Zuris Shop Wuppertal,26,17 - 32,DE
game-corps-western-pa-1k-tournament-decks-993,2024-06-15,Game Corps Western PA 1K,17,17 - 32,US
600-cash-tournament-tournament-decks-989,2024-06-15,$600 Cash Tournament,23,17 - 32,US
goupiya-win-a-box-tournament-decks-987,2024-06-15,Goupiya Win-A-Box,32,33 - 64,FR
il-covo-del-nerd-roma-bo3-local-tournament-tournament-decks-1007,2024-06-14,Il Covo Del Nerd Roma BO3 Local Tournament,27,17 - 32,IT
mulligan-challenge-07-tournament-decks-982,2024-06-13,Mulligan Challenge #07,94,more than 64,FR
lli-season-3-tappa-2-legends-tournament-decks-997,2024-06-12,LLI Season 3 Tappa 2 - Legends,10,0 - 16,IT
lli-season-3-tappa-2-rivals-tournament-decks-996,2024-06-12,LLI Season 3 Tappa 2 - Rivals,10,0 - 16,IT
il-laboratorio-win-a-trove-bo3-local-tournament-roma-tournament-decks-985,2024-06-12,Il Laboratorio "Win a Trove" BO3 Local Tournament Roma,14,0 - 16,IT
manticxre-s-tavern-online-series-weekly-18-tournament-decks-978,2024-06-12,Manticxre's Tavern Online Series Weekly #18,22,17 - 32,ON
mishi-monday-tournament-decks-971,2024-06-11,Mishi Monday,33,33 - 64,ON
shimmering-skies-set-championship-tournament-decks-1604,2024-06-10,Shimmering Skies Set Championship,38,33 - 64,GB
lli-season-3-tappa-1-rivals-tournament-decks-974,2024-06-10,LLI Season 3 - Tappa 1 - Rivals,15,0 - 16,IT
lli-season-3-tappa-1-legends-tournament-decks-973,2024-06-10,LLI Season 3 - Tappa 1 - Legends,16,0 - 16,IT
kids-lorcana-case-tournament-tournament-decks-967,2024-06-10,Kids Lorcana Case Tournament,20,17 - 32,US
il-covo-del-nerd-bo2-local-tournament-tournament-decks-994,2024-06-09,Il Covo Del Nerd BO2 Local Tournament,11,0 - 16,IT
disney-lorcana-sunday-1k-tournament-decks-966,2024-06-09,Disney Lorcana Sunday $1K,23,17 - 32,US
chi-sun-1-constructed-challenge-tournament-decks-962,2024-06-09,CHI Sun 1 Constructed Challenge,133,more than 64,US
disney-lorcana-challenge-chicago-tournament-decks-960,2024-06-09,Disney Lorcana Challenge Chicago,967,more than 64,US
colosseum-higitus-figitus-1-tournament-decks-983,2024-06-08,Colosseum Higitus Figitus #1,36,33 - 64,IT
win-a-first-chapter-booster-display-tournament-decks-968,2024-06-08,Win a first chapter booster display,20,17 - 32,BE
disney-lorcana-5k-tournament-decks-961,2024-06-08,Disney Lorcana $5K,64,more than 64,US
mishi-monday-on-friday-tournament-decks-957,2024-06-08,Mishi Monday on Friday!,11,0 - 16,ON
il-covo-del-nerd-bo3-local-tournament-tournament-decks-988,2024-06-07,Il Covo Del Nerd BO3 Local Tournament,13,0 - 16,IT
disney-lorcana-friday-1k-tournament-decks-965,2024-06-07,Disney Lorcana Friday $1K,35,33 - 64,US
tournoi-disney-lorcana-levoyageurludiste-fungames-alsace-tournament-decks-964,2024-06-07,Tournoi Disney Lorcana LeVoyageurLudiste Fungames (Alsace),26,17 - 32,FR
mishi-monday-on-thursday-tournament-decks-954,2024-06-07,Mishi Monday on Thursday,16,0 - 16,ON
manticxre-s-tavern-major-5-tournament-decks-956,2024-06-05,Manticxre's Tavern Major #5,19,17 - 32,ON
il-laboratorio-win-a-trove-bo3-local-tournament-tournament-decks-953,2024-06-05,Il Laboratorio Win a Trove BO3 Local Tournament,13,0 - 16,IT
galactus-tiburtina-local-tournament-bo2-win-2-box-tournament-decks-952,2024-06-04,Galactus Tiburtina Local Tournament BO2 Win 2 Box,25,17 - 32,IT
mishi-monday-tournament-decks-945,2024-06-04,Mishi Monday,46,33 - 64,ON
torneo-win-3-x-boxes-tournament-decks-977,2024-06-02,Torneo Win 3 x Boxes,29,17 - 32,IT
ope-uk-games-expo-sunday-tournament-decks-950,2024-06-02,OPE UK Games Expo Sunday,64,more than 64,GB
10-000-ursula-s-return-final-standings-tournament-decks-938,2024-06-02,$10000 Ursula's Return - Final Standings,286,more than 64,ON
dreamhack-dallas-lorcana-1k-core-tournament-decks-934,2024-06-02,DreamHack Dallas Lorcana 1k Core,24,17 - 32,US
ope-uk-games-expo-saturday-tournament-decks-948,2024-06-01,OPE UK Games Expo Saturday,61,33 - 64,GB
ursula-s-return-triple-case-tournament-tournament-decks-947,2024-06-01,Ursula's Return Triple Case Tournament,43,33 - 64,US
belgium-tcg-tournament-decks-942,2024-06-01,Belgium TCG,128,more than 64,BE
wizards-of-the-north-lorcana-1-5k-tournament-decks-939,2024-06-01,Wizards Of The North Lorcana 1.5K,32,33 - 64,CA
win-a-case-tournament-tournament-decks-936,2024-06-01,Win-a-case Tournament,,more than 64,CA
win-a-case-tournament-tournament-decks-933,2024-06-01,Win a Case Tournament,26,17 - 32,US
lorcana-day-4-tournament-decks-932,2024-06-01,Lorcana Day 4,128,more than 64,FR
hideout-store-championship-unofficial-tournament-decks-930,2024-06-01,Hideout Store Championship (Unofficial),30,17 - 32,SG
ope-uk-games-expo-friday-tournament-decks-935,2024-05-31,OPE UK Games Expo Friday,64,more than 64,GB
mulligan-challenge-06-tournament-decks-943,2024-05-30,Mulligan Challenge #06,64,more than 64,FR
manticxre-s-tavern-online-series-weekly-17-tournament-decks-922,2024-05-30,Manticxre's Tavern Online Series Weekly #17,19,17 - 32,ON
saison-4-t1j2-tournament-decks-921,2024-05-29,Saison 4 T1J2,24,17 - 32,FR
mishi-monday-tournament-decks-913,2024-05-28,Mishi Monday,41,33 - 64,ON
lorcana-tournament-tournament-decks-925,2024-05-26,Lorcana Tournament,10,0 - 16,US
lorcana-european-challenge-lille-2024-tournament-decks-912,2024-05-26,Lorcana European Challenge Lille 2024,2047,more than 64,FR
disney-lorcana-challenge-atlanta-final-standings-tournament-decks-911,2024-05-26,Disney Lorcana Challenge Atlanta FInal Standings,1990,more than 64,US
vesak-day-championship-warm-up-tournament-decks-905,2024-05-22,Vesak Day Championship Warm-up,22,17 - 32,SG
mishi-monday-tournament-decks-902,2024-05-21,Mishi Monday,41,33 - 64,ON
ursula-s-return-case-tournament-tournament-decks-896,2024-05-19,Ursula's Return Case Tournament,21,17 - 32,US
battle-bear-ursulas-ruckkehr-tournament-decks-894,2024-05-19,Battle-Bear Ursulas Rückkehr,48,33 - 64,DE
spring-league-tournament-decks-899,2024-05-18,Spring League,140,more than 64,IT
ursula-s-return-2-case-1k-tournament-decks-898,2024-05-18,Ursula's Return 2 case 1k,23,17 - 32,US
lorcana-1k-tournament-decks-895,2024-05-18,Lorcana 1K,12,0 - 16,US
lorcana-win-a-enchanted-tournament-decks-893,2024-05-18,Lorcana Win-a-Enchanted,8,0 - 16,US
mulligan-challenge-05-tournament-decks-881,2024-05-16,Mulligan Challenge #05,64,more than 64,FR
lli-season-2-finals-top-8-tournament-decks-884,2024-05-14,LLI Season 2 - Finals Top 8,8,0 - 16,IT
mishi-monday-tournament-decks-870,2024-05-14,Mishi Monday,46,33 - 64,ON