Event,Player,PlayerDeck,Rank
Liga 2025-01-03,ChrC56,Amethyst Emerald Tempo,1st
Liga 2025-01-03,nastra,Amber Steel Songs,2nd
Liga 2025-01-03,Lillith555,Amber Steel Songs,3rd
Liga 2025-01-03,Alex8289,Amber Sapphire Princess,Top4
Liga 2025-01-03,4l3andr0,Amber Steel Songs,Top8
Liga 2025-01-03,keo,Amethyst Steel Midrange,Top8
Liga 2025-01-03,shinobi64,Ruby Sapphire Control,Top8
Liga 2025-01-03,Lorigon,Emerald Steel Beast,Top8
Liga 2025-01-03,Darksteel1,Ruby Sapphire Control,Top16
Liga 2025-01-03,Brudi,Ruby Amethyst Bounce,Top16
Liga 2025-01-03,ITFairy,Amethyst Emerald Tempo,Top16
Liga 2025-01-03,-Pierre-,Amethyst Sapphire Blurple,Top16
Multivitamin 2025 NY,Ronte,Ruby Sapphire Control,1st
Multivitamin 2025 NY,Missy2901,Ruby Sapphire Control,2nd
Multivitamin 2025 NY,AsiateSuessSauer,Ruby Amethyst Bounce,3rd
Multivitamin 2025 NY,MarsiDarsi09,Ruby Amethyst Bounce,Top4
Multivitamin 2025 NY,MrTom,Ruby Sapphire Control,Top8
Multivitamin 2025 NY,Jarl94,Emerald Steel Discard,Top8
Multivitamin 2025 NY,Samral,Emerald Sapphire Clarabelle,Top8
Multivitamin 2025 NY,mcmike82,Amber Steel Aggro,Top8
Multivitamin 2025 NY,FlorianW,Amethyst Steel Midrange,Top16
Multivitamin 2025 NY,SurferT50,Ruby Steel Pirates,Top16
Multivitamin 2025 NY,DoitsuKoitsu,Amber Steel Songs,Top16
Multivitamin 2025 NY,Luminator,Amethyst Steel Aggro,Top16
Multivitamin 2025 NY,MC_Cleopatrick,Sapphire Steel Items,Top16
Multivitamin 2025 NY,Leonard24,Ruby Sapphire Control,Top16
Multivitamin 2025 NY,TSR_RedEyesKeke,Ruby Amethyst Bounce,Top16
Multivitamin 2025 NY,K7_Naijul,Ruby Sapphire Control,Top16
Multivitamin 2025 NY,TSRJustMax,Ruby Amethyst Bounce,Top32
Multivitamin 2025 NY,NMI_TobiOas,Ruby Amethyst Burn,Top32
Multivitamin 2025 NY,Schatten,Amethyst Emerald Tempo,Top32
Multivitamin 2025 NY,Banapfel,Amber Sapphire Princess,Top32
Multivitamin 2025 NY,Darksteel1,Ruby Sapphire Control,Top32
Multivitamin 2025 NY,TCR_endyucation,Amber Steel Songs,Top32
Multivitamin 2025 NY,shinobi64,Ruby Sapphire Control,Top32
Multivitamin 2025 NY,NMI_Haertelus,Amethyst Emerald Tempo,Top32
Multivitamin 2025 NY,BarisF2,Ruby Amethyst Bounce,Top32
Multivitamin 2025 NY,Ketaro,Ruby Amethyst Bounce,Top32
Multivitamin 2025 NY,SarDestiny,Ruby Amethyst Bounce,Top32
Multivitamin 2025 NY,ItsaaaaB,Ruby Amethyst Bounce,Top32
Multivitamin 2025 NY,MayLegend,Ruby Sapphire Control,Top32
Multivitamin 2025 NY,Freakout,Ruby Sapphire Control,Top32
Multivitamin 2025 NY,K0rshy,Sapphire Steel Items,Top32
Multivitamin 2025 NY,AniW,Ruby Amethyst Bounce,Top32
Multivitamin 2025 NY,GG_Timtheus90,Ruby Amethyst Bounce,Top64
Multivitamin 2025 NY,TSR_Makoya,Ruby Amethyst Bounce,Top64
Multivitamin 2025 NY,Sirius83,Amber Steel Songs,Top64
Multivitamin 2025 NY,TotaHahnLorcana_Vladimiro,Amber Steel Songs,Top64
Multivitamin 2025 NY,MrMamille,Amber Steel Songs,Top64
Multivitamin 2025 NY,Petnein,Amber Steel Songs,Top64
Multivitamin 2025 NY,Tygo,Sapphire Steel Items,Top64
Multivitamin 2025 NY,TheGrumpyOne,Amethyst Sapphire Blurple,Top64
Multivitamin 2025 NY,Reagenzglasgeburt,Amethyst Emerald Tempo,Top64
Multivitamin 2025 NY,TCR_Dextr0niC,Amber Steel Songs,Top64
Multivitamin 2025 NY,NeteXX,Ruby Sapphire Control,Top64
Multivitamin 2025 NY,Hendrik,Amber Amethyst Hyper Aggro,Top64
Multivitamin 2025 NY,GG_ElMapache,Amethyst Emerald Tempo,Top64
Multivitamin 2025 NY,Tommydo0,Ruby Amethyst Bounce,Top64
Multivitamin 2025 NY,Mazinga86,Ruby Amethyst Bounce,Top64
Multivitamin 2025 NY,pwnTom,Amber Ruby Locations,Top64
Multivitamin 2025 NY,sKleene,Amethyst Emerald Tempo,Top64
Liga 2025-01-08,nastra,Amber Steel Aggro,1st
Liga 2025-01-08,shinobi64,Ruby Sapphire Control,2nd
Liga 2025-01-08,Dlawmor,Amber Emerald Aggro,3rd
Liga 2025-01-08,Darksteel1,Ruby Sapphire Control,Top4
Liga 2025-01-08,Putschi,Amber Steel Songs,Top8
Liga 2025-01-08,Jurki,Ruby Steel Challenger,Top8
Liga 2025-01-09,shinobi64,Ruby Sapphire Control,1st
Liga 2025-01-09,marblementos,Amber Steel Songs,2nd
Liga 2025-01-09,Alex8289,Amethyst Steel Midrange,Top4
Liga 2025-01-09,Hetti89,Emerald Sapphire Clarabelle,Top4
Liga 2025-01-09,Linlaen,Amethyst Steel Midrange,Top8
Liga 2025-01-09,Jurki,Ruby Steel Challenger,Top8
Liga 2025-01-09,-Pierre-,Amethyst Sapphire Blurple,Top8
Liga 2025-01-09,Al-ex,Amber Steel Songs,Top8
Liga 2025-01-09,Nanzu1991,Ruby Sapphire Control,Top16
Liga 2025-01-09,4l3andr0,Amber Steel Songs,Top16
Liga 2025-01-09,Tintenvorrat_Wooky,Ruby Sapphire Control,Top16
Liga 2025-01-09,GnF,Amber Steel Songs,Top16
Liga 2025-01-16,RoXion,Amber Steel Aggro,1st
Liga 2025-01-16,Lillith555,Amber Steel Songs,2nd
Liga 2025-01-16,keo,Amethyst Steel Midrange,3rd
Liga 2025-01-16,TabascoEye,Amethyst Emerald Tempo,Top4
Liga 2025-01-16,Lorigon,Amber Steel Locations,Top8
Liga 2025-01-16,Jurki,Amber Steel Songs,Top8
Liga 2025-01-16,shinobi64,Sapphire Steel Aggro,Top8
Liga 2025-01-16,Alex8289,Ruby Amethyst Bounce,Top8
Liga 2025-01-16,GnF,Amber Steel Songs,Top16
Liga 2025-01-16,ChrC56,Amethyst Emerald Tempo,Top16
Liga 2025-01-16,Brudi,Amber Steel Aggro,Top16
Cool Azurblaues Meer Set Championship,TheGrumpyOne,Sapphire Steel Aggro,1st
Cool Azurblaues Meer Set Championship,McLovinLOL,Amber Steel Aggro,2nd
Cool Azurblaues Meer Set Championship,Al-ex,Amber Steel Songs,3rd
Cool Azurblaues Meer Set Championship,marblementos,Ruby Sapphire Control,Top4
Cool Azurblaues Meer Set Championship,shinobi64,Ruby Sapphire Control,Top8
Cool Azurblaues Meer Set Championship,DragonBallTattoo,Amethyst Steel Midrange,Top8
Cool Azurblaues Meer Set Championship,Mettbrot,Emerald Steel Midrange,Top8
Cool Azurblaues Meer Set Championship,reinz,Amethyst Sapphire Blurple,Top8
Cool Azurblaues Meer Set Championship,Jurki,Amber Steel Songs,Top16
Cool Azurblaues Meer Set Championship,Alex8289,Amber Steel Aggro,Top16
Cool Azurblaues Meer Set Championship,Snoopy192,Amber Amethyst Hyper Aggro,Top16
Cool Azurblaues Meer Set Championship,Putschi,Amber Steel Songs,Top16
Cool Azurblaues Meer Set Championship,Kairy,Amethyst Emerald Tempo,Top16
Cool Azurblaues Meer Set Championship,Grusello,Ruby Amethyst Bounce,Top16
Cool Azurblaues Meer Set Championship,Lucycat,Amethyst Steel Midrange,Top16
Cool Azurblaues Meer Set Championship,Tintenvorrat_Wooky,Ruby Sapphire Control,Top16
Cool Azurblaues Meer Set Championship,GnF,Amber Steel Songs,Top32
Cool Azurblaues Meer Set Championship,Schollo,Amber Steel Songs,Top32
Liga 2025-01-22,shinobi64,Ruby Sapphire Control,1st
Liga 2025-01-22,nastra,Amber Steel Songs,2nd
Liga 2025-01-22,Dlawmor,Amethyst Steel Midrange,3rd
Liga 2025-01-22,GnF,Amber Steel Songs,Top4
Liga 2025-01-23,keo,Amber Steel Aggro,1st
Liga 2025-01-23,Hetti89,Emerald Sapphire Discard,2nd
Liga 2025-01-23,Brudi,Amber Steel Aggro,3rd
Liga 2025-01-23,-Pierre-,Amber Steel Aggro,Top4
Liga 2025-01-23,Jurki,Amber Steel Songs,Top8
Liga 2025-01-23,shinobi64,Emerald Steel Discard,Top8
Liga 2025-01-23,Linlaen,Amethyst Sapphire Blurple,Top8
Liga 2025-01-23,GnF,Amber Steel Songs,Top8
Liga 2025-01-23,Alex8289,Amethyst Steel Midrange,Top16
Liga 2025-01-23,4l3andr0,Amethyst Sapphire Blurple,Top16
Liga 2025-01-30,keo,Amber Steel Aggro,1st
Liga 2025-01-30,Alex8289,Amethyst Emerald Tempo,2nd
Liga 2025-01-30,Jurki,Amber Steel Songs,3rd
Liga 2025-01-30,GnF,Amethyst Steel Midrange,Top4
Liga 2025-01-30,shinobi64,Ruby Amethyst Bounce,Top8
Liga 2025-01-30,Hetti89,Emerald Sapphire Discard,Top8
Liga 2025-01-30,Brudi,Amber Steel Aggro,Top8
Liga 2025-01-30,-Pierre-,Amethyst Sapphire Blurple,Top8
Neusser Azurblaues Meer Set Championship,Andi1066,Emerald Steel Beast,1st
Neusser Azurblaues Meer Set Championship,SteffenStadler,Amethyst Steel Midrange,2nd
Neusser Azurblaues Meer Set Championship,Varolz,Ruby Amethyst Bounce,3rd
Neusser Azurblaues Meer Set Championship,Tintenvorrat_Wooky,Amber Steel Aggro,Top4
Neusser Azurblaues Meer Set Championship,RoXion,Amber Steel Mufasa,Top8
Neusser Azurblaues Meer Set Championship,EmperorXX,Amber Steel Locations,Top8
Neusser Azurblaues Meer Set Championship,GnF,Amber Steel Songs,Top8
Neusser Azurblaues Meer Set Championship,Hetti89,Ruby Amethyst Bounce,Top8
Neusser Azurblaues Meer Set Championship,shinobi64,Ruby Sapphire Control,Top16
Neusser Azurblaues Meer Set Championship,Malomi207,Ruby Sapphire Control,Top16
Neusser Azurblaues Meer Set Championship,Alex8289,Amethyst Emerald Tempo,Top16
Neusser Azurblaues Meer Set Championship,Nurephel,Amber Steel Songs,Top16
Neusser Azurblaues Meer Set Championship,Jurki,Amber Steel Songs,Top16
Neusser Azurblaues Meer Set Championship,RoterBaron,Emerald Steel Discard,Top16
Neusser Azurblaues Meer Set Championship,-Pierre-,Amber Steel Aggro,Top16
Neusser Azurblaues Meer Set Championship,Ohli,Ruby Amethyst Evasive,Top16
Neusser Azurblaues Meer Set Championship,Ney53,Amber Emerald Discard,Top32
Wizards Azurblaues Meer Set Championship,nastra,Amber Steel Aggro,3rd
Wizards Azurblaues Meer Set Championship,Alex8289,Amethyst Emerald Tempo,Top8
Wizards Azurblaues Meer Set Championship,McLovinLOL,Amber Steel Aggro,Top8
Wizards Azurblaues Meer Set Championship,Andi1066,Emerald Steel Beast,1st
Wizards Azurblaues Meer Set Championship,Putschi,Amber Steel Songs,Top8
Wizards Azurblaues Meer Set Championship,mrbluetosh,Amber Steel Aggro,Top4
Wizards Azurblaues Meer Set Championship,Achim Günzel,Amber Steel Aggro,2nd
Wizards Azurblaues Meer Set Championship,shinobi64,Ruby Sapphire Control,Top8
Wizards Azurblaues Meer Set Championship,keo,Amber Steel Songs,Top16
Wizards Azurblaues Meer Set Championship,Nados,Ruby Sapphire Control,Top16
Wizards Azurblaues Meer Set Championship,-Pierre-,Amber Steel Aggro,Top16
Wizards Azurblaues Meer Set Championship,Nexron,Amethyst Steel Midrange,Top16
Wizards Azurblaues Meer Set Championship,Exa_Dark,Amber Steel Aggro,Top16
Wizards Azurblaues Meer Set Championship,AMS,Ruby Amethyst Bounce,Top16
Wizards Azurblaues Meer Set Championship,Iquitas,Ruby Amethyst Bounce,Top16
Wizards Azurblaues Meer Set Championship,Darksteel1,Ruby Amethyst Bounce,Top16
Wizards Azurblaues Meer Set Championship,Hetti89,Emerald Sapphire Discard,Top32
Wizards Azurblaues Meer Set Championship,andrecruz19,Amber Steel Mufasa,Top32
Wizards Azurblaues Meer Set Championship,Gorone,Ruby Amethyst Locations,Top32
Wizards Azurblaues Meer Set Championship,Bleampl,Amber Steel Songs,Top32
Wizards Azurblaues Meer Set Championship,Fabian270188,Ruby Amethyst Bounce,Top32
Wizards Azurblaues Meer Set Championship,IngoM1,Ruby Amethyst Bounce,Top32
Wizards Azurblaues Meer Set Championship,Dlawmor,Ruby Amethyst Bounce,Top32
Wizards Azurblaues Meer Set Championship,Jurki,Ruby Amethyst Evasive,Top32
Wizards Azurblaues Meer Set Championship,NicoGräber,Emerald Sapphire Discard,Top32
Wizards Azurblaues Meer Set Championship,RoXion,Ruby Steel Actions,Top32
Wizards Azurblaues Meer Set Championship,GnF,Amber Steel Songs,Top32
Liga 2025-02-05,Putschi,Amber Steel Songs,1st
Liga 2025-02-05,shinobi64,Ruby Steel Pirates,2nd
Liga 2025-02-05,Dlawmor,Ruby Amethyst Bounce,3rd
Liga 2025-02-05,nastra,Amber Steel Aggro,Top4
Liga 2025-02-05,Nataliagraeber,Ruby Amethyst Locations,Top8
Liga 2025-02-05,NicoGräber,Emerald Sapphire Discard,Top8
Liga 2025-02-06,Nanzu1991,Amethyst Sapphire Blurple,1st
Liga 2025-02-06,nastra,Sapphire Steel Items,2nd
Liga 2025-02-06,Lillith555,Amber Steel Songs,3rd
Liga 2025-02-06,andrecruz19,Amethyst Sapphire Blurple,Top4
Liga 2025-02-06,McLovinLOL,Amethyst Steel Locations,Top8
Liga 2025-02-06,Alex8289,Amethyst Emerald Tempo,Top8
Liga 2025-02-06,ChrC56,Amethyst Emerald Tempo,Top8
Liga 2025-02-06,Jurki,Emerald Ruby Actions,Top8
Liga 2025-02-06,GnF,Amethyst Steel Midrange,Top16
Liga 2025-02-06,shinobi64,Ruby Sapphire Control,Top16
Liga 2025-02-06,-Pierre-,Emerald Sapphire Discard,Top16
Liga 2025-02-06,Linlaen,Amber Ruby Mufasa,Top16
Liga 2025-02-06,Ohli,Amethyst Emerald Tempo,Top16
Liga 2025-02-06,Shiuku2san,Amber Steel Aggro,Top16
Card Club Azurblaues Meer Set Championship,McLovinLOL,Amethyst Steel Locations,1st
Card Club Azurblaues Meer Set Championship,andrecruz19,Amethyst Sapphire Blurple,2nd
Card Club Azurblaues Meer Set Championship,Swordinator,Ruby Amethyst Bounce,3rd
Card Club Azurblaues Meer Set Championship,keo,Amber Steel Aggro,Top4
Card Club Azurblaues Meer Set Championship,Ironlady94,Ruby Sapphire Control,Top8
Card Club Azurblaues Meer Set Championship,ITFairy,Amber Steel Mufasa,Top8
Card Club Azurblaues Meer Set Championship,Hetti89,Sapphire Steel Aggro,Top8
Card Club Azurblaues Meer Set Championship,Nanzu1991,Amethyst Sapphire Blurple,Top8
Card Club Azurblaues Meer Set Championship,Tintenvorrat_Wooky,Amber Steel Aggro,Top16
Card Club Azurblaues Meer Set Championship,nastra,Amber Steel Songs,Top16
Card Club Azurblaues Meer Set Championship,Jurki,Emerald Ruby Actions,Top16
Card Club Azurblaues Meer Set Championship,Brudi,Amber Steel Aggro,Top16
Card Club Azurblaues Meer Set Championship,Lucycat,Amethyst Steel Midrange,Top16
Card Club Azurblaues Meer Set Championship,-Pierre-,Amethyst Emerald Tempo,Top16
Card Club Azurblaues Meer Set Championship,fionikatze,Amber Ruby Mufasa,Top16
Card Club Azurblaues Meer Set Championship,Marzipan87,Ruby Steel Challenger,Top16
Card Club Azurblaues Meer Set Championship,Al-ex,Ruby Amethyst Bounce,Top32
Card Club Azurblaues Meer Set Championship,shinobi64,Ruby Sapphire Control,Top32
Card Club Azurblaues Meer Set Championship,Linlaen,Amethyst Sapphire Blurple,Top32
Card Club Azurblaues Meer Set Championship,TabascoEye,Amethyst Emerald Tempo,Top32
Card Club Azurblaues Meer Set Championship,Ohli,Amethyst Emerald Tempo,Top32
Card Club Azurblaues Meer Set Championship,GnF,Amethyst Sapphire Blurple,Top32
Liga 2025-02-13,shinobi64,Ruby Sapphire Control,1st
Liga 2025-02-13,Swordinator,Ruby Amethyst Bounce,2nd
Liga 2025-02-13,McLovinLOL,Amber Steel Songs,3rd
Liga 2025-02-13,andrecruz19,Amethyst Sapphire Blurple,Top4
Liga 2025-02-13,Alex8289,Amethyst Steel Locations,Top8
Liga 2025-02-13,GnF,Amethyst Steel Midrange,Top8
Liga 2025-02-13,Al-ex,Amber Steel Songs,Top8
Liga 2025-02-13,-Pierre-,Emerald Sapphire Discard,Top8
Liga 2025-02-13,Silberfang,Amethyst Sapphire Blurple,Top16
Liga 2025-02-13,Hevelion,Amber Steel Songs,Top16
Liga 2025-02-13,Jurki,Emerald Ruby Actions,Top16
Liga 2025-02-20,shinobi64,Ruby Sapphire Control,1st
Liga 2025-02-20,Lorigon,Amber Steel Mufasa,2nd
Liga 2025-02-20,Hetti89,Sapphire Steel Items,3rd
Liga 2025-02-20,Jurki,Amethyst Emerald Bounce,Top4
Liga 2025-02-20,Ironlady94,Ruby Sapphire Control,Top8
Liga 2025-02-20,-Pierre-,Emerald Sapphire Discard,Top8
Liga 2025-02-20,GnF,Emerald Steel Beast,Top8
Liga 2025-02-20,Marzipan87,Ruby Steel Challenger,Top8
Liga 2025-02-20,Alex8289,Ruby Sapphire Control,Top16
Liga 2025-02-20,4l3andr0,Amber Steel Songs,Top16
Liga 2025-03-13,-Pierre-,Draft,1st
Liga 2025-03-13,shinobi64,Draft,2nd
Liga 2025-03-13,ChrC56,Draft,3rd
Liga 2025-03-13,Alex8289,Draft,Top4
Liga 2025-03-13,Brudi,Draft,Top8
Liga 2025-03-13,TabascoEye,Draft,Top8
Liga 2025-03-13,Hetti89,Draft,Top8
Liga 2025-03-13,andrecruz19,Draft,Top8
Liga 2025-03-13,Lillith555,Draft,Top16
Liga 2025-03-13,Marzipan87,Draft,Top16
Liga 2025-03-13,Ironlady94,Draft,Top16
Liga 2025-03-13,GnF,Draft,Top16
Liga 2025-03-19,nastra,Amethyst Steel Aggro,1st
Liga 2025-03-19,Putschi,Amber Steel Aggro,2nd
Liga 2025-03-19,Achim Günzel,Amethyst Sapphire Blurple,3rd
Liga 2025-03-19,NicoGräber,Sapphire Steel Aggro,Top4
Liga 2025-03-19,Sigmea,Ruby Steel Challenger,Top8
Liga 2025-03-19,nicoHagel,Ruby Sapphire Items,Top8
Liga 2025-03-19,Dlawmor,Amethyst Steel Jafar,Top8
Liga 2025-03-19,Marzipan87,Ruby Steel Challenger,Top8
Liga 2025-03-19,GnF,Amethyst Steel Jafar,Top16
Liga 2025-03-19,YQV968277,Ruby Amethyst Bounce,Top16
Liga 2025-03-20,Johnny3001,Sapphire Steel Aggro,1st
Liga 2025-03-20,keo,Sapphire Steel Aggro,2nd
Liga 2025-03-20,marblementos,Emerald Steel Discard,3rd
Liga 2025-03-20,TabascoEye,Sapphire Steel Midrange,Top4
Liga 2025-03-20,Brudi,Amber Steel Aggro,Top8
Liga 2025-03-20,andrecruz19,Amethyst Sapphire Blurple,Top8
Liga 2025-03-20,shinobi64,Ruby Sapphire Items,Top8
Liga 2025-03-20,Nanzu1991,Amethyst Steel Jafar,Top8
Liga 2025-03-20,Marzipan87,Ruby Steel Challenger,Top16
Liga 2025-03-20,GnF,Amethyst Steel Jafar,Top16
Liga 2025-03-20,Ironlady94,Ruby Sapphire Items,Top16
Liga 2025-03-20,Jurki,Amber Steel Mufasa,Top16
Liga 2025-03-22,Swordinator,Sapphire Steel Aggro,1st
Liga 2025-03-22,McLovinLOL,Sapphire Steel Aggro,2nd
Liga 2025-03-22,Alex8289,Amethyst Emerald Tempo,3rd
Liga 2025-03-22,Al-ex,Ruby Amethyst Challenge,Top4
Liga 2025-03-22,shinobi64,Ruby Sapphire Control,Top8
Liga 2025-03-22,-Pierre-,Emerald Ruby Damage,Top8
Liga 2025-03-22,Lucycat,Amber Emerald Aggro,Top8
Liga 2025-03-22,GnF,Amber Emerald Discard,Top8
Liga 2025-03-26,Putschi,Amethyst Emerald Discard,1st
Liga 2025-03-26,NicoGräber,Sapphire Steel Aggro,2nd
Liga 2025-03-26,shinobi64,Sapphire Steel Midrange,3rd
Liga 2025-03-26,AMS,Amethyst Steel Aggro,Top4
Liga 2025-03-26,Sigmea,Ruby Steel Challenger,Top8
Liga 2025-03-26,Apfel7,Ruby Amethyst Burn,Top8
Liga 2025-03-27,Alex8289,Sapphire Steel Aggro,1st
Liga 2025-03-27,Brudi,Amethyst Steel Aggro,2nd
Liga 2025-03-27,Putschi,Amethyst Emerald Discard,3rd
Liga 2025-03-27,Jurki,Amber Steel Songs,Top4
Liga 2025-03-27,Johnny3001,Amber Emerald Aggro,Top8
Liga 2025-03-27,McLovinLOL,Amethyst Steel Aggro,Top8
Liga 2025-03-27,GnF,Emerald Steel Discard,Top8
Liga 2025-03-27,TabascoEye,Sapphire Steel Aggro,Top8
Liga 2025-03-27,andrecruz19,Amber Steel Mufasa,Top16
Liga 2025-03-27,Ohli,Amethyst Emerald Tempo,Top16
Liga 2025-04-02,nastra,Ruby Amethyst Bounce,1st
Liga 2025-04-02,shinobi64,Ruby Sapphire Control,2nd
Liga 2025-04-02,NicoGräber,Sapphire Steel Aggro,3rd
Liga 2025-04-02,nicoHagel,Amethyst Steel Aggro,Top4
Liga 2025-04-02,Darksteel1,Amber Sapphire Princess,Top8
Liga 2025-04-02,Putschi,Amber Steel Songs,Top8
Liga 2025-04-02,Sigmea,Ruby Steel Challenger,Top8
Liga 2025-04-02,Apfel7,Ruby Amethyst Burn,Top8
Liga 2025-04-02,Nataliagraeber,Amethyst Sapphire Blurple,Top16
Liga 2025-04-02,andrecruz19,Amethyst Sapphire Blurple,Top16
Liga 2025-04-03,Alex8289,Sapphire Steel Aggro,1st
Liga 2025-04-03,bastii,Ruby Sapphire Control,2nd
Liga 2025-04-03,-Pierre-,Emerald Steel Locations,3rd
Liga 2025-04-03,keo,Sapphire Steel Aggro,Top4
Liga 2025-04-03,Putschi,Amber Steel Songs,Top8
Liga 2025-04-03,Jurki,Amber Steel Songs,Top8
Liga 2025-04-03,Andi1066,Emerald Steel Locations,Top8
Liga 2025-04-03,McLovinLOL,Amber Steel Locations,Top8
Liga 2025-04-03,Brudi,Amethyst Steel Aggro,Top16
Liga 2025-04-03,TabascoEye,Sapphire Steel Aggro,Top16
Liga 2025-04-03,shinobi64,Emerald Ruby Damage,Top16
Liga 2025-04-03,GnF,Amethyst Emerald Discard,Top16
Liga 2025-04-09,Darksteel1,Amethyst Emerald Discard,1st
Liga 2025-04-09,Andi1066,Amethyst Steel Aggro,2nd
Liga 2025-04-09,Dlawmor,Amethyst Steel Aggro,3rd
Liga 2025-04-09,nastra,Ruby Amethyst Bounce,Top4
Liga 2025-04-09,shinobi64,Amethyst Emerald Discard,Top8
Liga 2025-04-09,NicoGräber,Sapphire Steel Aggro,Top8
Liga 2025-04-09,Sigmea,Ruby Sapphire Control,Top8
Liga 2025-04-09,Marzipan87,Amethyst Steel Aggro,Top8
Liga 2025-04-10,keo,Emerald Steel Midrange,1st
Liga 2025-04-10,bastii,Emerald Steel Discard,2nd
Liga 2025-04-10,andrecruz19,Amethyst Sapphire Blurple,3rd
Liga 2025-04-10,Randalex89,Amethyst Emerald Discard,Top4
Liga 2025-04-10,Nanzu1991,Amethyst Steel Jafar,Top8
Liga 2025-04-10,ChrC56,Amethyst Steel Aggro,Top8
Liga 2025-04-10,Jurki,Amber Steel Songs,Top8
Liga 2025-04-10,Ohli,Ruby Amethyst Bounce,Top8
Liga 2025-04-10,McLovinLOL,Amber Steel Aggro,Top16
Liga 2025-04-10,Andi1066,Emerald Steel Discard,Top16
Liga 2025-04-10,shinobi64,Amber Emerald Aggro,Top16
Liga 2025-04-10,-Pierre-,Amber Emerald Aggro,Top16
Liga 2025-04-10,_Alex_,Ruby Amethyst Challenge,Top16
Liga 2025-04-10,Swordinator,Ruby Sapphire Control,Top16
Liga 2025-04-10,Ironlady94,Ruby Sapphire Control,Top16
Liga 2025-04-10,Brudi,Amethyst Steel Aggro,Top16
Liga 2025-04-10,TabascoEye,Amethyst Emerald Tempo,Top32
Liga 2025-04-10,Marzipan87,Amethyst Steel Aggro,Top32
Liga 2025-04-10,4l3andr0,Sapphire Steel Aggro,Top32
Liga 2025-04-10,GnF,Ruby Steel Challenger,Top32
Liga 2025-04-16,Achim Günzel,Amber Emerald Aggro,1st
Liga 2025-04-16,NicoGräber,Sapphire Steel Aggro,2nd
Liga 2025-04-16,shinobi64,Ruby Sapphire Control,3rd
Liga 2025-04-16,nicoHagel,Amethyst Steel Aggro,Top4
Liga 2025-04-16,nastra,Ruby Sapphire Control,Top8
Liga 2025-04-16,Dlawmor,Ruby Sapphire Control,Top8
Liga 2025-04-16,Apfel7,Ruby Amethyst Burn,Top8
Liga 2025-04-17,keo,Emerald Steel Midrange,1st
Liga 2025-04-17,Swordinator,Ruby Amethyst Bounce,2nd
Liga 2025-04-17,Varolz,Ruby Amethyst Bounce,3rd
Liga 2025-04-17,Brudi,Emerald Steel Midrange,Top4
Liga 2025-04-17,andrecruz19,Ruby Amethyst Locations,Top8
Liga 2025-04-17,shinobi64,Amber Ruby Mufasa,Top8
Liga 2025-04-17,Ohli,Ruby Amethyst Bounce,Top8
Liga 2025-04-17,nastra,Amber Steel Songs,Top8
Liga 2025-04-17,Nanzu1991,Amber Steel Songs,Top16
Liga 2025-04-17,Dini,Ruby Amethyst Bounce,Top16
Liga 2025-04-17,ITFairy,Amethyst Emerald Discard,Top16
Liga 2025-04-17,Marzipan87,Amber Emerald Discard,Top16
Liga 2025-04-17,McLovinLOL,Amethyst Steel Aggro,Top16
Liga 2025-04-17,-Pierre-,Amethyst Steel Aggro,Top16
Liga 2025-04-17,Andi1066,Emerald Sapphire Clarabelle,Top16
Liga 2025-04-17,Ironlady94,Ruby Sapphire Control,Top16
Liga 2025-04-17,Randalex89,Amber Emerald Aggro,Top32
Liga 2025-04-17,GnF,Amethyst Emerald Tempo,Top32
Liga 2025-04-23,Putschi,Amber Steel Songs,1st
Liga 2025-04-23,Marzipan87,Amber Amethyst Hyper Aggro,2nd
Liga 2025-04-23,shinobi64,Ruby Sapphire Control,3rd
Liga 2025-04-23,Sigmea,Ruby Sapphire Control,Top4
Liga 2025-04-23,Ironlady94,Ruby Sapphire Control,Top8
Liga 2025-04-23,NicoGräber,Sapphire Steel Midrange,Top8
Liga 2025-04-24,Swordinator,Ruby Amethyst Evasive,1st
Liga 2025-04-24,_Alex_,Ruby Amethyst Challenge,2nd
Liga 2025-04-24,shinobi64,Amethyst Steel Midrange,3rd
Liga 2025-04-24,McLovinLOL,Amber Steel Aggro,Top4
Liga 2025-04-24,Nanzu1991,Amber Steel Songs,Top8
Liga 2025-04-24,ITFairy,Amber Steel Songs,Top8
Liga 2025-04-24,Hetti89,Sapphire Steel Midrange,Top8
Liga 2025-04-24,keo,Emerald Steel Midrange,Top8
Liga 2025-04-24,Jurki,Amber Steel Songs,Top16
Liga 2025-04-24,Lucycat,Amethyst Steel Aggro,Top16
Liga 2025-04-24,Randalex89,Ruby Amethyst Evasive,Top16
Liga 2025-04-24,Lillith555,Amber Steel Songs,Top16
Liga 2025-04-24,Andi1066,Emerald Sapphire Clarabelle,Top16
Liga 2025-04-24,-Pierre-,Emerald Sapphire Clarabelle,Top16
Liga 2025-04-24,GnF,Amber Steel Songs,Top16
Liga 2025-04-30,shinobi64,Amethyst Steel Jafar,1st
Liga 2025-04-30,LukasH,Amber Emerald Discard,2nd
Liga 2025-04-30,Dlawmor,Ruby Sapphire Control,3rd
Liga 2025-04-30,nastra,Amber Steel Songs,Top4
Liga 2025-04-30,Apfel7,Ruby Amethyst Burn,Top8
Liga 2025-04-30,Nataliagraeber,Amethyst Sapphire Blurple,Top8
Liga 2025-04-30,Sigmea,Ruby Steel Challenger,Top8
Card Club Archazias Island Set Championship,SteffenStadler,Amethyst Steel Aggro,1st
Card Club Archazias Island Set Championship,Severin,Emerald Steel Discard,2nd
Card Club Archazias Island Set Championship,Lillith555,Amber Steel Songs,3rd
Card Club Archazias Island Set Championship,Nexron,Amethyst Steel Jafar,Top4
Card Club Archazias Island Set Championship,Nanzu1991,Amber Steel Songs,Top8
Card Club Archazias Island Set Championship,TCR_Darksteel1,Ruby Sapphire Control,Top8
Card Club Archazias Island Set Championship,andrecruz19,Amethyst Sapphire Blurple,Top8
Card Club Archazias Island Set Championship,_Alex_,Ruby Amethyst Bounce,Top8
Card Club Archazias Island Set Championship,Varolz,Ruby Amethyst Bounce,Top16
Card Club Archazias Island Set Championship,Swordinator,Ruby Amethyst Bounce,Top16
Card Club Archazias Island Set Championship,Hetti89,Sapphire Steel Midrange,Top16
Card Club Archazias Island Set Championship,nastra,Ruby Sapphire Control,Top16
Card Club Archazias Island Set Championship,Jurki,Amber Steel Songs,Top16
Card Club Archazias Island Set Championship,schlendi,Amber Steel Songs,Top16
Card Club Archazias Island Set Championship,shinobi64,Ruby Sapphire Control,Top16
Card Club Archazias Island Set Championship,keo,Emerald Steel Midrange,Top16
Card Club Archazias Island Set Championship,McLovinLOL,Amber Emerald Aggro,Top32
Card Club Archazias Island Set Championship,GnF,Amber Steel Songs,Top32
Card Club Archazias Island Set Championship,-Pierre-,Emerald Steel Discard,Top32
Card Club Archazias Island Set Championship,ITFairy,Amber Steel Songs,Top32
Card Club Archazias Island Set Championship,TabascoEye,Amethyst Emerald Tempo,Top32
Card Club Archazias Island Set Championship,Fabian270188,Ruby Amethyst Bounce,Top32
Card Club Archazias Island Set Championship,Marzipan87,Amber Emerald Discard,Top32
Card Club Archazias Island Set Championship,ChrC56,Amethyst Steel Aggro,Top32
Card Club Archazias Island Set Championship,Lucycat,Amethyst Steel Aggro,Top32
Card Club Archazias Island Set Championship,Ohli,Ruby Amethyst Bounce,Top32
Card Club Archazias Island Set Championship,Ironlady94,Amber Emerald Aggro,Top32
Card Club Archazias Island Set Championship,Randalex89,Ruby Amethyst Bounce,Top32
Card Club Archazias Island Set Championship,Schmitti,Emerald Sapphire Discard,Top32
Card Club Archazias Island Set Championship,Kroli,Ruby Sapphire Control,Top32
Liga 2025-05-07,purplturtle,Sapphire Steel Aggro,1st
Liga 2025-05-07,nastra,Amber Steel Songs,2nd
Liga 2025-05-07,nicoHagel,Amethyst Sapphire Blurple,3rd
Liga 2025-05-07,Sigmea,Ruby Sapphire Control,Top4
Liga 2025-05-07,shinobi64,Emerald Steel Discard,Top8
Liga 2025-05-07,Apfel7,Ruby Amethyst Burn,Top8
Liga 2025-05-07,Putschi,Amber Steel Songs,Top8
Cool Speyer Archazias Island Set Championship,keo,Emerald Steel Midrange,1st
Cool Speyer Archazias Island Set Championship,Ohli,Amber Steel Aggro,2nd
Cool Speyer Archazias Island Set Championship,Brudi,Amber Steel Songs,3rd
Cool Speyer Archazias Island Set Championship,Tintenvorrat_Wooky,Amber Steel Aggro,Top4
Cool Speyer Archazias Island Set Championship,Jurki,Amber Steel Songs,Top8
Cool Speyer Archazias Island Set Championship,shinobi64,Amethyst Steel Jafar,Top8
Cool Speyer Archazias Island Set Championship,Lucycat,Amethyst Steel Aggro,Top8
Cool Speyer Archazias Island Set Championship,McLovinLOL,Sapphire Steel Aggro,Top8
Cool Speyer Archazias Island Set Championship,GnF,Amber Steel Songs,Top16
Cool Speyer Archazias Island Set Championship,_Alex_,Emerald Steel Midrange,Top16
Liga 2025-06-12,Swordinator,Ruby Sapphire Midrange,1st
Liga 2025-06-12,Jurki,Amber Steel Songs,2nd
Liga 2025-06-12,Ironlady94,Ruby Sapphire Midrange,3rd
Liga 2025-06-12,McLovinLOL,Amber Emerald Aggro,Top4
Liga 2025-06-12,shinobi64,Emerald Ruby Actions,Top8
Liga 2025-06-12,Varolz,Amber Emerald Discard,Top8
Liga 2025-06-12,GnF,Amber Ruby Mufasa,Top8
Liga 2025-06-12,Andi1066,Amber Emerald Discard,Top8
Liga 2025-06-12,Marzipan87,Ruby Steel Challenger,Top16
Liga 2025-06-12,andrecruz19,Amethyst Sapphire Blurple,Top16
Liga 2025-06-12,Tratux,Emerald Ruby Damage,Top16
Liga 2025-06-25,Dlawmor,Amber Steel Aggro,1st
Liga 2025-06-25,shinobi64,Ruby Sapphire Control,2nd
Liga 2025-06-25,Sigmea,Ruby Steel Challenger,3rd
Liga 2025-06-25,nastra,Ruby Sapphire Midrange,Top4
Liga 2025-06-25,Putschi,Amber Steel Songs,Top8
Liga 2025-06-26,Swordinator,Ruby Amethyst Bounce,1st
Liga 2025-06-26,Jurki,Amber Steel Songs,2nd
Liga 2025-06-26,ChrC56,Amethyst Steel Aggro,3rd
Liga 2025-06-26,TabascoEye,Amethyst Emerald Tempo,Top4
Liga 2025-06-26,Randalex89,Amethyst Emerald Tempo,Top8
Liga 2025-06-26,Lillith555,Amber Steel Songs,Top8
Liga 2025-06-26,shinobi64,Ruby Sapphire Control,Top8
Liga 2025-06-26,GnF,Emerald Sapphire Floodborns,Top8
Liga 2025-06-26,Nanzu1991,Emerald Sapphire Floodborns,Top16
Liga 2025-07-03,Nanzu1991,Amber Ruby Mufasa,1st
Liga 2025-07-03,Swordinator,Amethyst Sapphire Blurple,2nd
Liga 2025-07-03,Hetti89,Sapphire Steel Midrange,3rd
Liga 2025-07-03,Varolz,Amethyst Emerald Tempo,Top4
Liga 2025-07-03,shinobi64,Amber Sapphire Puppies,Top8
Liga 2025-07-03,Jurki,Amber Steel Songs,Top8
Liga 2025-07-03,TabascoEye,Amethyst Emerald Tempo,Top8
Liga 2025-07-03,McLovinLOL,Amethyst Emerald Tempo,Top8
Liga 2025-07-03,Randalex89,Amethyst Emerald Tempo,Top16
Liga 2025-07-03,Ironlady94,Amethyst Emerald Tempo,Top16
Liga 2025-07-03,Marzipan87,Amber Emerald Aggro,Top16
Liga 2025-07-03,RoXion,Ruby Amethyst Damage,Top16
Liga 2025-07-03,Kroli,Ruby Sapphire Midrange,Top16
Liga 2025-07-09,shinobi64,Amethyst Steel Aggro,1st
Liga 2025-07-09,Putschi,Amber Steel Songs,2nd
Liga 2025-07-09,nastra,Ruby Amethyst Evasive,3rd
Liga 2025-07-09,Sigmea,Emerald Sapphire Floodborns,Top4
Liga 2025-07-09,Dlawmor,Amber Steel Aggro,Top8
Liga 2025-07-09,Apfel7,Amber Sapphire Aggro,Top8
Liga 2025-07-09,Roxxes,Amber Amethyst Aggro,Top8
Liga 2025-07-09,Basti,Amethyst Sapphire Heroes,Top8
Liga 2025-07-10,Swordinator,Ruby Amethyst Evasive,1st
Liga 2025-07-10,McLovinLOL,Amber Emerald Aggro,2nd
Liga 2025-07-10,shinobi64,Ruby Sapphire Control,3rd
Liga 2025-07-10,Randalex89,Amber Steel Aggro,Top4
Liga 2025-07-10,keo,Amber Steel Songs,Top8
Liga 2025-07-10,_Alex_,Emerald Steel Floodborns,Top8
Liga 2025-07-10,Tintenvorrat_Wooky,Amethyst Sapphire Blurple,Top8
Liga 2025-07-10,GnF,Amethyst Sapphire Blurple,Top8
Liga 2025-07-10,Hetti89,Sapphire Steel Midrange,Top16
Liga 2025-07-10,Jurki,Amber Steel Songs,Top16
Liga 2025-07-10,Lucycat,Amethyst Steel Illusions,Top16
Liga 2025-07-16,Putschi,Amber Steel Songs,1st
Liga 2025-07-16,Hetti89,Amethyst Sapphire Blurple,2nd
Liga 2025-07-16,andrecruz19,Amber Sapphire Aggro,3rd
Liga 2025-07-16,shinobi64,Amber Steel Songs,Top4
Liga 2025-07-16,Dlawmor,Amber Steel Aggro,Top8
Liga 2025-07-16,Roxxes,Amethyst Steel Aggro,Top8
Liga 2025-07-16,Basti,Amethyst Sapphire Heroes,Top8
Liga 2025-07-17,Swordinator,Ruby Sapphire Midrange,1st
Liga 2025-07-17,Ohli,Amethyst Emerald Tempo,2nd
Liga 2025-07-17,keo,Amber Steel Songs,3rd
Liga 2025-07-17,Lillith555,Amber Steel Songs,Top4
Liga 2025-07-17,RoXion,Amber Steel Songs,Top8
Liga 2025-07-17,Hetti89,Amethyst Sapphire Blurple,Top8
Liga 2025-07-17,Varolz,Amethyst Steel Aggro,Top8
Liga 2025-07-17,Randalex89,Amber Steel Songs,Top8
Liga 2025-07-17,shinobi64,Ruby Sapphire Aggro,Top16
Liga 2025-07-17,TabascoEye,Amethyst Emerald Tempo,Top16
Liga 2025-07-17,Brudi,Amber Steel Songs,Top16
Liga 2025-07-17,GnF,Emerald Steel Discard,Top16
Liga 2025-07-17,Kroli,Amber Amethyst Aggro,Top16
Wizards Well Reign Of Jafar Set Championship,Nexron,Amethyst Sapphire Blurple,1st
Wizards Well Reign Of Jafar Set Championship,Hetti89,Amethyst Sapphire Blurple,2nd
Wizards Well Reign Of Jafar Set Championship,mcmike82,Amber Steel Aggro,3rd
Wizards Well Reign Of Jafar Set Championship,Fabian270188,Amethyst Sapphire Blurple,Top4
Wizards Well Reign Of Jafar Set Championship,schlendi,Amethyst Emerald Discard,Top8
Wizards Well Reign Of Jafar Set Championship,Andi1066,Emerald Steel Beast,Top8
Wizards Well Reign Of Jafar Set Championship,TopChicken,Ruby Amethyst Evasive,Top8
Wizards Well Reign Of Jafar Set Championship,Johnny3001,Amber Steel Aggro,Top8
Wizards Well Reign Of Jafar Set Championship,MatDembo,Amber Steel Aggro,Top16
Wizards Well Reign Of Jafar Set Championship,nastra,Ruby Sapphire Midrange,Top16
Wizards Well Reign Of Jafar Set Championship,Dlawmor,Ruby Sapphire Midrange,Top16
Wizards Well Reign Of Jafar Set Championship,MrWeasel,Ruby Amethyst Evasive,Top16
Wizards Well Reign Of Jafar Set Championship,RankTheTank,Amethyst Emerald Discard,Top16
Wizards Well Reign Of Jafar Set Championship,AMS,Ruby Amethyst Evasive,Top16
Wizards Well Reign Of Jafar Set Championship,andrecruz19,Amber Sapphire Aggro,Top16
Wizards Well Reign Of Jafar Set Championship,Putschi,Amber Steel Songs,Top16
Wizards Well Reign Of Jafar Set Championship,Nomlix,Emerald Steel Discard,Top32
Wizards Well Reign Of Jafar Set Championship,Le_Fuechs,Amber Steel Songs,Top32
Wizards Well Reign Of Jafar Set Championship,shinobi64,Amethyst Steel Aggro,Top32
Wizards Well Reign Of Jafar Set Championship,NerfHerder,Amethyst Emerald Discard,Top32
Wizards Well Reign Of Jafar Set Championship,keo,Amber Steel Aggro,Top32
Liga 2025-07-23,Dlawmor,Ruby Sapphire Midrange,1st
Liga 2025-07-23,shinobi64,Amber Steel Songs,2nd
Liga 2025-07-23,TCR_Darksteel1,Amber Steel Aggro,3rd
Liga 2025-07-23,Apfel7,Ruby Amethyst Burn,Top4
Liga 2025-07-24,McLovinLOL,Amber Emerald Aggro,1st
Liga 2025-07-24,Varolz,Ruby Amethyst Evasive,2nd
Liga 2025-07-24,Ohli,Amethyst Emerald Tempo,3rd
Liga 2025-07-24,Nanzu1991,Amber Ruby Aggro,Top4
Liga 2025-07-24,Randalex89,Amethyst Sapphire Blurple,Top8
Liga 2025-07-24,Tintenvorrat_Wooky,Amethyst Sapphire Blurple,Top8
Liga 2025-07-24,Milan214,Amethyst Emerald Tempo,Top8
Liga 2025-07-24,shinobi64,Amber Steel Songs,Top8
Liga 2025-07-24,Bulut,Amethyst Emerald Discard,Top16
Liga 2025-07-24,Brudi,Amber Steel Songs,Top16
Liga 2025-07-24,Kroli,Amber Amethyst Aggro,Top16
Liga 2025-07-24,GnF,Emerald Steel Discard,Top16
Liga 2025-07-24,Anvivu22,Ruby Emerald Actions,Top16
Card Club Reign of Jafar Set Championship,Fabian270188,Amethyst Sapphire Blurple,1st
Card Club Reign of Jafar Set Championship,Randalex89,Amethyst Emerald Tempo,2nd
Card Club Reign of Jafar Set Championship,Lucycat,Amethyst Steel Midrange,3rd
Card Club Reign of Jafar Set Championship,shinobi64,Amethyst Emerald Discard,Top4
Card Club Reign of Jafar Set Championship,GameHunter,Ruby Amethyst Evasive,Top8
Card Club Reign of Jafar Set Championship,Jurki,Amber Steel Songs,Top8
Card Club Reign of Jafar Set Championship,Gonk1,Amethyst Emerald Discard,Top8
Card Club Reign of Jafar Set Championship,Nanzu1991,Amber Ruby Aggro,Top8
Card Club Reign of Jafar Set Championship,TheGrumpyOne,Amethyst Sapphire Blurple,Top16
Card Club Reign of Jafar Set Championship,TopChicken,Ruby Amethyst Evasive,Top16
Card Club Reign of Jafar Set Championship,schlendi,Amethyst Sapphire Blurple,Top16
Card Club Reign of Jafar Set Championship,MrWeasel,Amber Sapphire Aggro,Top16
Card Club Reign of Jafar Set Championship,Nexron,Amethyst Sapphire Blurple,Top16
Card Club Reign of Jafar Set Championship,McLovinLOL,Amber Emerald Aggro,Top16
Card Club Reign of Jafar Set Championship,Varolz,Ruby Amethyst Evasive,Top16
Card Club Reign of Jafar Set Championship,FancyMichi,Ruby Sapphire Midrange,Top16
Card Club Reign of Jafar Set Championship,Hetti89,Amethyst Sapphire Blurple,Top32
Card Club Reign of Jafar Set Championship,Ohli,Amethyst Emerald Tempo,Top32
Card Club Reign of Jafar Set Championship,ITFairy,Amber Sapphire Aggro,Top32
Card Club Reign of Jafar Set Championship,Viper,Amethyst Steel Midrange,Top32
Card Club Reign of Jafar Set Championship,Kroli,Amber Amethyst Aggro,Top32
Card Club Reign of Jafar Set Championship,SebD,Amethyst Steel Midrange,Top32
Card Club Reign of Jafar Set Championship,GnF,Amber Ruby Aggro,Top32
Liga 2025-07-31,Lillith555,Amber Steel Songs,1st
Liga 2025-07-31,Swordinator,Ruby Ametheyst Bounce,2nd
Liga 2025-07-31,Jurki,Emerald Steel Hades,3rd
Liga 2025-07-31,McLovinLOL,Amethyst Steel Midrange,Top4
Liga 2025-07-31,TopChicken,Amethyst Steel Illusions,Top8
Liga 2025-07-31,Hetti89,Amethyst Sapphire Blurple,Top8
Liga 2025-07-31,Randalex89,Amethyst Emerald Tempo,Top8
Liga 2025-07-31,shinobi64,Emerald Ruby Actions,Top8
Liga 2025-07-31,GnF,Amber Ruby Aggro,Top16
Liga 2025-07-31,Lucycat,Amethyst Steel Midrange,Top16
Liga 2025-07-31,Brudi,Amber Steel Songs,Top16
Neusser Reign of Jafar Set Championship,McLovinLOL,Amber Emerald Aggro,1st
Neusser Reign of Jafar Set Championship,TCR_Darksteel1,Ruby Amethyst Evasive,2nd
Neusser Reign of Jafar Set Championship,RoXion,Amber Steel Songs,3rd
Neusser Reign of Jafar Set Championship,Johnny3001,Amber Steel Aggro,Top4
Neusser Reign of Jafar Set Championship,TopChicken,Amethyst Steel Illusions,Top8
Neusser Reign of Jafar Set Championship,Hetti89,Amethyst Sapphire Blurple,Top8
Neusser Reign of Jafar Set Championship,Nados,Amber Steel Aggro,Top8
Neusser Reign of Jafar Set Championship,Lillith555,Amber Steel Songs,Top8
Neusser Reign of Jafar Set Championship,Lucycat,Amethyst Steel Midrange,Top16
Neusser Reign of Jafar Set Championship,Jurki,Amber Steel Songs,Top16
Neusser Reign of Jafar Set Championship,Putschi,Amber Steel Songs,Top16
Neusser Reign of Jafar Set Championship,Varolz,Amethyst Emerald Tempo,Top16
Neusser Reign of Jafar Set Championship,Seretim,Amber Emerald Aggro,Top16
Neusser Reign of Jafar Set Championship,Ohli,Amethyst Emerald Tempo,Top16
Neusser Reign of Jafar Set Championship,shinobi64,Ruby Sapphire Midrange,Top16
Neusser Reign of Jafar Set Championship,GnF,Amber Ruby Aggro,Top16
Neusser Reign of Jafar Set Championship,Randalex89,Amethyst Sapphire Blurple,Top32
Neusser Reign of Jafar Set Championship,Malomi,Emerald Sapphire Clarabelle,Top32
Liga 2025-09-10,andrecruz19,Amethyst Sapphire Blurple,1st
Liga 2025-09-10,shinobi64,Amethyst Steel Evasives,2nd
Liga 2025-09-10,Putschi,Amber Steel Aggro,3rd
Liga 2025-09-10,Dlawmor,Amethyst Sapphire Blurple,Top4
Liga 2025-09-10,Der_Lee_,Ruby Steel Challenger,Top8
Liga 2025-09-10,Sigmea,Ruby Steel Challenger,Top8
Liga 2025-09-11,Andi1066,Emerald Sapphire Clarabelle,1st
Liga 2025-09-11,Swordinator,Emerald Sapphire Clarabelle,2nd
Liga 2025-09-11,shinobi64,Amethyst Steel Evasives,2rd
Liga 2025-09-11,ChrC56,Amethyst Steel Midrange,Top4
Liga 2025-09-11,Jurki,Ruby Steel Challenger,Top8
Liga 2025-09-11,Hetti89,Sapphire Steel Ally,Top8
Liga 2025-09-11,Lillith555,Emerald Ruby Singer,Top8
Liga 2025-09-11,Randalex89,Amethyst Steel Aggro,Top8
Liga 2025-09-11,Brudi,Amber Steel Reanimator,Top16
Liga 2025-09-11,GnF,Ruby Amethyst Damage,Top16
Liga 2025-09-17,andrecruz19,Amethyst Sapphire Blurple,1st
Liga 2025-09-17,shinobi64,Amber Steel Aggro,2nd
Liga 2025-09-17,Dlawmor,Amethyst Sapphire Blurple,3rd
Liga 2025-09-17,Putschi,Emerald Sapphire Clarabelle,Top4
Liga 2025-09-18,TopChicken,Ruby Amethyst Challenge,1st
Liga 2025-09-18,Ohli,Amethyst Steel Aggro,2nd
Liga 2025-09-18,shinobi64,Amber Steel Aggro,3rd
Liga 2025-09-18,Randalex89,Amethyst Emerald Evasives,Top4
Liga 2025-09-18,Varolz,Ruby Steel Songs,Top8
Liga 2025-09-18,GnF,Emerald Sapphire Clarabelle,Top8
Liga 2025-09-18,Jurki,Ruby Steel Challenger,Top8
Liga 2025-09-20,Andi1066,Emerald Sapphire Clarabelle,1st
Liga 2025-09-20,shinobi64,Amethyst Sapphire Blurple,2nd
Liga 2025-09-20,Jurki,Ruby Steel Challenger,3rd
Liga 2025-09-20,Randalex89,Amethyst Emerald Evasives,Top4
Liga 2025-09-20,GnF,Emerald Sapphire Clarabelle,Top8
Liga 2025-09-20,Kifez,Amethyst Steel Aggro,Top8
Liga 2025-09-20,Dlawmor,Amber Sapphire New Orleans,Top8
Liga 2025-09-20,TopChicken,Amber Sapphire Princess,Top8
Wizards Fabled Set Championship,DanW15,Amber Emerald Aggro,1st
Wizards Fabled Set Championship,shinobi64,Amethyst Steel Midrange,2nd
Wizards Fabled Set Championship,Nexron,Amethyst Sapphire Blurple,3rd
Wizards Fabled Set Championship,Maxing,Emerald Sapphire Clarabelle,Top4
Wizards Fabled Set Championship,Andi1066,Emerald Sapphire Clarabelle,Top8
Wizards Fabled Set Championship,Hetti89,Sapphire Steel Midrange,Top8
Wizards Fabled Set Championship,Zimbo,Amethyst Steel Aggro,Top8
Wizards Fabled Set Championship,Jurki,Amethyst Steel Aggro,Top8
Wizards Fabled Set Championship,McLovinLOL,Amber Emerald Aggro,Top16
Wizards Fabled Set Championship,MrWeasel,Amethyst Steel Aggro,Top16
Wizards Fabled Set Championship,Swordinator,Amethyst Sapphire Blurple,Top16
Wizards Fabled Set Championship,Varolz,Emerald Steel Aggro,Top16
Wizards Fabled Set Championship,i2Ioulaki,Amber Steel Aggro,Top16
Wizards Fabled Set Championship,mcmike82,Amethyst Steel Aggro,Top16
Wizards Fabled Set Championship,tricKel,Emerald Sapphire Clarabelle,Top16
Wizards Fabled Set Championship,schlendi,Amethyst Steel Aggro,Top16
Wizards Fabled Set Championship,Gonk1,Amethyst Sapphire Blurple,Top32
Wizards Fabled Set Championship,Ohli,Amber Steel Aggro,Top32
Wizards Fabled Set Championship,Der_Lee_,Ruby Steel Challenger,Top32
Wizards Fabled Set Championship,Dragolon,Amber Emerald Aggro,Top32
Wizards Fabled Set Championship,andrecruz19,Amethyst Sapphire Blurple,Top32
Liga 2025-10-16,Swordinator,Amethyst Steel Aggro,1st
Liga 2025-10-16,shinobi64,Sapphire Steel Midrange,2nd
Liga 2025-10-16,Tintenvorrat_Wooky,Amber Steel Aggro,3rd
Liga 2025-10-16,McLovinLOL,Amber Steel Aggro,Top4
Liga 2025-10-16,Marzipan87,Ruby Steel Challenger,Top8
Liga 2025-10-16,andrecruz19,Amethyst Sapphire Blurple,Top8
Liga 2025-10-16,Nanzu1991,Sapphire Steel Midrange,Top8
Liga 2025-10-16,Randalex89,Amethyst Steel Aggro,Top8
Liga 2025-10-16,Kroli,Amber Emerald Aggro,Top16
Liga 2025-10-16,Ironlady94,Amethyst Sapphire Blurple,Top16
Liga 2025-10-16,Jurki,Amethyst Steel Aggro,Top16
Liga 2025-10-16,Cantyr,Emerald Ruby Damage,Top16
Liga 2025-10-16,Gabo91,Sapphire Steel Ally,Top16
Card Club Fabled Set Championship,schlendi,Amethyst Sapphire Blurple,1st
Card Club Fabled Set Championship,Nexron,Amethyst Sapphire Blurple,2nd
Card Club Fabled Set Championship,Zimbo,Amethyst Steel Aggro,3rd
Card Club Fabled Set Championship,Andi1066,Emerald Sapphire Clarabelle,Top4
Card Club Fabled Set Championship,andrecruz19,Amethyst Sapphire Blurple,Top8
Card Club Fabled Set Championship,shinobi64,Amethyst Steel Aggro,Top8
Card Club Fabled Set Championship,Viper,Emerald Steel Aggro,Top8
Card Club Fabled Set Championship,Varolz,Emerald Sapphire Clarabelle,Top8
Card Club Fabled Set Championship,Jurki,Amethyst Steel Aggro,Top16
Card Club Fabled Set Championship,McLovinLOL,Amber Emerald Aggro,Top16
Card Club Fabled Set Championship,Demmy,Amethyst Steel Aggro,Top16
Card Club Fabled Set Championship,Randalex89,Emerald Steel Aggro,Top16
Card Club Fabled Set Championship,Nanzu1991,Sapphire Steel Midrange,Top16
Card Club Fabled Set Championship,GnF,Emerald Sapphire Clarabelle,Top16
Card Club Fabled Set Championship,TopChicken,Ruby Amethyst Challenge,Top16
Card Club Fabled Set Championship,Swordinator,Amethyst Steel Aggro,Top16
Card Club Fabled Set Championship,Cantyr,Amethyst Steel Illusions,Top32
Card Club Fabled Set Championship,Gabo91,Sapphire Steel Ally,Top32
Card Club Fabled Set Championship,ITFairy,Sapphire Steel Midrange,Top32
Card Club Fabled Set Championship,Kroli,Amber Emerald Aggro,Top32
Mochi Cards Fabled Set Championship,Swordinator,Amethyst Steel Aggro,1st
Mochi Cards Fabled Set Championship,Hetti89,Sapphire Steel Midrange,2nd
Mochi Cards Fabled Set Championship,Jurki,Amethyst Steel Aggro,3rd
Mochi Cards Fabled Set Championship,MrEnchantless,Amethyst Steel Aggro,Top4
Mochi Cards Fabled Set Championship,TCR_Darksteel1,Sapphire Steel Midrange,Top8
Mochi Cards Fabled Set Championship,Andi1066,Emerald Sapphire Clarabelle,Top8
Mochi Cards Fabled Set Championship,SebD,Amethyst Sapphire Blurple,Top8
Mochi Cards Fabled Set Championship,Enchannika,Emerald Steel Aggro,Top8
Mochi Cards Fabled Set Championship,ChrC56,Amethyst Steel Aggro,Top16
Mochi Cards Fabled Set Championship,TopChicken,Amethyst Sapphire Blurple,Top16
Mochi Cards Fabled Set Championship,Kroli,Amber Emerald Aggro,Top16
Mochi Cards Fabled Set Championship,Jerry,Amber Steel Aggro,Top16
Mochi Cards Fabled Set Championship,shinobi64,Ruby Amethyst Evasive,Top16
Mochi Cards Fabled Set Championship,Demmy,Amethyst Sapphire Blurple,Top16
Mochi Cards Fabled Set Championship,Dragolon,Amber Emerald Aggro,Top16
Liga 2025-10-23,Brudi,Amethyst Steel Aggro,1st
Liga 2025-10-23,keo,Amethyst Steel Aggro,2nd
Liga 2025-10-23,andrecruz19,Ruby Steel Songs,3rd
Liga 2025-10-23,Swordinator,Amethyst Sapphire Blurple,Top4
Liga 2025-10-23,Aerikus,Emerald Sapphire Clarabelle,Top8
Liga 2025-10-23,Kroli,Amber Emerald Aggro,Top8
Liga 2025-10-23,Cantyr,Amethyst Steel Illusions,Top8
Liga 2025-10-23,GnF,Amethyst Sapphire Blurple,Top8
Liga 2025-10-23,P3bbl3z,Amber Steel Aggro,Top16
Liga 2025-10-23,shinobi64,Ruby Sapphire Midrange,Top16
Liga 2025-10-23,Randalex89,Amethyst Emerald Aggro,Top16
Liga 2025-10-23,Gabo91,Sapphire Steel Midrange,Top16