Event,Date,Location,Meta,EventType,Type,PlayFormat,Melee
Wizards Into the Inklands Set Championship,2024-04-21,Wizards Well,Set3,Set Championship,Constructed,BestOfThree,https://melee.gg/Tournament/View/73553
Spiele-Pyramide Into the Inklands Set Championship,2024-04-24,Spiele-Pyramide,Set3,Set Championship,Constructed,BestOfThree,
Mana Zone TCG Into the Inklands Set Championship,2024-04-28,Mana Zone TCG,Set3,Set Championship,Constructed,BestOfThree,https://melee.gg/Tournament/View/86451
Lorcana DLC Lille,2024-05-25,Lille,Set3,Disney Lorcana Challenge,Constructed,TwoGameFormat,https://melee.gg/Tournament/View/76155
Lorcana DLC Lille Constructed Side,2024-05-26,Lille,Set3,Disney Lorcana Challenge Side,Constructed,TwoGameFormat,https://melee.gg/Tournament/View/98630
Liga 2024-05-29,2024-05-29,Wizards Well,Set4,Liga,Constructed,BestOfThree,https://melee.gg/Tournament/View/90657
Liga 2024-06-05,2024-06-05,Wizards Well,Set4,Liga,Draft,BestOfThree,https://melee.gg/Tournament/View/101252
Liga 2024-06-06,2024-06-06,Card Club Hockenheim,Set4,Liga,Constructed,BestOfThree,https://melee.gg/Tournament/View/103297
Casual 2024-06-12,2024-06-12,Wizards Well,Set4,Casual,Constructed,BestOfThree,
Liga 2024-06-13,2024-06-13,Card Club Hockenheim,Set4,Liga,Constructed,BestOfThree,https://melee.gg/Tournament/View/106876
Liga 2024-06-19,2024-06-19,Wizards Well,Set4,Liga,Draft,BestOfThree,https://melee.gg/Tournament/View/101255
Liga 2024-06-20,2024-06-20,Card Club Hockenheim,Set4,Liga,Constructed,BestOfThree,https://melee.gg/Tournament/View/110527
Liga 2024-06-27,2024-06-27,Card Club Hockenheim,Set4,Liga,Constructed,BestOfThree,https://melee.gg/Tournament/View/114206
Casual 2024-06-29,2024-06-29,Card Club Hockenheim,Set4,Casual,Constructed,TwoGameFormat,
Casual 2024-06-30,2024-06-30,Home,Set4,Casual,Constructed,BestOfThree,
Casual 2024-07-03,2024-07-03,Wizards Well,Set4,Casual,Constructed,BestOfThree,
Liga 2024-07-03,2024-07-03,Wizards Well,Set4,Liga,Constructed,BestOfThree,https://melee.gg/Tournament/View/115136
Lorcana DLC Bochum,2024-07-05,Bochum,Set4,Disney Lorcana Challenge,Constructed,TwoGameFormat,https://melee.gg/Tournament/View/116552
Lorcana DLC Bochum Side Sealed,2024-07-06,Bochum,Set4,Disney Lorcana Challenge Side,Sealed,BestOfThree,https://melee.gg/Tournament/View/116862
Lorcana DLC Bochum Side Constructed,2024-07-06,Bochum,Set4,Disney Lorcana Challenge Side,Constructed,BestOfThree,https://melee.gg/Tournament/View/116868
Liga 2024-07-11,2024-07-11,Card Club Hockenheim,Set4,Liga,Constructed,BestOfThree,https://melee.gg/Tournament/View/118931
Card Club Ursulas Return Set Championship,2024-07-13,Card Club Hockenheim,Set4,Set Championship,Constructed,BestOfThree,https://melee.gg/Tournament/View/106363
Wizards Ursulas Return Set Championship,2024-07-14,Wizards Well,Set4,Set Championship,Constructed,BestOfThree,https://melee.gg/Tournament/View/101274
Liga 2024-07-17,2024-07-17,Wizards Well,Set4,Liga,Constructed,BestOfThree,https://melee.gg/Tournament/View/117246
Liga 2024-07-18,2024-07-18,Card Club Hockenheim,Set4,Liga,Constructed,BestOfThree,https://melee.gg/Tournament/View/122206
JK Ursulas Return Set Championship,2024-07-20,JK Entertainment Darmstadt,Set4,Set Championship,Constructed,TwoGameFormat,https://melee.gg/Tournament/View/97509
Liga 2024-07-24,2024-07-24,Wizards Well,Set4,Liga,Draft,BestOfThree,https://melee.gg/Tournament/View/117247
Liga 2024-07-25,2024-07-25,Card Club Hockenheim,Set4,Liga,Constructed,BestOfThree,https://melee.gg/Tournament/View/123769
Neusser Ursulas Return Set Championship,2024-07-27,Spielwaren Neusser,Set4,Set Championship,Constructed,TwoGameFormat,https://melee.gg/Tournament/View/106793
Liga 2024-07-31,2024-07-31,Wizards Well,Set4,Liga,Constructed,BestOfThree,https://melee.gg/Tournament/View/117248
Liga 2024-08-01,2024-08-01,Card Club Hockenheim,Set4,Liga,Constructed,BestOfThree,https://melee.gg/Tournament/View/124976
Lorcana DLC Bologna,2024-08-03,Bologna,Set4,Disney Lorcana Challenge,Constructed,TwoGameFormat,https://melee.gg/Tournament/View/126763
Lorcana DLC Bologna Side Sealed,2024-08-04,Bologna,Set4,Disney Lorcana Challenge Side,Sealed,BestOfThree,https://melee.gg/Tournament/View/127373
Lorcana DLC Bologna Side Constructed,2024-08-04,Bologna,Set4,Disney Lorcana Challenge Side,Constructed,BestOfThree,https://melee.gg/Tournament/View/127377
Shimmering Skies Midnight PreRelease,2024-08-08,Card Club Hockenheim,Set5,Liga,Sealed,BestOfThree,https://melee.gg/Tournament/View/127617
Shimmering Skies Release,2024-08-10,Wizards Well,Set5,Liga,Sealed,BestOfThree,https://melee.gg/Tournament/View/129406
Casual 2024-08-28,2024-08-28,Wizards Well,Set5,Casual,Constructed,BestOfThree,
Liga 2024-08-28,2024-08-28,Wizards Well,Set5,Liga,Draft,BestOfThree,https://melee.gg/Tournament/View/129412
Casual 2024-08-29,2024-08-29,Card Club Hockenheim,Set5,Casual,Constructed,BestOfThree,
Liga 2024-08-29,2024-08-29,Card Club Hockenheim,Set5,Liga,Constructed,BestOfThree,https://melee.gg/Tournament/View/140049
Casual 2024-09-04,2024-09-04,Wizards Well,Set5,Casual,Constructed,TwoGameFormat,
Casual 2024-09-05,2024-09-05,Card Club Hockenheim,Set5,Casual,Constructed,TwoGameFormat,
Liga 2024-09-05,2024-09-05,Card Club Hockenheim,Set5,Liga,Constructed,BestOfThree,https://melee.gg/Tournament/View/144080
Casual 2024-09-06,2024-09-06,Home,Set5,Casual,Constructed,BestOfThree,
Casual 2024-09-07,2024-09-07,Home,Set5,Casual,Constructed,BestOfThree,
Casual 2024-09-10,2024-09-10,Home,Set5,Casual,Constructed,BestOfThree,
Casual 2024-09-11,2024-09-11,Wizards Well,Set5,Casual,Constructed,BestOfThree,
Liga 2024-09-11,2024-09-11,Wizards Well,Set5,Liga,Constructed,BestOfThree,https://melee.gg/Tournament/View/147792
Casual 2024-09-12,2024-09-12,Home,Set5,Casual,Constructed,BestOfThree,
Casual 2024-09-14,2024-09-14,Home,Set5,Casual,Constructed,TwoGameFormat,
Casual 2024-09-18,2024-09-18,Wizards Well,Set5,Casual,Constructed,BestOfThree,
Liga 2024-09-18,2024-09-18,Wizards Well,Set5,Liga,Constructed,BestOfThree,https://melee.gg/Tournament/View/147834
Casual 2024-09-19,2024-09-19,Card Club Hockenheim,Set5,Casual,Constructed,BestOfThree,
Liga 2024-09-19,2024-09-19,Card Club Hockenheim,Set5,Liga,Constructed,BestOfThree,https://melee.gg/Tournament/View/153246
Lorcana DLC Birmingham,2024-09-21,Birmingham,Set5,Disney Lorcana Challenge,Constructed,TwoGameFormat,https://melee.gg/Tournament/View/152670
Lorcana DLC Birmingham SideEvent,2024-09-22,Birmingham,Set5,Disney Lorcana Challenge Side,Constructed,TwoGameFormat,https://melee.gg/Tournament/View/148445
Casual 2024-09-26,2024-09-26,Card Club Hockenheim,Set5,Casual,Constructed,BestOfThree,
Liga 2024-09-26,2024-09-26,Card Club Hockenheim,Set5,Liga,Constructed,BestOfThree,https://melee.gg/Tournament/View/157476
Casual 2024-09-28,2024-09-28,Home,Set5,Casual,Constructed,TwoGameFormat,
Casual 2024-09-30,2024-09-30,Home,Set5,Casual,Constructed,BestOfThree,
Casual 2024-10-01,2024-10-01,Home,Set5,Casual,Constructed,BestOfThree,
Casual 2024-10-02,2024-10-02,Wizards Well,Set5,Casual,Constructed,BestOfThree,
Liga 2024-10-02,2024-10-02,Wizards Well,Set5,Liga,Draft,BestOfThree,https://melee.gg/Tournament/View/147870
Casual 2024-10-03,2024-10-03,Home,Set5,Casual,Constructed,BestOfThree,
Card Club Shimmering Skies Set Championship,2024-10-05,Card Club Hockenheim,Set5,Set Championship,Constructed,BestOfThree,https://melee.gg/Tournament/View/146556
Casual 2024-10-08,2024-10-08,Home,Set5,Casual,Constructed,BestOfThree,
Casual 2024-10-09,2024-10-09,Wizards Well,Set5,Casual,Constructed,BestOfThree,
Liga 2024-10-09,2024-10-09,Wizards Well,Set5,Liga,Constructed,BestOfThree,https://melee.gg/Tournament/View/147881
Casual 2024-10-10,2024-10-10,Card Club Hockenheim,Set5,Casual,Constructed,BestOfThree,
Liga 2024-10-10,2024-10-10,Card Club Hockenheim,Set5,Liga,Constructed,BestOfThree,https://melee.gg/Tournament/View/165345
Neusser Shimmering Skies Set Championship,2024-10-12,Spielwaren Neusser,Set5,Set Championship,Constructed,TwoGameFormat,https://melee.gg/Tournament/View/148403
Casual 2024-10-15,2024-10-15,Home,Set5,Casual,Constructed,TwoGameFormat,
Casual 2024-10-16,2024-10-16,Home,Set5,Casual,Constructed,TwoGameFormat,
Liga 2024-10-16,2024-10-16,Wizards Well,Set5,Liga,Constructed,BestOfThree,https://melee.gg/Tournament/View/147883
Casual 2024-10-17,2024-10-17,Card Club Hockenheim,Set5,Casual,Constructed,BestOfThree,
Casual 2024-10-18,2024-10-18,Home,Set5,Casual,Constructed,BestOfThree,
Spiele-Pyramide Shimmering Skies Set Championship,2024-10-19,Spiele-Pyramide,Set5,Set Championship,Constructed,BestOfThree,https://melee.gg/Tournament/View/153684
Casual 2024-10-20,2024-10-20,Wizards Well,Set5,Casual,Constructed,TwoGameFormat,
Wizards Shimmering Skies Set Championship,2024-10-20,Wizards Well,Set5,Set Championship,Constructed,BestOfThree,https://melee.gg/Tournament/View/147819
Casual 2024-10-23,2024-10-23,Wizards Well,Set5,Casual,Constructed,BestOfThree,
Liga 2024-10-23,2024-10-23,Wizards Well,Set5,Liga,Draft,BestOfThree,https://melee.gg/Tournament/View/147885
Casual 2024-10-24,2024-10-24,Home,Set5,Casual,Constructed,BestOfThree,
Casual 2024-10-25,2024-10-25,Home,Set5,Casual,Constructed,BestOfThree,
RB Store Shimmering Skies Set Championship,2024-10-26,Ravensburger Store Mannheim,Set5,Set Championship,Constructed,BestOfThree,https://melee.gg/Tournament/View/155157
Online 2024-11-05,2024-11-05,Home,Set6,Casual Online,Constructed,BestOfThree,
Online 2024-11-06,2024-11-06,Home,Set6,Casual Online,Constructed,BestOfThree,
Liga 2024-11-07,2024-11-07,Card Club Hockenheim,Set5,Liga,Constructed,BestOfThree,https://melee.gg/Tournament/View/182713
Online 2024-11-07,2024-11-07,Home,Set6,Casual Online,Constructed,BestOfThree,
Azurite Seas Release,2024-11-16,Wizards Well,Set6,Liga,Sealed,BestOfThree,https://melee.gg/Tournament/View/175002
Online 2024-11-18,2024-11-18,Home,Set6,Casual Online,Constructed,BestOfThree,
Online 2024-11-19,2024-11-19,Home,Set6,Casual Online,Constructed,BestOfThree,
Casual 2024-11-20,2024-11-20,Wizards Well,Set6,Casual,Constructed,BestOfThree,
Liga 2024-11-20,2024-11-20,Wizards Well,Set6,Liga,Draft,BestOfThree,https://melee.gg/Tournament/View/185592
Casual 2024-11-24,2024-11-24,Home,Set6,Casual,Constructed,TwoGameFormat,
Online 2024-11-25,2024-11-25,Home,Set6,Casual Online,Constructed,BestOfThree,
Online 2024-11-26,2024-11-26,Home,Set6,Casual Online,Constructed,BestOfThree,
Casual 2024-11-26,2024-11-26,Home,Set6,Casual,Constructed,BestOfThree,
Casual 2024-11-27,2024-11-27,Wizards Well,Set6,Casual,Constructed,BestOfThree,
Liga 2024-11-27,2024-11-27,Wizards Well,Set6,Liga,Constructed,BestOfThree,https://melee.gg/Tournament/View/185595
Casual 2024-11-28,2024-11-28,Card Club Hockenheim,Set6,Casual,Constructed,BestOfThree,
Liga 2024-11-28,2024-11-28,Card Club Hockenheim,Set6,Liga,Constructed,BestOfThree,https://melee.gg/Tournament/View/199338
Liga 2024-11-29,2024-11-29,Ravensburger Store Mannheim,Set6,Liga,Constructed,BestOfThree,
Casual 2024-12-01,2024-12-01,Home,Set6,Casual,Constructed,TwoGameFormat,
Online 2024-12-01,2024-12-01,Home,Set6,Casual Online,Constructed,BestOfThree,
Casual 2024-12-02,2024-12-02,Home,Set6,Casual,Constructed,BestOfThree,
Online 2024-12-02,2024-12-02,Home,Set6,Casual Online,Constructed,BestOfThree,
Online 2024-12-03,2024-12-03,Home,Set6,Casual Online,Constructed,BestOfThree,
EU Continentals LCQ,2024-12-06,Disneyland Paris,Set6,Disney Lorcana LCQ,Constructed,BestOfThree,https://melee.gg/Tournament/View/191914
Casual 2024-12-11,2024-12-11,Wizards Well,Set6,Casual,Constructed,BestOfThree,
Liga 2024-12-11,2024-12-11,Wizards Well,Set6,Liga,Constructed,BestOfThree,https://melee.gg/Tournament/View/185600
Casual 2024-12-12,2024-12-12,Card Club Hockenheim,Set6,Casual,Constructed,BestOfThree,
Liga 2024-12-12,2024-12-12,Card Club Hockenheim,Set6,Liga,Constructed,BestOfThree,https://melee.gg/Tournament/View/205352
Casual 2024-12-19,2024-12-19,Card Club Hockenheim,Set6,Casual,Constructed,BestOfThree,
Liga 2024-12-19,2024-12-19,Card Club Hockenheim,Set6,Liga,Constructed,BestOfThree,https://melee.gg/Tournament/View/211538
Online 2024-12-15,2024-12-15,Home,Set6,Casual Online,Constructed,BestOfThree,
Online 2024-12-16,2024-12-16,Home,Set6,Casual Online,Constructed,BestOfThree,
Online 2024-12-17,2024-12-17,Home,Set6,Casual Online,Constructed,BestOfThree,
Online 2024-12-22,2024-12-22,Home,Set6,Casual Online,Constructed,BestOfThree,
Online 2024-12-26,2024-12-26,Home,Set6,Casual Online,Constructed,BestOfThree,
Casual 2024-12-29,2024-12-29,Home,Set6,Casual,Constructed,BestOfThree,
Online 2024-12-30,2024-12-30,Home,Set6,Casual Online,Constructed,BestOfThree,
Online 2025-01-01,2025-01-01,Home,Set6,Casual Online,Constructed,BestOfThree,
Online 2025-01-02,2025-01-02,Home,Set6,Casual Online,Constructed,BestOfThree,
Casual 2025-01-02,2025-01-02,Card Club Hockenheim,Set6,Casual,Constructed,BestOfThree,
Liga 2025-01-02,2025-01-02,Card Club Hockenheim,Set6,Liga,Constructed,BestOfThree,https://melee.gg/Tournament/View/219362
Online 2025-01-03,2025-01-03,Home,Set6,Casual Online,Constructed,BestOfThree,
Liga 2025-01-03,2025-01-03,Ravensburger Store Mannheim,Set6,Liga,Constructed,BestOfThree,
Casual 2025-01-04,2025-01-04,Card Club Hockenheim,Set6,Casual,Constructed,BestOfThree,
Multivitamin 2025 NY,2025-01-05,Home,Set6,Competetive,Constructed,BestOfThree,https://melee.gg/Tournament/View/209645
Casual 2025-01-06,2025-01-06,Home,Set6,Casual,Constructed,BestOfThree,
Casual 2025-01-07,2025-01-07,Home,Set6,Casual,Constructed,BestOfThree,
Online 2025-01-08,2025-01-08,Home,Set6,Casual Online,Constructed,BestOfThree,
Casual 2025-01-08,2025-01-08,Wizards Well,Set6,Casual,Constructed,BestOfThree,
Liga 2025-01-08,2025-01-08,Wizards Well,Set6,Liga,Constructed,BestOfThree,https://melee.gg/Tournament/View/223862
Casual 2025-01-09,2025-01-09,Card Club Hockenheim,Set6,Casual,Constructed,BestOfThree,
Liga 2025-01-09,2025-01-09,Card Club Hockenheim,Set6,Liga,Constructed,BestOfThree,https://melee.gg/Tournament/View/224812
JK Jahresende 2024,2025-01-11,Maintal,Set6,Competetive,Constructed,BestOfThree,https://melee.gg/Tournament/View/226513
Casual 2025-01-13,2025-01-13,Home,Set6,Casual,Constructed,BestOfThree,
Online 2025-01-13,2025-01-13,Home,Set6,Casual Online,Constructed,BestOfThree,
Online 2025-01-14,2025-01-14,Home,Set6,Casual Online,Constructed,BestOfThree,
Casual 2025-01-15,2025-01-15,Wizards Well,Set6,Casual,Constructed,BestOfThree,
Liga 2025-01-15,2025-01-15,Wizards Well,Set6,Liga,Draft,BestOfThree,https://melee.gg/Tournament/View/223863
Online 2025-01-16,2025-01-16,Home,Set6,Casual Online,Constructed,BestOfThree,
Casual 2025-01-16,2025-01-16,Card Club Hockenheim,Set6,Casual,Constructed,BestOfThree,
Liga 2025-01-16,2025-01-16,Card Club Hockenheim,Set6,Liga,Constructed,BestOfThree,https://melee.gg/Tournament/View/228594
Online 2025-01-17,2025-01-17,Home,Set6,Casual Online,Constructed,BestOfThree,
Casual 2025-01-17,2025-01-17,Home,Set6,Casual,Constructed,BestOfThree,
Cool Azurblaues Meer Set Championship,2025-01-18,Cool Speyer,Set6,Set Championship,Constructed,BestOfThree,https://melee.gg/Tournament/View/213415
Online 2025-01-20,2025-01-20,Home,Set6,Casual Online,Constructed,BestOfThree,
Online 2025-01-21,2025-01-21,Home,Set6,Casual Online,Constructed,BestOfThree,
Casual 2025-01-21,2025-01-21,Home,Set6,Casual,Constructed,BestOfThree,
Casual 2025-01-22,2025-01-22,Wizards Well,Set6,Casual,Constructed,BestOfThree,
Liga 2025-01-22,2025-01-22,Wizards Well,Set6,Liga,Constructed,BestOfThree,https://melee.gg/Tournament/View/223864
Casual 2025-01-23,2025-01-23,Card Club Hockenheim,Set6,Casual,Constructed,BestOfThree,
Liga 2025-01-23,2025-01-23,Card Club Hockenheim,Set6,Liga,Constructed,BestOfThree,https://melee.gg/Tournament/View/231876
Online 2025-01-24,2025-01-24,Home,Set6,Casual Online,Constructed,BestOfThree,
Spiele-Pyramide Azurblaues Meer Set Championship 1,2025-01-15,Spiele-Pyramide,Set6,Set Championship,Constructed,BestOfThree,https://melee.gg/Tournament/View/226465
Online 2025-01-26,2025-01-26,Home,Set6,Casual Online,Constructed,BestOfThree,
Online 2025-01-27,2025-01-27,Home,Set6,Casual Online,Constructed,BestOfThree,
Online 2025-01-28,2025-01-28,Home,Set6,Casual Online,Constructed,BestOfThree,
Casual 2025-01-28,2025-01-28,Home,Set6,Casual,Constructed,BestOfThree,
Online 2025-01-29,2025-01-29,Home,Set6,Casual Online,Constructed,BestOfThree,
Casual 2025-01-29,2025-01-29,Wizards Well,Set6,Casual,Constructed,BestOfThree,
Online 2025-01-30,2025-01-30,Home,Set6,Casual Online,Constructed,BestOfThree,
Casual 2025-01-30,2025-01-30,Card Club Hockenheim,Set6,Casual,Constructed,BestOfThree,
Liga 2025-01-30,2025-01-30,Card Club Hockenheim,Set6,Liga,Constructed,BestOfThree,https://melee.gg/Tournament/View/236239
Online 2025-01-31,2025-01-31,Home,Set6,Casual Online,Constructed,BestOfThree,
Neusser Azurblaues Meer Set Championship,2025-02-01,Spielwaren Neusser,Set6,Set Championship,Constructed,BestOfThree,https://melee.gg/Tournament/View/216702
Wizards Azurblaues Meer Set Championship,2025-02-02,Wizards Well,Set6,Set Championship,Constructed,BestOfThree,https://melee.gg/Tournament/View/203996
Casual 2025-02-03,2025-02-03,Home,Set6,Casual,Constructed,BestOfThree,
Online 2025-02-04,2025-02-04,Home,Set6,Casual Online,Constructed,BestOfThree,
Casual 2025-02-04,2025-02-04,Home,Set6,Casual,Constructed,BestOfThree,
Online 2025-02-05,2025-02-05,Home,Set6,Casual Online,Constructed,BestOfThree,
Casual 2025-02-05,2025-02-05,Wizards Well,Set6,Casual,Constructed,BestOfThree,
Liga 2025-02-05,2025-02-05,Wizards Well,Set6,Liga,Constructed,BestOfThree,https://melee.gg/Tournament/View/238858
Casual 2025-02-06,2025-02-06,Card Club Hockenheim,Set6,Casual,Constructed,BestOfThree,
Liga 2025-02-06,2025-02-06,Card Club Hockenheim,Set6,Liga,Constructed,BestOfThree,https://melee.gg/Tournament/View/238956
Online 2025-02-07,2025-02-07,Home,Set6,Casual Online,Constructed,BestOfThree,
Casual 2025-02-07,2025-02-07,Home,Set6,Casual,Constructed,BestOfThree,
Card Club Azurblaues Meer Set Championship,2025-02-08,Card Club Hockenheim,Set6,Set Championship,Constructed,BestOfThree,https://melee.gg/Tournament/View/211531
Casual 2025-02-12,2025-02-12,Wizards Well,Set6,Casual,Constructed,BestOfThree,
Casual 2025-02-13,2025-02-13,Card Club Hockenheim,Set6,Casual,Constructed,BestOfThree,
Liga 2025-02-13,2025-02-13,Card Club Hockenheim,Set6,Liga,Constructed,BestOfThree,https://melee.gg/Tournament/View/244405
SÃ¼dlore,2025-02-15,Battle Bear Kaiserslautern,Set6,Competetive,Constructed,BestOfThree,https://melee.gg/Tournament/View/232439
Casual 2025-02-20,2025-02-20,Card Club Hockenheim,Set6,Casual,Constructed,BestOfThree,
Liga 2025-02-20,2025-02-20,Card Club Hockenheim,Set6,Liga,Constructed,BestOfThree,https://melee.gg/Tournament/View/2487045
Online 2025-02-21,2025-02-21,Home,Set6,Casual Online,Constructed,BestOfThree,
Online 2025-02-22,2025-02-22,Home,Set6,Casual Online,Constructed,BestOfThree,
Casual 2025-02-22,2025-02-22,Home,Set6,Casual,Constructed,BestOfThree,
Casual 2025-02-23,2025-02-23,Home,Set6,Casual,Constructed,BestOfThree,
Casual 2025-02-26,2025-02-26,Wizards Well,Set6,Casual,Constructed,BestOfThree,
Liga 2025-02-26,2025-02-26,Wizards Well,Set6,Liga,Draft,BestOfThree,https://melee.gg/Tournament/View/238863
Casual 2025-03-05,2025-03-05,Wizards Well,Set7,Casual,Constructed,BestOfThree,
Archazias Island Midnight Release,2025-03-06,Card Club Hockenheim,Set7,Liga,Sealed,BestOfThree,https://melee.gg/Tournament/View/236238
Archazias Island Release,2025-03-08,Wizards Well,Set7,Liga,Sealed,BestOfThree,https://melee.gg/Tournament/View/246777
Archazias Island Release Constructed,2025-03-09,Battle Bear Kaiserslautern,Set7,Liga,Constructed,BestOfThree,https://melee.gg/Tournament/View/258976
Casual 2025-03-12,2025-03-12,Wizards Well,Set7,Casual,Constructed,BestOfThree,
Liga 2025-03-12,2025-03-12,Wizards Well,Set7,Liga,Draft,BestOfThree,https://melee.gg/Tournament/View/264142
Casual 2025-03-13,2025-03-13,Card Club Hockenheim,Set7,Casual,Constructed,BestOfThree,
Liga 2025-03-13,2025-03-13,Card Club Hockenheim,Set7,Liga,Draft,BestOfThree,https://melee.gg/Tournament/View/264516
Franchises 2025-03-16,2025-03-16,RaumZeitLabor,Set7,Casual,Constructed,BestOfThree,https://melee.gg/Tournament/View/258842
Liga 2025-03-19,2025-03-19,Wizards Well,Set7,Liga,Constructed,BestOfThree,https://melee.gg/Tournament/View/264143
Casual 2025-03-20,2025-03-20,Card Club Hockenheim,Set7,Casual,Constructed,BestOfThree,
Liga 2025-03-20,2025-03-20,Card Club Hockenheim,Set7,Liga,Constructed,BestOfThree,https://melee.gg/Tournament/View/269241
Online 2025-03-21,2025-03-21,Home,Set7,Casual Online,Constructed,BestOfThree,
Casual 2025-03-22,2025-03-22,Card Club Hockenheim,Set7,Casual,Constructed,BestOfThree,
Liga 2025-03-22,2025-03-22,Card Club Hockenheim,Set7,Liga,Constructed,BestOfThree,https://melee.gg/Tournament/View/274099
Casual 2025-03-24,2025-03-24,Home,Set7,Casual,Constructed,BestOfThree,
Online 2025-03-25,2025-03-25,Home,Set7,Casual Online,Constructed,BestOfThree,
Casual 2025-03-26,2025-03-26,Wizards Well,Set7,Casual,Constructed,BestOfThree,
Liga 2025-03-26,2025-03-26,Wizards Well,Set7,Liga,Constructed,BestOfThree,https://melee.gg/Tournament/View/264144
Liga 2025-03-27,2025-03-27,Card Club Hockenheim,Set7,Liga,Constructed,BestOfThree,https://melee.gg/Tournament/View/275404
Casual 2025-03-29,2025-03-29,Card Club Hockenheim,Set7,Casual,Constructed,BestOfThree,
Casual 2025-03-30,2025-03-30,Home,Set7,Casual,Constructed,BestOfThree,
Casual 2025-04-02,2025-04-02,Wizards Well,Set7,Casual,Constructed,BestOfThree,
Liga 2025-04-02,2025-04-02,Wizards Well,Set7,Liga,Constructed,BestOfThree,https://melee.gg/Tournament/View/278787
Casual 2025-04-03,2025-04-03,Card Club Hockenheim,Set7,Casual,Constructed,BestOfThree,
Liga 2025-04-03,2025-04-03,Card Club Hockenheim,Set7,Liga,Constructed,BestOfThree,https://melee.gg/Tournament/View/280750
Online 2025-04-07,2025-04-07,Home,Set7,Casual Online,Constructed,BestOfThree,
Casual 2025-04-09,2025-04-09,Wizards Well,Set7,Casual,Constructed,BestOfThree,
Liga 2025-04-09,2025-04-09,Wizards Well,Set7,Liga,Constructed,BestOfThree,https://melee.gg/Tournament/View/278788
Casual 2025-04-10,2025-04-10,Card Club Hockenheim,Set7,Casual,Constructed,BestOfThree,
Liga 2025-04-10,2025-04-10,Card Club Hockenheim,Set7,Liga,Constructed,BestOfThree,https://melee.gg/Tournament/View/285490
Eastlore 2025,2025-04-12,Messe Leipzig,Set7,Competetive,Constructed,BestOfThree,https://melee.gg/Tournament/View/287557
Online 2025-04-13,2025-04-13,Home,Set7,Casual Online,Constructed,BestOfThree,
Online 2025-04-15,2025-04-15,Home,Set7,Casual Online,Constructed,BestOfThree,
Casual 2025-04-16,2025-04-16,Wizards Well,Set7,Casual,Constructed,BestOfThree,
Liga 2025-04-16,2025-04-16,Wizards Well,Set7,Liga,Constructed,BestOfThree,https://melee.gg/Tournament/View/278789
Online 2025-04-17,2025-04-17,Home,Set7,Casual Online,Constructed,BestOfThree,
Casual 2025-04-17,2025-04-17,Card Club Hockenheim,Set7,Casual,Constructed,BestOfThree,
Liga 2025-04-17,2025-04-17,Card Club Hockenheim,Set7,Liga,Constructed,BestOfThree,https://melee.gg/Tournament/View/289939
Casual 2025-04-23,2025-04-23,Wizards Well,Set7,Casual,Constructed,BestOfThree,
Liga 2025-04-23,2025-04-23,Wizards Well,Set7,Liga,Constructed,BestOfThree,https://melee.gg/Tournament/View/278796
Casual 2025-04-24,2025-04-24,Card Club Hockenheim,Set7,Casual,Constructed,BestOfThree,
Liga 2025-04-24,2025-04-24,Card Club Hockenheim,Set7,Liga,Constructed,BestOfThree,https://melee.gg/Tournament/View/295275
Casual 2025-04-25,2025-04-25,Ravensburg,Set7,Casual,Constructed,BestOfThree,
Ravensburg 2025,2025-04-26,Ravensburg,Set7,Competetive,Constructed,TwoGameFormat,https://melee.gg/Tournament/View/285406
Casual 2025-04-30,2025-04-30,Wizards Well,Set7,Casual,Constructed,BestOfThree,
Liga 2025-04-30,2025-04-30,Wizards Well,Set7,Liga,Constructed,BestOfThree,https://melee.gg/Tournament/View/278800
Casual 2025-05-01,2025-05-01,Home,Set7,Casual,Constructed,BestOfThree,
Casual 2025-05-02,2025-05-02,Card Club Hockenheim,Set7,Casual,Constructed,BestOfThree,
Card Club Archazias Island Set Championship,2025-05-03,Card Club Hockenheim,Set7,Set Championship,Constructed,BestOfThree,https://melee.gg/Tournament/View/275397
Casual 2025-05-07,2025-05-07,Wizards Well,Set7,Casual,Constructed,BestOfThree,
Liga 2025-05-07,2025-05-07,Wizards Well,Set7,Liga,Constructed,BestOfThree,https://melee.gg/Tournament/View/298325
Casual 2025-05-08,2025-05-08,Card Club Hockenheim,Set7,Casual,Constructed,BestOfThree,
Casual 2025-05-24,2025-05-24,Home,Set7,Casual,Constructed,BestOfThree,
Cool Speyer Archazias Island Set Championship,2025-05-25,Cool Speyer,Set7,Set Championship,Constructed,BestOfThree,
Reign of Jafar Well PreRelease,2025-05-30,Wizards Well,Set8,Liga,Sealed,BestOfOne,https://melee.gg/Tournament/View/305372
Reign of Jafar Card Club PreRelease,2025-05-30,Card Club Hockenheim,Set8,Liga,Sealed,BestOfThree,https://melee.gg/Tournament/View/304701
Reign of Jafar RB Store PreRelease,2025-05-31,Ravensburger Store Mannheim,Set8,Liga,Sealed,BestOfThree,https://melee.gg/Tournament/View/307419
Reign of Jafar PreRelease Constructed,2025-06-01,Battle Bear Kaiserslautern,Set8,Competetive,Constructed,BestOfThree,https://melee.gg/Tournament/View/311138
Liga 2025-06-04,2025-06-04,Wizards Well,Set8,Liga,Draft,BestOfThree,https://melee.gg/Tournament/View/319194
Casual 2025-06-04,2025-06-04,Wizards Well,Set8,Casual,Constructed,BestOfThree,
Liga 2025-06-05,2025-06-05,Card Club Hockenheim,Set8,Liga,Draft,BestOfThree,https://melee.gg/Tournament/View/320666
Casual 2025-06-05,2025-06-05,Card Club Hockenheim,Set8,Casual,Constructed,BestOfThree,
Casual 2025-06-08,2025-06-08,Home,Set8,Casual,Constructed,BestOfThree,
Online 2025-06-09,2025-06-09,Home,Set8,Casual Online,Constructed,BestOfThree,
Online 2025-06-10,2025-06-10,Home,Set8,Casual Online,Constructed,BestOfThree,
Casual 2025-06-11,2025-06-11,Wizards Well,Set8,Casual,Constructed,BestOfThree,
Liga 2025-06-12,2025-06-12,Card Club Hockenheim,Set8,Liga,Constructed,BestOfThree,https://melee.gg/Tournament/View/324338
Online 2025-06-15,2025-06-15,Home,Set8,Casual Online,Constructed,BestOfThree,
Online 2025-06-16,2025-06-16,Home,Set8,Casual Online,Constructed,BestOfThree,
Online 2025-06-17,2025-06-17,Home,Set8,Casual Online,Constructed,BestOfThree,
Casual 2025-06-18,2025-06-18,Wizards Well,Set8,Casual,Constructed,BestOfThree,
Liga 2025-06-18,2025-06-18,Wizards Well,Set8,Liga,Draft,BestOfThree,https://tcg.ravensburgerplay.com/events/154658
Online 2025-06-18,2025-06-18,Home,Set8,Casual Online,Constructed,BestOfThree,
Online 2025-06-19,2025-06-19,Home,Set8,Casual Online,Constructed,BestOfThree,
Online 2025-06-20,2025-06-20,Home,Set8,Casual Online,Constructed,BestOfThree,
Lowlands Lore Quest 1,2025-06-22,Futur Turnhout,Set8,Competetive,Constructed,TwoGameFormat,https://melee.gg/Tournament/View/328067
Online 2025-06-23,2025-06-23,Home,Set8,Casual Online,Constructed,BestOfThree,
Online 2025-06-24,2025-06-24,Home,Set8,Casual Online,Constructed,BestOfThree,
Casual 2025-06-25,2025-06-25,Wizards Well,Set8,Casual,PackRush,BestOfOne,https://tcg.ravensburgerplay.com/events/158110
Liga 2025-06-25,2025-06-25,Wizards Well,Set8,Liga,Constructed,BestOfThree,https://tcg.ravensburgerplay.com/events/158335
Casual 2025-06-26,2025-06-26,Card Club Hockenheim,Set8,Casual,Constructed,BestOfThree,
Liga 2025-06-26,2025-06-26,Card Club Hockenheim,Set8,Liga,Constructed,BestOfThree,https://tcg.ravensburgerplay.com/events/155637
Online 2025-06-27,2025-06-27,Home,Set8,Casual Online,Constructed,BestOfThree,
Online 2025-06-30,2025-06-30,Home,Set8,Casual Online,Constructed,BestOfThree,
Online 2025-07-01,2025-07-01,Home,Set8,Casual Online,Constructed,BestOfThree,
Online 2025-07-02,2025-07-02,Home,Set8,Casual Online,Constructed,BestOfThree,
Liga 2025-07-03,2025-07-03,Card Club Hockenheim,Set8,Liga,Constructed,BestOfThree,https://tcg.ravensburgerplay.com/events/155647
Online 2025-07-04,2025-07-04,Home,Set8,Casual Online,Constructed,BestOfThree,
Online 2025-07-05,2025-07-05,Home,Set8,Casual Online,Constructed,BestOfThree,
Casual 2025-07-06,2025-07-06,Home,Set8,Casual,Constructed,BestOfThree,
Online 2025-07-07,2025-07-07,Home,Set8,Casual Online,Constructed,BestOfThree,
Casual 2025-07-09,2025-07-09,Wizards Well,Set8,Casual,Constructed,BestOfOne,
Liga 2025-07-09,2025-07-09,Wizards Well,Set8,Liga,Constructed,BestOfThree,https://tcg.ravensburgerplay.com/events/162182
Casual 2025-07-10,2025-07-10,Card Club Hockenheim,Set8,Casual,Constructed,BestOfThree,
Liga 2025-07-10,2025-07-10,Card Club Hockenheim,Set8,Liga,Constructed,BestOfThree,https://tcg.ravensburgerplay.com/events/160003
Liga 2025-07-16,2025-07-16,Wizards Well,Set8,Liga,Constructed,BestOfThree,https://tcg.ravensburgerplay.com/events/162183
Casual 2025-07-17,2025-07-17,Card Club Hockenheim,Set8,Casual,Constructed,BestOfThree,
Liga 2025-07-17,2025-07-17,Card Club Hockenheim,Set8,Liga,Constructed,BestOfThree,https://tcg.ravensburgerplay.com/events/166157
Wizards Well Reign Of Jafar Set Championship,2025-07-20,Wizards Well,Set8,Set Championship,Constructed,BestOfThree,https://tcg.ravensburgerplay.com/events/158780
Team Liga 2025-07-20,2025-07-20,Home,Set8,Team Liga,Constructed,BestOfOne,
Casual 2025-07-23,2025-07-23,Wizards Well,Set8,Casual,Constructed,BestOfThree,
Liga 2025-07-23,2025-07-23,Wizards Well,Set8,Liga,Constructed,BestOfThree,https://tcg.ravensburgerplay.com/events/154647
Liga 2025-07-24,2025-07-24,Card Club Hockenheim,Set8,Liga,Constructed,BestOfThree,https://tcg.ravensburgerplay.com/events/166158
Card Club Reign of Jafar Set Championship,2025-07-27,Card Club Hockenheim,Set8,Set Championship,Constructed,BestOfThree,https://tcg.ravensburgerplay.com/events/160008
Casual 2025-07-30,2025-07-30,Wizards Well,Set8,Casual,Constructed,BestOfThree,
Liga 2025-07-31,2025-07-31,Card Club Hockenheim,Set8,Liga,Constructed,BestOfThree,https://tcg.ravensburgerplay.com/events/171796
Neusser Reign of Jafar Set Championship,2025-08-02,Spielwaren Neusser,Set8,Set Championship,Constructed,BestOfThree,https://tcg.ravensburgerplay.com/events/164012
Online 2025-08-02,2025-08-02,Home,Set8,Casual Online,Constructed,BestOfThree,
Online 2025-08-05,2025-08-05,Home,Set8,Casual Online,Constructed,BestOfThree,
Online 2025-08-06,2025-08-06,Home,Set8,Casual Online,Constructed,BestOfThree,
Liga 2025-08-09,2025-08-09,Mochi Cards,Set8,Liga,Constructed,BestOfThree,https://tcg.ravensburgerplay.com/events/169975
Casual 2025-08-09,2025-08-09,Mochi Cards,Set8,Casual,Constructed,BestOfThree,
Online 2025-08-10,2025-08-10,Home,Set8,Casual Online,Constructed,BestOfThree,
Online 2025-08-11,2025-08-11,Home,Set8,Casual Online,Constructed,BestOfThree,
Casual 2025-08-19,2025-08-19,Landhaus,Set8,Casual,Constructed,BestOfOne,
Online 2025-08-20,2025-08-20,Landhaus,Set9,Casual Online,Constructed,BestOfOne,
Online 2025-08-21,2025-08-21,Landhaus,Set9,Casual Online,Constructed,BestOfOne,
Online 2025-08-23,2025-08-23,Landhaus,Set9,Casual Online,Constructed,BestOfOne,
Card Club Fabled PreRelease,2025-08-28,Card Club Hockenheim,Set9,PreRelease,Sealed,BestOfThree,https://tcg.ravensburgerplay.com/events/166163
Wizards Well Fabled PreRelease,2025-08-29,Wizards Well,Set9,PreRelease,Sealed,BestOfOne,https://tcg.ravensburgerplay.com/events/170263
Mochi Cards Fabled PreRelease,2025-08-30,Mochi Cards,Set9,PreRelease,Sealed,BestOfThree,https://tcg.ravensburgerplay.com/events/169979
Online 2025-09-01,2025-09-01,Home,Set9,Casual Online,Constructed,BestOfThree,
Online 2025-09-02,2025-09-02,Home,Set9,Casual Online,Constructed,BestOfThree,
Liga 2025-09-03,2025-09-03,Wizards Well,Set9,Liga,Sealed,BestOfThree,https://tcg.ravensburgerplay.com/events/178801
Casual 2025-09-03,2025-09-03,Wizards Well,Set9,Casual,Constructed,BestOfThree,
Liga 2025-09-04,2025-09-04,Card Club Hockenheim,Set9,Liga,Draft,BestOfThree,https://tcg.ravensburgerplay.com/events/177439
Casual 2025-09-04,2025-09-04,Card Club Hockenheim,Set9,Casual,Constructed,BestOfThree,
Online 2025-09-05,2025-09-05,Home,Set9,Casual Online,Constructed,BestOfThree,
Liga 2025-09-06,2025-09-06,Mochi Cards,Set9,Liga,Draft,BestOfThree,https://tcg.ravensburgerplay.com/events/187731
Liga 2025-09-10,2025-09-10,Wizards Well,Set9,Liga,Constructed,BestOfThree,https://tcg.ravensburgerplay.com/events/189482
Casual 2025-09-10,2025-09-10,Wizards Well,Set9,Casual,Constructed,BestOfThree,
Liga 2025-09-11,2025-09-11,Card Club Hockenheim,Set9,Liga,Constructed,BestOfThree,https://tcg.ravensburgerplay.com/events/177440
Casual 2025-09-11,2025-09-11,Card Club Hockenheim,Set9,Casual,Constructed,BestOfThree,
Online 2025-09-14,2025-09-14,Home,Set9,Casual Online,Constructed,BestOfThree,
Online 2025-09-15,2025-09-15,Home,Set9,Casual Online,Constructed,BestOfThree,
Online 2025-09-16,2025-09-16,Home,Set9,Casual Online,Constructed,BestOfThree,
Online 2025-09-17,2025-09-17,Home,Set9,Casual Online,Constructed,BestOfThree,
Liga 2025-09-17,2025-09-17,Wizards Well,Set9,Liga,Constructed,BestOfThree,https://tcg.ravensburgerplay.com/events/189483
Casual 2025-09-17,2025-09-17,Wizards Well,Set9,Casual,Constructed,BestOfThree,
Liga 2025-09-18,2025-09-18,Card Club Hockenheim,Set9,Liga,Constructed,BestOfThree,https://tcg.ravensburgerplay.com/events/177441
Casual 2025-09-18,2025-09-18,Card Club Hockenheim,Set9,Casual,Constructed,BestOfThree,
Liga 2025-09-20,2025-09-20,Mochi Cards,Set9,Liga,Constructed,BestOfThree,https://tcg.ravensburgerplay.com/events/189411
Casual 2025-09-20,2025-09-20,Mochi Cards,Set9,Casual,Constructed,BestOfThree,
Franchises 2025-09-21,2025-09-21,RaumZeitLabor,Set9,Casual,Constructed,BestOfThree,https://melee.gg/Tournament/View/314625
Online 2025-09-28,2025-09-28,Home,Set9,Casual Online,Constructed,BestOfThree,
Online 2025-09-29,2025-09-29,Home,Set9,Casual Online,Constructed,BestOfThree,
Online 2025-09-30,2025-09-30,Home,Set9,Casual Online,Constructed,BestOfThree,
Online 2025-10-01,2025-10-01,Home,Set9,Casual Online,Constructed,BestOfThree,
Online 2025-10-02,2025-10-02,Home,Set9,Casual Online,Constructed,BestOfThree,
DLC Bologna 2025,2025-10-04,Bologna,Set9,Disney Lorcana Challenge,Constructed,BestOfThree,https://tcg.ravensburgerplay.com/events/208627
DLC Bologna 2025 Infinity,2025-10-05,Bologna,Set9,Disney Lorcana Challenge Side,Constructed Infinity,BestOfThree,https://tcg.ravensburgerplay.com/events/211690
Online 2025-10-05,2025-10-05,Home,Set9,Casual Online,Constructed,BestOfOne,
Online 2025-10-06,2025-10-06,Home,Set9,Casual Online,Constructed,BestOfOne,
Online 2025-10-07,2025-10-07,Home,Set9,Casual Online,Constructed,BestOfOne,
Online 2025-10-08,2025-10-08,Home,Set9,Casual Online,Constructed,BestOfOne,
Casual 2025-10-08,2025-10-08,Wizards Well,Set9,Casual,Constructed,BestOfThree,
Online 2025-10-09,2025-10-09,Home,Set9,Casual Online,Constructed,BestOfOne,
Online 2025-10-10,2025-10-10,Home,Set9,Casual Online,Constructed,BestOfOne,
Online 2025-10-11,2025-10-11,Home,Set9,Casual Online,Constructed,BestOfOne,
Wizards Fabled Set Championship,2025-10-12,Wizards Well,Set9,Set Championship,Constructed,BestOfThree,https://tcg.ravensburgerplay.com/events/191367
Online 2025-10-13,2025-10-13,Home,Set9,Casual Online,Constructed,BestOfOne,
Online 2025-10-14,2025-10-14,Home,Set9,Casual Online,Constructed,BestOfOne,
Online 2025-10-15,2025-10-15,Home,Set9,Casual Online,Constructed,BestOfOne,
Online 2025-10-16,2025-10-16,Home,Set9,Casual Online,Constructed,BestOfOne,
Liga 2025-10-16,2025-10-16,Card Club Hockenheim,Set9,Liga,Constructed,BestOfThree,https://tcg.ravensburgerplay.com/events/224043
Casual 2025-10-16,2025-10-16,Card Club Hockenheim,Set9,Casual,Constructed,BestOfThree,
Card Club Fabled Set Championship,2025-10-18,Card Club Hockenheim,Set9,Set Championship,Constructed,BestOfThree,https://tcg.ravensburgerplay.com/events/217262
Mochi Cards Fabled Set Championship,2025-10-18,Mochi Cards,Set9,Set Championship,Constructed,BestOfThree,https://tcg.ravensburgerplay.com/events/189477
Online 2025-10-23,2025-10-23,Home,Set9,Casual Online,Constructed,BestOfOne,
Liga 2025-10-23,2025-10-23,Card Club Hockenheim,Set9,Liga,Constructed,BestOfThree,https://tcg.ravensburgerplay.com/events/238153
Online 2025-10-24,2025-10-24,Home,Set9,Casual Online,Constructed,BestOfOne,
Casual 2025-10-30,2025-10-30,Card Club Hockenheim,Set9,Casual,Constructed,BestOfThree,
Liga 2025-10-30,2025-10-30,Card Club Hockenheim,Set9,Liga,Constructed,BestOfThree,https://tcg.ravensburgerplay.com/events/245150
LTD Qualification,2025-11-01,Home,Set9,Team Liga,Constructed,BestOfOne,https://melee.gg/Tournament/View/376208
LTD Season 1 Day 1,2025-11-04,Home,Set9,Team Liga,Constructed,BestOfOne,
Card Club Whispers PreRelease,2025-11-06,Card Club Hockenheim,Set10,PreRelease,Sealed,BestOfThree,https://tcg.ravensburgerplay.com/events/243028
Wizards Whispers PreRelease,2025-11-07,Wizards Well,Set10,PreRelease,Sealed,BestOfThree,https://tcg.ravensburgerplay.com/events/236890
Mochi Cards Whispers PreRelease,2025-11-08,Mochi Cards,Set10,PreRelease,Sealed,BestOfThree,https://tcg.ravensburgerplay.com/events/244007
Battle Bear Whispers PreRelease Constructed,2025-11-09,BattleBear,Set10,PreRelease,Constructed,BestOfThree,https://tcg.ravensburgerplay.com/events/250363
Online 2025-11-10,2025-11-10,Home,Set10,Casual Online,Constructed,BestOfOne,
Online 2025-11-11,2025-11-11,Home,Set10,Casual Online,Constructed,BestOfOne,
Casual 2025-11-12,2025-11-12,Wizards Well,Set10,Casual,Constructed,BestOfThree,
Liga 2025-11-12,2025-11-12,Wizards Well,Set10,Liga,Sealed,BestOfThree,https://tcg.ravensburgerplay.com/events/254630
Online 2025-11-13,2025-11-13,Home,Set10,Casual Online,Constructed,BestOfThree,
Online 2025-11-14,2025-11-14,Home,Set10,Casual Online,Constructed,BestOfThree,
Liga 2025-11-15,2025-11-15,Mochi Cards,Set10,Liga,Constructed,BestOfThree,https://tcg.ravensburgerplay.com/events/263363
Online 2025-11-16,2025-11-16,Home,Set10,Casual Online,Constructed,BestOfThree,
Online 2025-11-17,2025-11-17,Home,Set10,Casual Online,Constructed,BestOfThree,
Online 2025-11-18,2025-11-18,Home,Set10,Casual Online,Constructed,BestOfThree,
Online 2025-11-19,2025-11-19,Home,Set10,Casual Online,Constructed,BestOfThree,
LTD Season 1 Day 2,2025-11-20,Home,Set10,Team Liga,Constructed,BestOfOne,
Online 2025-11-21,2025-11-21,Home,Set10,Casual Online,Constructed,BestOfOne,
Online 2025-11-23,2025-11-24,Home,Set10,Casual Online,Constructed,BestOfOne,
Online 2025-11-24,2025-11-24,Home,Set10,Casual Online,Constructed,BestOfOne,
LTD Season 1 Day 3,2025-11-25,Home,Set10,Team Liga,Constructed,BestOfOne,
Casual 2025-11-26,2025-11-26,Wizards Well,Set10,Casual,Constructed,BestOfThree,
Casual 2025-11-27,2025-11-27,Card Club Hockenheim,Set10,Casual,Constructed,BestOfThree,
Liga 2025-11-27,2025-11-27,Card Club Hockenheim,Set10,Liga,Constructed,BestOfThree,https://tcg.ravensburgerplay.com/events/284228
ComicCon CCQ Main,2025-11-29,Messe Stuttgart,Set10,Competetive,Constructed,BestOfThree,https://tcg.ravensburgerplay.com/events/266796
ComicCon CCQ Infinity,2025-11-30,Messe Stuttgart,Set10,Competetive,Constructed Infinity,BestOfThree,https://tcg.ravensburgerplay.com/events/287427
Online 2025-12-02,2025-12-02,Home,Set10,Casual Online,Constructed,BestOfOne,
Online 2025-12-03,2025-12-03,Home,Set10,Casual Online,Constructed,BestOfOne,
Online 2025-12-04,2025-12-04,Home,Set10,Casual Online,Constructed,BestOfOne,
Liga 2025-12-04,2025-12-04,Card Club Hockenheim,Set10,Liga,Constructed,BestOfThree,https://tcg.ravensburgerplay.com/events/295563
Online 2025-12-05,2025-12-05,Home,Set10,Casual Online,Constructed,BestOfOne,
Liga 2025-12-06,2025-12-06,Mochi Cards,Set10,Liga,Constructed,BestOfThree,https://tcg.ravensburgerplay.com/events/288908
Online 2025-12-07,2025-12-07,Home,Set10,Casual Online,Constructed,BestOfOne,
Online 2025-12-08,2025-12-08,Home,Set10,Casual Online,Constructed,BestOfOne,
Online 2025-12-09,2025-12-09,Home,Set10,Casual Online,Constructed,BestOfOne,
Online 2025-12-10,2025-12-10,Home,Set10,Casual Online,Constructed,BestOfOne,
LTD Season 1 Day 4,2025-12-11,Home,Set10,Team Liga,Constructed,BestOfOne,
Wizards Infinity Weekend,2025-12-14,Wizards Well,Set10,Liga,Constructed Infinity,BestOfThree,https://tcg.ravensburgerplay.com/events/268440
Online 2025-12-15,2025-12-15,Home,Set10,Casual Online,Constructed,BestOfOne,
Online 2025-12-16,2025-12-16,Home,Set10,Casual Online,Constructed,BestOfOne,
LTD Season 1 Day 5,2025-12-16,Home,Set10,Team Liga,Constructed,BestOfOne,
Liga 2025-12-18,2025-12-18,Card Club Hockenheim,Set10,Liga,Constructed Infinity,BestOfThree,https://tcg.ravensburgerplay.com/events/308734
Liga 2025-12-20,2025-12-20,Mochi Cards,Set10,Liga,Constructed,BestOfThree,https://tcg.ravensburgerplay.com/events/288912
Online 2025-12-22,2025-12-22,Home,Set10,Casual Online,Constructed,BestOfOne,
Online 2025-12-23,2025-12-23,Home,Set10,Casual Online,Constructed,BestOfOne,
LTD Season 1 Day 6,2025-12-23,Home,Set10,Team Liga,Constructed,BestOfOne,
Online 2025-12-26,2025-12-26,Home,Set10,Casual Online,Constructed,BestOfOne,
Liga 2025-12-27,2025-12-27,Mochi Cards,Set10,Liga,Constructed,BestOfThree,https://tcg.ravensburgerplay.com/events/288913
Online 2025-12-28,2025-12-28,Home,Set10,Casual Online,Constructed,BestOfOne,
Online 2025-12-29,2025-12-29,Home,Set10,Casual Online,Constructed,BestOfOne,
Online 2025-12-30,2025-12-30,Home,Set10,Casual Online,Constructed,BestOfOne,
Online 2026-01-01,2026-01-01,Home,Set10,Casual Online,Constructed,BestOfOne,
Online 2026-01-02,2026-01-02,Home,Set10,Casual Online,Constructed,BestOfOne,
Online 2026-01-03,2026-01-03,Home,Set10,Casual Online,Constructed,BestOfOne,
Spielgetuschel Wispers of the Well Set Championship,2026-01-03,Spielgetuschel,Set10,Set Championship,Constructed,BestOfThree,https://tcg.ravensburgerplay.com/events/306325
FancyTreasure Wispers of the Well Set Championship,2026-01-04,FancyTreasure,Set10,Set Championship,Constructed,BestOfThree,https://tcg.ravensburgerplay.com/events/301847
Online 2026-01-05,2026-01-05,Home,Set10,Casual Online,Constructed,BestOfOne,
Online 2026-01-06,2026-01-06,Home,Set10,Casual Online,Constructed,BestOfOne,
Online 2026-01-07,2026-01-07,Home,Set10,Casual Online,Constructed,BestOfOne,
Casual 2026-01-07,2026-01-07,Wizards Well,Set10,Casual,Constructed,BestOfThree,
Online 2026-01-08,2026-01-08,Home,Set10,Casual Online,Constructed,BestOfOne,
Casual 2026-01-08,2026-01-08,Card Club Hockenheim,Set10,Casual,Constructed,BestOfThree,
Liga 2026-01-08,2026-01-08,Card Club Hockenheim,Set10,Liga,Constructed,BestOfThree,https://tcg.ravensburgerplay.com/events/328591