Category,Date,Duration,OTP/OTD,Result,Your Name,Your Tier,Your MMR,Your Colors,Opponent Name,Opponent Tier,Opponent MMR,Opponent Colors
011-BO3,"18/02/2026, 10:36:57",9m 29s,OTP,Won,shinobi64,20,1773.91,amethyst-steel,Mr Snoops Disguised Peddler,20,1540.8,amber-sapphire
011-BO3,"18/02/2026, 08:50:29",31m 21s,OTP,Won,shinobi64,20,1766.18,amethyst-steel,sup fresh our turn baby OTD,20,1765.28,amber-amethyst
011-BO3,"17/02/2026, 14:01:12",37m 59s,OTP,Won,shinobi64,20,1743.68,amethyst-steel,Yao Intellectual Visionary,20,1641.7,amethyst-sapphire
011-BO3,"17/02/2026, 10:34:58",15m 29s,OTD,Won,shinobi64,20,1728.06,amethyst-steel,RDurban,20,1822.61,amethyst-sapphire
011-BO3,"17/02/2026, 09:29:43",25m 48s,OTP,Won,shinobi64,20,1700.86,amethyst-steel,Ursula Clumsy Kid,0,1573.75,amethyst-sapphire
011-BO3,"16/02/2026, 21:59:47",23m 56s,OTD,Won,shinobi64,20,1685.98,amethyst-steel,Zhiz,20,1561.32,amethyst-emerald
011-BO3,"16/02/2026, 21:16:56",42m 29s,OTP,Lost,shinobi64,20,1673.93,amethyst-steel,sup fresh our turn baby OTD,20,1753.07,amber-amethyst
011-BO3,"16/02/2026, 20:40:11",24m 8s,OTD,Won,shinobi64,20,1684.42,amethyst-steel,Robin Hood Illuminary Keeper,0,1707.22,amber-amethyst
011-BO3,"16/02/2026, 19:25:57",17m 11s,OTD,Won,shinobi64,20,1661.58,amethyst-steel,Olaf Very Small Animal,0,1516.54,amber-sapphire
011-BO3,"16/02/2026, 18:50:13",22m 19s,OTP,Won,shinobi64,20,1648.86,amethyst-steel,MAIDUZA,40,1579.47,amber-steel
011-BO3,"16/02/2026, 17:42:11",19m 4s,OTD,Lost,shinobi64,20,1627.51,amethyst-sapphire,BoundByInk,40,1630.08,amber-steel
011-BO3,"16/02/2026, 16:32:20",44m 15s,OTP,Lost,shinobi64,20,1641.4,amber-sapphire,Clawhauser Lord Of The Underworld,0,1743.45,amber-sapphire
011-BO3,"16/02/2026, 16:25:03",6m 47s,OTP,Lost,shinobi64,20,1655.85,amber-sapphire,Moana Camp Cook,0,1736.57,amethyst-emerald
011-BO3,"12/02/2026, 15:18:41",15m 40s,OTD,Won,shinobi64,20,1672.07,amethyst-sapphire,Hecate,20,1510.99,amethyst-ruby
011-BO3,"12/02/2026, 09:49:57",19m 35s,OTD,Won,shinobi64,20,1657.5,amethyst-sapphire,Diabeto88,20,1574.48,sapphire-steel
011-BO3,"12/02/2026, 09:22:34",17m 36s,OTP,Won,shinobi64,20,1638.33,amethyst-sapphire,Tipo Cruelest Of All,0,1729.45,amethyst-sapphire
011-BO3,"12/02/2026, 08:59:16",22m 13s,OTD,Lost,shinobi64,20,1605.53,amethyst-sapphire,Gyro Gearloose Lamp Thief,0,1511.31,amethyst-sapphire
011-BO3,"12/02/2026, 08:22:30",12m 42s,OTD,Lost,shinobi64,20,1632.28,amethyst-sapphire,Alistair Krei Unwavering Demigod,0,1603.85,amber-amethyst
011-BO1,"11/02/2026, 18:59:35",4m 53s,OTD,Won,shinobi64,20,1459.13,amethyst-sapphire,The Prince Femme Fatale,0,1406.22,ruby-sapphire
011-BO3,"11/02/2026, 17:57:46",11m 0s,OTD,Won,shinobi64,20,1657.66,amethyst-sapphire,Kohut Lively Sweeper,0,1549.03,amethyst-sapphire
011-BO3,"11/02/2026, 14:52:47",28m 35s,OTP,Lost,shinobi64,20,1636.55,amethyst-sapphire,Bucky Noisy Knight,0,1651.35,amethyst-emerald
011-BO3,"11/02/2026, 11:23:03",18m 26s,OTD,Won,shinobi64,20,1664.33,amethyst-sapphire,Yelana Queen Of The Gods,10,1374.4,emerald-sapphire
011-BO3,"11/02/2026, 11:04:21",17m 17s,OTP,Won,shinobi64,20,1640.12,amethyst-sapphire,Simba The Lion King,20,1512.63,amber-sapphire
011-BO3,"10/02/2026, 17:30:18",36m 42s,OTP,Won,shinobi64,20,1617.99,amethyst-sapphire,Jamonk,30,1538.81,amber-sapphire
011-BO3,"10/02/2026, 17:03:17",26m 2s,OTD,Lost,shinobi64,20,1582.29,amethyst-sapphire,Tigger Vanquisher Of Foes,0,1600.39,amber-steel
011-BO3,"10/02/2026, 16:33:41",19m 8s,OTP,Won,shinobi64,20,1614.11,amethyst-sapphire,Yokai Courageous Captain,20,1522.63,amber-ruby
011-BO3,"10/02/2026, 14:00:31",7m 13s,OTP,Lost,shinobi64,20,1571.59,amethyst-sapphire,Shere Khan Bookworm,20,1631.74,amber-amethyst
011-BO3,"10/02/2026, 13:42:03",13m 42s,OTD,Lost,shinobi64,20,1606.68,amethyst-sapphire,JustGary,20,1657.54,amber-sapphire
011-BO3,"09/02/2026, 16:55:28",25m 24s,OTD,Won,shinobi64,20,1642.98,amethyst-sapphire,Sergeant Tibbs Nimble Candelabra,20,1607.08,amber-amethyst
011-BO3,"09/02/2026, 16:34:13",20m 7s,OTD,Lost,shinobi64,20,1593.47,amethyst-sapphire,Zaro,20,1835.4,amethyst-ruby
011-BO3,"09/02/2026, 15:22:13",37m 21s,OTD,Won,shinobi64,20,1621.62,amethyst-sapphire,Pascal Sinister Visitor,0,1623.86,amethyst-sapphire
011-BO3,"09/02/2026, 10:52:12",17m 18s,OTP,Won,shinobi64,20,1526.47,amethyst-sapphire,Beast Cruelest Of All,0,1415.19,amethyst-steel
011-BO3,"09/02/2026, 10:34:43",16m 49s,OTD,Lost,shinobi64,20,1429.15,amethyst-sapphire,JeffDerGraue,10,1683.57,amber-emerald
011-BO3,"09/02/2026, 09:31:43",17m 29s,OTD,Won,shinobi64,20,1505.12,amethyst-sapphire,Trapman Zae,20,1345.8,sapphire-steel
011-BO1,"09/02/2026, 08:18:58",5m 38s,OTD,Won,shinobi64,20,1345.64,amethyst-sapphire,Elsa Adventurous Collector,0,1176.84,emerald-ruby
011-BO1,"06/02/2026, 18:27:52",10m 56s,OTD,Lost,shinobi64,20,1206.22,amber-emerald,Arthur Old Sheepdog,20,1571.24,amber-ruby
011-BO1,"06/02/2026, 17:37:23",8m 24s,OTD,Won,shinobi64,20,1696.02,amber-emerald,Pascal8,20,1565.41,amethyst-emerald
011-BO1,"06/02/2026, 17:27:52",8m 57s,OTP,Lost,shinobi64,20,1671.16,amber-emerald,March Hare Defiant Protector,0,1605.8,ruby-sapphire
011-BO1,"04/02/2026, 18:32:22",1m 58s,OTP,Won,shinobi64,20,1700.04,amber-emerald,Mullins Mr Lightning Bolts,20,1675.77,emerald-sapphire
011-BO1,"04/02/2026, 18:01:07",3m 39s,OTP,Won,shinobi64,20,1699.3,amber-emerald,"Cyril ""Cyriius"" Pitalot",20,1632,amber-emerald
011-BO1,"04/02/2026, 17:25:07",14m 2s,OTD,Lost,shinobi64,20,1671.25,amber-emerald,Hera Morning Mist,0,1601.28,emerald-sapphire
011-BO1,"04/02/2026, 17:19:08",5m 12s,OTP,Lost,shinobi64,20,1675.48,amber-emerald,Louis Musketeer,0,1764.21,ruby-sapphire
011-BO1,"04/02/2026, 17:11:52",6m 32s,OTD,Lost,shinobi64,20,1673.43,amber-emerald,XanderT,20,1638.02,ruby-sapphire
011-BO1,"04/02/2026, 13:20:23",5m 9s,OTP,Won,shinobi64,20,1698.36,amber-emerald,BonyTony,20,1637.91,amber-emerald
011-BO1,"04/02/2026, 10:28:07",8m 57s,OTD,Won,shinobi64,20,1693.7,amber-emerald,Snow White Imperial Captain,20,1529.08,amber-emerald
011-BO1,"04/02/2026, 10:18:07",9m 49s,OTP,Lost,shinobi64,20,1670.14,amber-emerald,Moana Leader Of The Seven Dwarfs,20,1568.67,amber-sapphire
011-BO1,"03/02/2026, 21:32:07",10m 6s,OTD,Won,shinobi64,20,1686.92,amber-amethyst,The_Doctor,30,1687.78,amber-emerald
011-BO1,"03/02/2026, 17:37:23",17m 13s,OTP,Won,shinobi64,20,1674.98,amber-amethyst,Honey Lemon Bored Royal,0,1694.64,amethyst-sapphire
011-BO1,"03/02/2026, 17:30:08",6m 52s,OTP,Lost,shinobi64,20,1662.62,amber-amethyst,Lots-O Huggin Bear,20,1688.85,ruby-sapphire
011-BO1,"03/02/2026, 17:22:22",7m 0s,OTP,Won,shinobi64,20,1674.4,amber-amethyst,LCB,20,1644.08,amber-ruby
011-BO1,"03/02/2026, 17:13:37",8m 11s,OTD,Lost,shinobi64,20,1658.32,amber-amethyst,Anatidae_SSA,0,1817.88,amethyst-sapphire
011-BO1,"03/02/2026, 17:01:23",11m 28s,OTD,Lost,shinobi64,20,1667.53,amber-amethyst,ILM_Cocobalt,20,1560.47,ruby-sapphire
011-BO1,"03/02/2026, 15:35:52",9m 40s,OTP,Won,shinobi64,20,1684.39,amber-amethyst,Pain Covert Agent,0,1611.42,ruby-sapphire
011-BO1,"03/02/2026, 15:19:37",15m 29s,OTP,Won,shinobi64,20,1673.28,amber-amethyst,Koda Bovine Protector,20,1512.25,ruby-sapphire
011-BO1,"03/02/2026, 11:58:25",8m 38s,OTD,Won,shinobi64,20,1666.01,amber-amethyst,Eeyore Mirror Seeker,0,1603.18,amber-ruby
011-BO1,"03/02/2026, 10:59:37",9m 8s,OTP,Won,shinobi64,20,1655.67,amber-amethyst,Signoraaaaa i limoniiii,20,1683.56,amethyst-sapphire
011-BO1,"03/02/2026, 10:46:23",12m 38s,OTP,Lost,shinobi64,20,1642.34,amber-amethyst,PiccolloX,20,1699.87,sapphire-steel
011-BO1,"03/02/2026, 10:42:07",3m 51s,OTD,Won,shinobi64,20,1654.43,amber-amethyst,Tipo Cruelest Of All,0,1473.34,amber-ruby
011-BO1,"03/02/2026, 10:34:08",7m 25s,OTD,Lost,shinobi64,20,1647.02,amber-amethyst,Signoraaaaa i limoniiii,20,1715.58,amethyst-sapphire
011-BO1,"03/02/2026, 10:23:22",10m 0s,OTD,Lost,shinobi64,20,1659.47,amber-amethyst,Gloyd Orangeboar Wind Spirit,20,1651.37,amber-sapphire
011-BO1,"03/02/2026, 09:40:37",14m 40s,OTP,Won,shinobi64,20,1673.8,amber-amethyst,LEO_DPRX,20,1732.45,amber-amethyst
011-BO1,"03/02/2026, 09:23:37",16m 36s,OTD,Won,shinobi64,20,1659.36,amber-amethyst,_AD-S_ Shaman doc,20,1621.71,amethyst-sapphire
011-BO1,"03/02/2026, 08:42:52",11m 59s,OTD,Won,shinobi64,20,1646.92,amber-amethyst,Chernabog Of Baker Street,0,1719.61,ruby-sapphire
011-BO1,"03/02/2026, 08:34:07",7m 56s,OTP,Won,shinobi64,20,1631.04,amber-amethyst,Jaq Costumed Catalyst,20,1472.72,ruby-steel
011-BO1,"03/02/2026, 08:26:07",7m 9s,OTD,Won,shinobi64,20,1622.33,amber-amethyst,Anastasia Here To Help,20,1553.71,sapphire-steel
011-BO1,"02/02/2026, 21:09:07",14m 7s,OTD,Won,shinobi64,20,1611.27,amber-amethyst,OmeletteX,20,1533.03,amber-sapphire
011-BO1,"02/02/2026, 20:55:52",12m 42s,OTP,Won,shinobi64,20,1599.82,amber-amethyst,Perla Prince Ali,20,1638.5,amethyst-ruby
011-BO1,"02/02/2026, 20:39:07",16m 5s,OTP,Won,shinobi64,20,1582.62,amber-amethyst,Kuzco The 15th Puppy,20,1434.94,sapphire-steel
011-BO1,"02/02/2026, 20:31:08",7m 26s,OTD,Lost,shinobi64,20,1573.39,amber-amethyst,Cursed Merfolk Royal Seafarer,0,1623.46,amber-steel
011-BO1,"02/02/2026, 19:49:22",11m 25s,OTD,Won,shinobi64,20,1586.61,amber-amethyst,Fidget Reflective Hummingbird,0,1654.54,amber-steel
011-BO1,"02/02/2026, 19:10:22",16m 25s,OTD,Won,shinobi64,20,1568.71,amber-amethyst,Sven Instigator,20,1625.7,amber-amethyst
011-BO1,"02/02/2026, 18:47:22",10m 55s,OTP,Won,shinobi64,20,1551.71,amber-amethyst,Casda,20,1516.05,amber-sapphire
011-BO1,"02/02/2026, 18:37:37",9m 18s,OTD,Won,shinobi64,20,1537.84,amber-amethyst,Rouxlio,20,1399.67,amber-ruby
011-BO1,"02/02/2026, 18:32:07",4m 53s,OTD,Lost,shinobi64,20,1528.07,amber-amethyst,QuiQuoQua,10,1647.14,amber-steel
011-BO1,"02/02/2026, 14:07:52",10m 5s,OTP,Won,shinobi64,20,1537.42,amber-amethyst,Chip Storm Chaser,40,1535.42,ruby-sapphire
011-BO1,"02/02/2026, 13:57:07",9m 46s,OTD,Lost,shinobi64,20,1518.63,amber-amethyst,12ubb3rduck3y,20,1648.07,amber-sapphire
011-BO1,"02/02/2026, 13:49:37",6m 47s,OTD,Lost,shinobi64,20,1529.6,amber-amethyst,March Hare Defiant Protector,0,1575.17,amber-emerald
011-BO1,"02/02/2026, 13:31:23",5m 51s,OTP,Won,shinobi64,20,1542.9,amber-amethyst,Sphiel,20,1541.35,sapphire-steel
011-BO1,"02/02/2026, 12:12:52",6m 39s,OTD,Won,shinobi64,20,1527.08,amber-amethyst,MK_ifoughtthelore,10,1381.66,amethyst-steel
011-BO1,"02/02/2026, 09:35:07",7m 56s,OTP,Won,shinobi64,20,1509.38,amber-amethyst,stitch,20,1343.33,sapphire-steel
011-BO1,"02/02/2026, 09:24:07",10m 11s,OTD,Won,shinobi64,20,1498.26,amber-amethyst,AlexLucena,40,1462.09,emerald-sapphire
011-BO1,"02/02/2026, 09:16:53",6m 55s,OTD,Lost,shinobi64,20,1481.59,amber-amethyst,Bucky Capricious Monarch,0,1690.01,amethyst-ruby
011-BO1,"01/02/2026, 17:48:38",12m 37s,OTP,Won,shinobi64,20,1488.05,amber-amethyst,MrChrissyTCG,20,1444.9,amethyst-sapphire
011-BO1,"01/02/2026, 17:33:22",14m 49s,OTP,Lost,shinobi64,20,1470.39,amber-amethyst,Frosti,30,1519.12,amber-ruby
011-BO1,"30/01/2026, 22:11:37",7m 32s,OTP,Won,shinobi64,20,1484.31,ruby-sapphire,DKARLOV,20,1409.09,amethyst-sapphire
011-BO1,"30/01/2026, 22:05:07",5m 49s,OTP,Won,shinobi64,20,1465.44,ruby-sapphire,Hades His Own Biggest Fan,20,1397.39,ruby-sapphire
011-BO1,"30/01/2026, 21:57:08",7m 32s,OTP,Lost,shinobi64,20,1449.48,ruby-sapphire,Pua Shameless Schemer,20,1576.71,amber-sapphire
011-BO1,"30/01/2026, 21:50:07",6m 20s,OTD,Lost,shinobi64,20,1460.19,ruby-sapphire,A wooden leg named Smith,10,1593.94,amber-emerald
011-BO1,"30/01/2026, 21:44:22",5m 7s,OTD,Lost,shinobi64,20,1470.52,ruby-sapphire,Thomas Omalley Disguised,20,1678.36,amber-sapphire
011-BO1,"30/01/2026, 21:38:23",5m 12s,OTP,Lost,shinobi64,20,1479.06,ruby-sapphire,Gunther Snow Queen,0,1737.94,amethyst-emerald
011-BO1,"30/01/2026, 21:28:53",8m 44s,OTD,Won,shinobi64,20,1486.29,ruby-sapphire,Wendy Darling Lord Of The Dead,20,1697.1,amethyst-ruby
011-BO1,"30/01/2026, 21:20:22",8m 1s,OTP,Lost,shinobi64,20,1453.4,ruby-sapphire,-Stormtrooper-,20,1473.18,emerald-sapphire
011-BO1,"30/01/2026, 21:02:07",14m 25s,OTD,Won,shinobi64,20,1467.87,ruby-sapphire,TTH _ Carrie,20,1584.1,amethyst-steel
011-BO1,"30/01/2026, 20:44:07",17m 24s,OTD,Lost,shinobi64,20,1438.72,ruby-sapphire,JaM ELiMiNaTa,20,1490.73,amethyst-sapphire
011-BO1,"30/01/2026, 20:32:52",10m 45s,OTD,Won,shinobi64,20,1448.92,ruby-sapphire,Sleepy Very Allergic,20,1405.73,amber-ruby
011-BO1,"30/01/2026, 20:24:22",8m 19s,OTD,Lost,shinobi64,20,1426.12,ruby-sapphire,Kaiserschmarrn,20,1568.77,amber-sapphire
011-BO1,"30/01/2026, 20:07:07",11m 19s,OTD,Won,shinobi64,20,1435.5,ruby-sapphire,Ursula Mischievous Ranger,20,1377.56,ruby-sapphire
011-BO1,"30/01/2026, 20:01:37",4m 49s,OTD,Lost,shinobi64,20,1412.8,ruby-sapphire,Aushraum,20,1360.16,sapphire-steel
011-BO1,"30/01/2026, 18:32:23",7m 44s,OTD,Lost,shinobi64,20,1430.61,ruby-sapphire,Mufasa Powerful Sorcerer,40,1560.21,emerald-steel
011-BO1,"30/01/2026, 18:25:07",6m 47s,OTD,Lost,shinobi64,20,1442.94,ruby-sapphire,Gloyd Orangeboar Wind Spirit,20,1576.49,amethyst-ruby
011-BO1,"30/01/2026, 18:17:52",6m 50s,OTD,Lost,shinobi64,20,1454.74,ruby-sapphire,Dopey News Reporter,20,1502.43,sapphire-steel
011-BO1,"30/01/2026, 17:47:07",10m 16s,OTD,Won,shinobi64,20,1468.36,ruby-sapphire,Jim Hawkins Endearing Alligator,10,1476.83,ruby-sapphire
011-BO1,"30/01/2026, 17:37:22",9m 12s,OTP,Won,shinobi64,20,1442.77,ruby-sapphire,Gloyd Orangeboar Wind Spirit,20,1465.97,amethyst-ruby
011-BO1,"30/01/2026, 17:31:07",5m 42s,OTD,Lost,shinobi64,20,1411.72,ruby-sapphire,Sphiel,20,1491.48,ruby-sapphire
011-BO1,"30/01/2026, 16:13:22",9m 48s,OTD,Won,shinobi64,20,1429.89,ruby-sapphire,Te Ka Friendly Warthog,0,1247.61,amber-amethyst
011-BO1,"30/01/2026, 15:58:22",5m 43s,OTD,Lost,shinobi64,20,1407.93,ruby-sapphire,BB _ Grumpy,20,1541.1,sapphire-steel
011-BO1,"30/01/2026, 15:47:23",10m 39s,OTP,Lost,shinobi64,20,1423.82,ruby-sapphire,SpartanSickles,20,1554.68,amber-ruby
011-BO1,"30/01/2026, 15:44:22",2m 18s,OTP,Lost,shinobi64,20,1441.23,ruby-sapphire,Maui Seasoned Knight,20,1665.4,amethyst-emerald
011-BO1,"30/01/2026, 15:24:52",10m 26s,OTP,Won,shinobi64,20,1451.75,ruby-sapphire,Sisu Spectacular Singer,0,1504.47,amber-sapphire
011-BO1,"30/01/2026, 15:17:38",6m 19s,OTD,Lost,shinobi64,20,1409.19,ruby-sapphire,Jeeves,30,1252.74,amethyst-emerald
011-BO1,"30/01/2026, 15:12:38",4m 27s,OTD,Lost,shinobi64,20,1454,ruby-sapphire,ALT_Sanguinius,10,1385.22,amethyst-emerald
011-BO1,"30/01/2026, 15:08:52",3m 11s,OTD,Lost,shinobi64,20,1487.6,ruby-sapphire,I'm Alexander The Great,20,1726.88,amber-amethyst
011-BO1,"30/01/2026, 15:02:07",6m 22s,OTP,Lost,shinobi64,20,1499.82,ruby-sapphire,Flounder Musically Talented,20,1515.53,amethyst-sapphire
011-BO1,"30/01/2026, 12:11:07",11m 29s,OTD,Won,shinobi64,20,1534.45,ruby-sapphire,Mickey Mouse Lore Hunter,40,1287.88,amethyst-sapphire
011-BO1,"30/01/2026, 12:00:22",10m 12s,OTP,Lost,shinobi64,20,1505.05,ruby-sapphire,UTO_Prestige,20,1405.56,amber-ruby
011-BO1,"30/01/2026, 11:14:22",10m 38s,OTP,Won,shinobi64,20,1559.14,ruby-sapphire,juls,20,1544.09,amber-ruby
011-BO1,"30/01/2026, 10:41:37",16m 21s,OTD,Won,shinobi64,20,1503.5,ruby-sapphire,ToddCarper,20,1382.87,amber-ruby
011-BO1,"30/01/2026, 09:50:07",2m 53s,OTP,Won,shinobi64,20,1459.74,ruby-sapphire,Te Ka Sensing Weakness,20,1214.92,amber-steel
011-BO1,"30/01/2026, 09:26:22",15m 0s,OTP,Won,shinobi64,20,1422.63,ruby-sapphire,Ares Dogged Companion,0,1296.41,ruby-sapphire
011-BO1,"30/01/2026, 09:01:23",15m 1s,OTD,Won,shinobi64,20,1338.97,ruby-sapphire,DKARLOV,20,1187.7,amethyst-sapphire
011-BO1,"30/01/2026, 08:51:38",8m 29s,OTP,Won,shinobi64,20,1263.31,ruby-sapphire,Jaq Costumed Catalyst,20,1294.43,amber-emerald
011-BO1,"30/01/2026, 08:35:08",15m 19s,OTP,Lost,shinobi64,20,1122.86,ruby-sapphire,Lunty,20,1362.77,amethyst-sapphire
011-BO1,"30/01/2026, 08:24:08",10m 23s,OTP,Lost,shinobi64,20,1140.13,ruby-sapphire,Raze,20,1274.91,amber-emerald
010-BO3,"26/01/2026, 16:18:29",15m 55s,OTD,Won,shinobi64,20,1633.75,amber-amethyst,ItsMeMario,20,1510.71,emerald-steel
010-BO3,"26/01/2026, 09:38:59",30m 51s,OTP,Won,shinobi64,20,1620.93,amber-amethyst,Pcory31,30,1720.8,amethyst-sapphire
010-BO1,"25/01/2026, 22:19:46",10m 3s,OTP,Won,shinobi64,20,1759.01,amber-amethyst,Inspector Tezuka Betrayed Partner,0,1464.44,sapphire-steel
010-BO1,"25/01/2026, 21:55:27",23m 31s,OTD,Lost,shinobi64,20,1754.21,amber-amethyst,Cutu,20,1691.19,amethyst-emerald
010-BO1,"25/01/2026, 21:51:12",3m 21s,OTP,Won,shinobi64,20,1767.92,amber-amethyst,Gaetan Moliere Odious Mutineer,20,1649.99,sapphire-steel
010-BO1,"25/01/2026, 15:34:56",10m 59s,OTP,Won,shinobi64,20,1760.65,amethyst-sapphire,Alice Friendly Pooch,0,1677.09,sapphire-steel
010-BO1,"25/01/2026, 15:24:27",9m 32s,OTD,Lost,shinobi64,20,1752.28,amethyst-sapphire,Pascal8,20,1622.35,amber-amethyst
010-BO1,"23/01/2026, 17:41:45",13m 38s,OTP,Won,shinobi64,20,1767.76,amethyst-sapphire,Ludwig Von Drake So Shiny!,0,1664.25,emerald-sapphire
010-BO1,"23/01/2026, 17:33:27",8m 3s,OTD,Lost,shinobi64,20,1760.46,amethyst-sapphire,Kohut Fiery Friend,0,1651.02,amber-sapphire
010-BO1,"23/01/2026, 14:08:11",9m 50s,OTD,Won,shinobi64,20,1775.13,amethyst-sapphire,Tiana Prophecy Finder,0,1665.71,emerald-sapphire
010-BO1,"23/01/2026, 14:05:26",1m 50s,OTD,Won,shinobi64,20,1768.09,amethyst-sapphire,The_rizzler,20,1718.43,sapphire-steel
010-BO1,"23/01/2026, 13:45:10",9m 28s,OTD,Won,shinobi64,20,1758.74,amethyst-sapphire,Thaddeus E Klang Gracious Host,20,1503.58,emerald-sapphire
010-BO1,"23/01/2026, 13:26:56",11m 35s,OTD,Won,shinobi64,20,1754.85,amethyst-sapphire,Pacha Champion Of Atlantica,0,1654.92,emerald-sapphire
010-BO1,"23/01/2026, 13:12:40",12m 52s,OTP,Lost,shinobi64,20,1747.07,amethyst-sapphire,Kristoff Adventurer,10,1739.68,amber-amethyst
010-BO1,"23/01/2026, 12:27:40",8m 37s,OTD,Won,shinobi64,20,1759.31,amethyst-sapphire,MgLor,20,1621.68,amber-emerald
010-BO1,"23/01/2026, 12:24:08",3m 2s,OTP,Won,shinobi64,20,1751.77,amethyst-sapphire,Sheriff Of Nottingham Three-head,20,1483.1,emerald-steel
010-BO1,"23/01/2026, 12:12:11",11m 7s,OTD,Lost,shinobi64,20,1748.49,amethyst-sapphire,Lyle Tiberius Rourke Shaman Duelist,0,1739.55,amethyst-sapphire
010-BO1,"23/01/2026, 11:56:13",9m 22s,OTD,Won,shinobi64,20,1760.26,amethyst-sapphire,TeamWalle,20,1564.1,amethyst-ruby
010-BO1,"23/01/2026, 09:43:13",6m 50s,OTP,Won,shinobi64,20,1755.14,amethyst-sapphire,Basil Zipping Around,0,1618.02,emerald-sapphire
010-BO1,"23/01/2026, 09:29:56",12m 3s,OTD,Lost,shinobi64,20,1748.13,amethyst-sapphire,Sir Pellinore Bucket Brigade,0,1794.19,sapphire-steel
010-BO1,"23/01/2026, 09:20:26",3m 19s,OTP,Won,shinobi64,20,1758.27,amethyst-sapphire,Louie Wounded,0,1719.87,amber-sapphire
010-BO1,"22/01/2026, 10:57:44",11m 48s,OTP,Won,shinobi64,20,1748.99,amethyst-sapphire,Nick Wilde Diplomatic Queen,0,1560.76,amber-steel
010-BO1,"22/01/2026, 10:36:44",12m 10s,OTP,Lost,shinobi64,20,1743.7,amethyst-sapphire,Racaille,20,1724.76,emerald-sapphire
010-BO1,"22/01/2026, 10:11:56",7m 49s,OTP,Won,shinobi64,20,1755.87,amethyst-sapphire,Fred Peter Pans Ally,0,1610.6,amethyst-emerald
010-BO1,"22/01/2026, 09:08:44",9m 7s,OTP,Won,shinobi64,20,1749.38,amethyst-sapphire,META_SLAVE,5,1687.18,amber-ruby
010-BO1,"21/01/2026, 17:13:10",10m 12s,OTP,Won,shinobi64,20,1740.5,amethyst-steel,Josega,20,1662.26,amethyst-sapphire
010-BO1,"21/01/2026, 16:57:58",14m 14s,OTD,Lost,shinobi64,20,1731.68,amethyst-steel,Denahi Mad Sea Witch,30,1591.13,emerald-sapphire
010-BO1,"21/01/2026, 16:29:55",4m 12s,OTP,Won,shinobi64,20,1747.59,amethyst-steel,Huey Wolfsbane,0,1563.51,emerald-sapphire
010-BO1,"20/01/2026, 22:19:00",5m 40s,OTP,Won,shinobi64,20,1742.16,amethyst-steel,BIADDDave,40,1724.66,amethyst-emerald
010-BO1,"20/01/2026, 22:13:46",3m 55s,OTP,Won,shinobi64,20,1731.16,amethyst-steel,Dewey Buccaneer,0,1550.75,ruby-steel
010-BO1,"20/01/2026, 21:57:00",4m 54s,OTP,Won,shinobi64,20,1724.67,amethyst-steel,Pascal Rightful Heir,20,1752.4,emerald-sapphire
010-BO1,"20/01/2026, 11:32:41",15m 30s,OTD,Won,shinobi64,20,1711.74,amethyst-steel,Gustav The Giant Magical Researc,0,1748.02,amber-emerald
010-BO1,"20/01/2026, 11:26:25",5m 3s,OTD,Won,shinobi64,20,1699.02,amethyst-steel,King Candy Radio Operator,20,1527.73,amethyst-emerald
010-BO1,"20/01/2026, 11:19:12",6m 3s,OTD,Lost,shinobi64,20,1693.27,amethyst-steel,Sir Pellinore Bucket Brigade,0,1748,sapphire-steel
010-BO1,"20/01/2026, 11:09:11",4m 36s,OTD,Won,shinobi64,20,1703.86,amethyst-steel,Rhino Random Roster Racer,0,1638.15,ruby-steel
010-BO1,"20/01/2026, 10:52:43",5m 50s,OTP,Won,shinobi64,20,1694.38,amethyst-steel,Hercules Florist,20,1700.86,amethyst-steel
010-BO1,"20/01/2026, 09:38:12",2m 18s,OTD,Won,shinobi64,20,1682.91,amethyst-steel,ChayajoM,10,1776.65,amethyst-ruby
010-BO1,"20/01/2026, 09:23:57",10m 20s,OTD,Won,shinobi64,20,1667.48,amethyst-steel,Mariano Guzman Pirate Captain,0,1694.29,amethyst-sapphire
010-BO1,"20/01/2026, 09:14:26",8m 44s,OTP,Won,shinobi64,20,1654.82,amethyst-steel,Hades Betrayer,0,1449.58,emerald-ruby
010-BO1,"20/01/2026, 09:04:50",8m 59s,OTP,Lost,shinobi64,20,1649.16,amethyst-steel,HP_Gorzeum,10,1710.2,emerald-steel
010-BO1,"20/01/2026, 08:52:45",9m 14s,OTP,Won,shinobi64,20,1658.82,amethyst-steel,Sir Pellinore Restaurant Owner,0,1547.64,amber-ruby
010-BO1,"20/01/2026, 08:47:28",4m 4s,OTP,Lost,shinobi64,20,1650.37,amethyst-steel,Tadashi Hamada Shameless Schemer,0,1607.32,emerald-sapphire
010-BO1,"20/01/2026, 08:30:17",7m 45s,OTD,Won,shinobi64,20,1663.98,amethyst-steel,Shere Khan Rescue Aid Society Agent,0,1458.14,ruby-sapphire
010-BO1,"19/01/2026, 15:42:56",4m 54s,OTP,Won,shinobi64,20,1657.67,amber-emerald,Crosbie,20,1736.06,amber-emerald
010-BO1,"19/01/2026, 15:31:27",9m 58s,OTD,Lost,shinobi64,20,1642.42,amber-emerald,TheDawgFather,20,1792.49,amber-sapphire
010-BO1,"19/01/2026, 15:20:17",6m 56s,OTD,Won,shinobi64,20,1649.71,amber-emerald,Mad Dog Pure Paragon,0,1621.92,sapphire-steel
010-BO1,"19/01/2026, 15:08:42",8m 54s,OTP,Lost,shinobi64,20,1637.8,amber-emerald,TontonFongus,20,1730.87,amethyst-ruby
010-BO1,"19/01/2026, 14:52:41",14m 30s,OTD,Lost,shinobi64,20,1646.14,amber-emerald,Goofy Demigod,0,1570.99,amber-amethyst
010-BO1,"19/01/2026, 14:42:14",9m 40s,OTP,Lost,shinobi64,20,1660.79,amber-emerald,Yao Guardian Of The Dragon Gem,0,1524.63,amber-emerald
010-BO1,"19/01/2026, 14:34:10",7m 28s,OTD,Lost,shinobi64,20,1677.4,amber-emerald,TRJP,40,1532.1,amethyst-sapphire
010-BO1,"19/01/2026, 14:28:56",4m 49s,OTD,Lost,shinobi64,20,1693.73,amber-emerald,Di Angelo,10,1797.91,emerald-sapphire
010-BO1,"19/01/2026, 14:15:57",6m 5s,OTD,Won,shinobi64,20,1701.96,amber-emerald,David Golden Child,0,1593.83,ruby-sapphire
010-BO1,"18/01/2026, 21:45:41",10m 36s,OTD,Won,shinobi64,20,1693.4,amber-emerald,Gantu Brilliant Bosun,0,1490.3,amethyst-sapphire
010-BO1,"18/01/2026, 21:38:10",6m 32s,OTP,Lost,shinobi64,20,1683.55,amber-emerald,Razoul Fiery Usurper,0,1686.66,sapphire-steel
010-BO1,"18/01/2026, 17:26:42",11m 54s,OTP,Won,shinobi64,20,1695.9,amber-emerald,Moana Heir Of Agrabah,10,1680.78,amber-amethyst
010-BO1,"16/01/2026, 19:18:58",6m 30s,OTP,Won,shinobi64,20,1682.67,emerald-sapphire,Kida Steadfast Mate,0,1743.1,amber-amethyst
010-BO1,"16/01/2026, 15:55:29",4m 0s,OTP,Won,shinobi64,20,1668.25,emerald-sapphire,Triton Tragic Hero,0,1689.98,amethyst-ruby
010-BO1,"16/01/2026, 15:45:42",9m 4s,OTP,Lost,shinobi64,20,1655.85,emerald-sapphire,Kristoff Adventurer,10,1745.25,amber-amethyst
010-BO1,"16/01/2026, 15:39:55",5m 23s,OTP,Lost,shinobi64,20,1665.11,emerald-sapphire,Crosbie,20,1725.14,amber-emerald
010-BO1,"16/01/2026, 15:33:10",6m 0s,OTP,Won,shinobi64,20,1675,emerald-sapphire,Gopher New Dog,0,1606.54,sapphire-steel
010-BO1,"16/01/2026, 15:25:19",7m 20s,OTP,Lost,shinobi64,20,1664.72,emerald-sapphire,Zention,40,1772.44,amethyst-sapphire
010-BO1,"16/01/2026, 15:16:26",7m 41s,OTP,Won,shinobi64,20,1673.05,emerald-sapphire,Ursula Heir Of Agrabah,20,1689.8,ruby-steel
010-BO1,"16/01/2026, 15:06:29",8m 55s,OTD,Won,shinobi64,20,1659.95,emerald-sapphire,Louie Part Of The Plan,0,1628.7,amethyst-sapphire
010-BO1,"16/01/2026, 14:57:31",8m 22s,OTP,Won,shinobi64,20,1649.37,emerald-sapphire,cizatron,10,1529.03,ruby-steel
010-BO1,"16/01/2026, 14:49:43",7m 1s,OTD,Lost,shinobi64,20,1641.5,emerald-sapphire,Woody,30,1781.74,amethyst-steel
010-BO1,"16/01/2026, 14:39:56",7m 7s,OTD,Lost,shinobi64,20,1648.59,emerald-sapphire,FranckyT,20,1670.11,amber-sapphire
010-BO1,"16/01/2026, 14:31:40",7m 27s,OTP,Lost,shinobi64,20,1659.73,emerald-sapphire,IKL-Curly,20,1807.38,amber-emerald
010-BO1,"16/01/2026, 14:16:02",8m 8s,OTP,Won,shinobi64,20,1666.44,emerald-sapphire,Nick Wilde Diplomatic Queen,0,1605.55,amethyst-sapphire
010-BO1,"16/01/2026, 14:11:47",3m 56s,OTD,Lost,shinobi64,20,1656.27,emerald-sapphire,Te Ka Divine Hero,0,1624.73,amethyst-sapphire
010-BO1,"16/01/2026, 14:01:33",9m 26s,OTD,Lost,shinobi64,20,1669.39,emerald-sapphire,Hans Mischievous Ranger,0,1635.28,emerald-sapphire
010-BO1,"15/01/2026, 14:16:27",11m 29s,OTP,Won,shinobi64,20,1683.16,emerald-sapphire,Triton Majordomo,0,1547.1,sapphire-steel
010-BO1,"15/01/2026, 12:01:57",1m 16s,OTD,Won,shinobi64,20,1674.59,emerald-sapphire,Lilo Little Rocket,20,1622.57,emerald-sapphire
010-BO1,"15/01/2026, 10:32:00",10m 13s,OTP,Won,shinobi64,20,1664.66,emerald-sapphire,Dale Penniless Royal,0,1577.24,amber-amethyst
010-BO1,"15/01/2026, 10:25:13",6m 15s,OTP,Lost,shinobi64,20,1656.11,emerald-sapphire,Stabbington Brother New Dog,0,1787.82,amber-emerald
010-BO1,"15/01/2026, 09:38:58",6m 22s,OTP,Won,shinobi64,20,1662.99,emerald-sapphire,Kristoff Adventurer,10,1733.49,amethyst-emerald
010-BO1,"15/01/2026, 08:56:58",12m 38s,OTP,Won,shinobi64,20,1648.49,emerald-sapphire,Ed Unconventional Inventor,0,1545.21,sapphire-steel
010-BO1,"14/01/2026, 23:55:13",8m 29s,OTP,Won,shinobi64,20,1640.05,emerald-sapphire,Kaiserschmarrn,20,1585.79,emerald-sapphire
010-BO1,"14/01/2026, 23:41:28",13m 15s,OTD,Lost,shinobi64,20,1629.25,emerald-sapphire,Basil Returned King,0,1440.19,emerald-sapphire
private,"14/01/2026, 22:50:12",31m 5s,OTD,Lost,shinobi64,20,1530.19,amber-emerald,Jasper Fierce Protector,0,1700.78,amethyst-sapphire
private,"14/01/2026, 22:03:12",44m 50s,OTP,Lost,shinobi64,20,1542.79,amethyst-steel,Jasper Fierce Protector,0,1691.25,amethyst-sapphire
private,"14/01/2026, 21:21:41",37m 48s,OTD,Won,shinobi64,20,1557.23,emerald-sapphire,Jasper Fierce Protector,0,1680.64,amethyst-sapphire
private,"14/01/2026, 20:55:01",24m 56s,OTP,Lost,shinobi64,20,1521.77,emerald-sapphire,Jasper Fierce Protector,0,1698.43,amethyst-sapphire
010-BO1,"14/01/2026, 17:33:11",14m 19s,OTP,Lost,shinobi64,20,1645.65,emerald-sapphire,Robin Hood,30,1760.18,amethyst-sapphire
010-BO1,"14/01/2026, 17:24:28",7m 59s,OTD,Lost,shinobi64,20,1653.25,emerald-sapphire,Oswald Prophecy Finder,0,1675.75,amber-emerald
010-BO1,"14/01/2026, 17:18:11",5m 55s,OTP,Lost,shinobi64,20,1664.48,emerald-sapphire,Sisu Detective,20,1800.65,sapphire-steel
010-BO1,"14/01/2026, 17:07:56",7m 24s,OTP,Won,shinobi64,20,1672.49,emerald-sapphire,Michael Darling Kumandran Rider,0,1636.56,amethyst-emerald
010-BO1,"14/01/2026, 14:39:11",10m 45s,OTP,Won,shinobi64,20,1661.79,emerald-sapphire,Gaston Metal Head,0,1780.68,amethyst-emerald
010-BO1,"14/01/2026, 13:42:41",6m 29s,OTD,Won,shinobi64,20,1645.07,emerald-sapphire,Mufasa Boat Snack,20,1560.48,amber-amethyst
010-BO1,"14/01/2026, 13:36:41",5m 30s,OTP,Lost,shinobi64,20,1636.16,emerald-sapphire,Treasure Guardian Boat Snack,0,1698.73,amethyst-sapphire
010-BO1,"14/01/2026, 13:30:26",5m 27s,OTD,Lost,shinobi64,20,1645.87,emerald-sapphire,Lilo Little Rocket,20,1709.92,amber-emerald
010-BO1,"14/01/2026, 13:20:59",5m 7s,OTD,Lost,shinobi64,20,1655.2,emerald-sapphire,Captain Cunning Mercenary,0,1740.21,amethyst-steel
010-BO1,"14/01/2026, 13:14:10",5m 58s,OTD,Lost,shinobi64,20,1664,emerald-sapphire,Turbo Raging Rat,0,1690.92,amethyst-emerald
010-BO1,"14/01/2026, 11:47:41",11m 20s,OTP,Won,shinobi64,20,1674.8,emerald-sapphire,Ares Spray Cheese Kid,0,1812.76,emerald-sapphire
010-BO1,"14/01/2026, 11:40:11",6m 56s,OTP,Lost,shinobi64,20,1657.71,emerald-sapphire,Faukler,20,1738.6,amber-steel
010-BO1,"14/01/2026, 11:32:42",6m 23s,OTP,Lost,shinobi64,20,1667.22,emerald-sapphire,Tipo Flying Steed,0,1563.15,emerald-sapphire
010-BO1,"13/01/2026, 22:40:58",11m 8s,OTP,Won,shinobi64,20,1680.76,emerald-sapphire,Mr Big Empowered Sibling,0,1705.47,amethyst-ruby
010-BO1,"13/01/2026, 22:32:11",8m 6s,OTP,Lost,shinobi64,20,1667.11,emerald-sapphire,Magic Carpet Scientific Supervillain,0,1750.91,amber-amethyst
010-BO1,"13/01/2026, 22:10:42",10m 25s,OTD,Won,shinobi64,20,1676.53,emerald-sapphire,Mushu Waking Beauty,0,1651.89,emerald-steel
010-BO1,"10/01/2026, 01:23:42",6m 7s,OTD,Won,shinobi64,20,1665.05,amethyst-emerald,Demona Ruler Of Mousedom,0,1693.57,emerald-sapphire
010-BO1,"10/01/2026, 01:15:13",6m 27s,OTP,Lost,shinobi64,20,1652.03,amethyst-emerald,Panic The Doctor,0,1554.78,sapphire-steel
010-BO1,"10/01/2026, 01:06:04",8m 28s,OTP,Won,shinobi64,20,1666.67,amethyst-emerald,Webby Vanderquack Disguised Peddler,0,1670.4,ruby-steel
010-BO1,"10/01/2026, 00:38:55",22m 43s,OTP,Lost,shinobi64,20,1653.89,amethyst-emerald,Vincenzo Santorini Mascot By Day,0,1616.72,amethyst-emerald
010-BO1,"10/01/2026, 00:25:27",12m 38s,OTD,Lost,shinobi64,20,1665.47,amethyst-emerald,Flotsam & Jetsam Strings Attached,0,1793.53,amethyst-sapphire
010-BO1,"10/01/2026, 00:16:40",8m 13s,OTP,Lost,shinobi64,20,1672.68,amethyst-emerald,Olivia Flaversham Uninvited,20,1743.7,amethyst-sapphire
010-BO1,"09/01/2026, 13:02:10",4m 19s,OTD,Won,shinobi64,20,1681.75,amber-emerald,Dang Hu Mickeys Clever Friend,0,1612.94,amethyst-sapphire
010-BO1,"09/01/2026, 12:35:01",6m 9s,OTD,Won,shinobi64,20,1672.84,amber-emerald,Judy Hopps Fun-loving Bear,0,1715.58,amethyst-sapphire
010-BO1,"09/01/2026, 12:25:41",8m 50s,OTP,Lost,shinobi64,20,1659.41,amber-emerald,Sheriff Of Nottingham Three-head,20,1616.37,emerald-steel
010-BO1,"09/01/2026, 12:16:41",3m 9s,OTP,Won,shinobi64,20,1672.57,amber-emerald,Perla Artful Rogue,0,1537.21,sapphire-steel
010-BO1,"09/01/2026, 12:07:27",6m 12s,OTD,Won,shinobi64,20,1665.59,amber-emerald,Chip Storm Chaser,40,1545.44,emerald-ruby
010-BO1,"08/01/2026, 16:34:56",6m 49s,OTD,Won,shinobi64,20,1657.85,amber-emerald,Scrooge Mcduck Uncle Moneybags,0,1441.05,amethyst-ruby
010-BO1,"08/01/2026, 16:31:41",2m 44s,OTD,Lost,shinobi64,20,1650.59,amber-emerald,TCGFoil,10,1493.67,emerald-sapphire
010-BO1,"08/01/2026, 16:19:58",7m 23s,OTD,Lost,shinobi64,20,1668.07,amber-emerald,Princess_Bear,30,1670.27,amethyst-steel
010-BO1,"08/01/2026, 16:10:11",9m 4s,OTP,Lost,shinobi64,20,1679.93,amber-emerald,Jafar Federation Leader,0,1812.15,amber-emerald
010-BO1,"08/01/2026, 15:57:26",4m 30s,OTD,Won,shinobi64,20,1687.38,amber-emerald,Friend Owl Carrot Enthusiast,0,1491.7,amethyst-steel
010-BO1,"08/01/2026, 15:40:46",10m 16s,OTP,Won,shinobi64,20,1679.77,amber-emerald,The Colonel True-hearted,0,1693.32,emerald-steel
010-BO1,"08/01/2026, 15:26:41",8m 7s,OTD,Won,shinobi64,20,1667,amber-emerald,Napoleon Greediest Of All,0,1720.41,sapphire-steel
010-BO1,"08/01/2026, 13:54:25",3m 20s,OTP,Won,shinobi64,20,1652.46,amber-emerald,Darkwing Duck Heir of Arendell,20,1663.25,amber-sapphire
010-BO1,"08/01/2026, 13:46:57",7m 1s,OTD,Lost,shinobi64,20,1639.55,amber-emerald,Horace Notorious Pirate,0,1596.6,sapphire-steel
010-BO1,"08/01/2026, 13:41:19",4m 58s,OTD,Lost,shinobi64,20,1652.85,amber-emerald,Clawhauser Lord Of The Underworld,0,1765.55,emerald-sapphire
010-BO1,"08/01/2026, 13:33:14",5m 14s,OTD,Won,shinobi64,20,1660.63,amber-emerald,Atitaya Stubborn Cabin Boy,0,1684.28,sapphire-steel
010-BO1,"08/01/2026, 13:22:26",10m 13s,OTD,Lost,shinobi64,20,1647.52,amber-emerald,Jiminy Cricket Of Baker Street,0,1601.51,amethyst-steel
010-BO1,"08/01/2026, 13:06:55",6m 55s,OTD,Won,shinobi64,20,1660.01,amber-emerald,Markowski Imperial Advisor,0,1657.94,amethyst-sapphire
010-BO1,"08/01/2026, 12:34:41",10m 45s,OTP,Won,shinobi64,20,1647.77,amber-emerald,The Fates Heist Mastermind,0,1560.06,amethyst-emerald
010-BO1,"08/01/2026, 12:27:25",6m 59s,OTD,Lost,shinobi64,20,1638.32,amber-emerald,The Walrus Little Rocket,0,1646.03,amber-steel
010-BO1,"08/01/2026, 12:17:17",7m 19s,OTD,Won,shinobi64,20,1650.46,amber-emerald,TTH _ Carrie,20,1714.09,amethyst-steel
010-BO1,"08/01/2026, 12:05:56",10m 36s,OTD,Lost,shinobi64,20,1635.7,amber-emerald,Mchorn Underhanded,0,1655.88,amber-amethyst
010-BO1,"08/01/2026, 11:49:14",16m 14s,OTD,Lost,shinobi64,20,1647,amber-emerald,Vantox,20,1653.16,sapphire-steel
010-BO1,"08/01/2026, 11:42:56",5m 45s,OTP,Won,shinobi64,20,1658.44,amber-emerald,Luisa Madrigal Crowd Favorite,0,1683.95,amethyst-emerald
010-BO1,"08/01/2026, 11:32:28",9m 54s,OTP,Lost,shinobi64,20,1645.11,amber-emerald,Roo,10,1656,amethyst-steel
010-BO1,"08/01/2026, 11:21:27",7m 48s,OTP,Won,shinobi64,20,1656.22,amber-emerald,Lyle Tiberius Rourke Shaman Duelist,0,1613.31,amber-amethyst
010-BO1,"08/01/2026, 11:11:41",9m 17s,OTD,Lost,shinobi64,20,1644.38,amber-emerald,Lumiere Small-time Crooks,0,1845.1,amethyst-steel
010-BO1,"08/01/2026, 11:01:25",9m 17s,OTD,Lost,shinobi64,20,1649.43,amber-emerald,Heathcliff Tail Wagger,0,1565.46,amber-steel
010-BO1,"08/01/2026, 10:54:10",6m 59s,OTP,Lost,shinobi64,20,1662.99,amber-emerald,Markowski Imperial Advisor,0,1669.8,sapphire-steel
010-BO1,"08/01/2026, 10:44:46",7m 54s,OTD,Lost,shinobi64,20,1675,amber-emerald,Iduna Full Deck,0,1671.31,amethyst-sapphire
010-BO1,"08/01/2026, 10:40:10",3m 33s,OTP,Won,shinobi64,20,1686.79,amber-emerald,Zeus Unjustly Treated,20,1664.33,amethyst-emerald
010-BO1,"08/01/2026, 10:28:10",11m 1s,OTD,Lost,shinobi64,20,1675.02,amber-emerald,Rabbit Rock Titan,0,1767.92,amethyst-ruby
010-BO1,"08/01/2026, 10:21:13",6m 9s,OTP,Won,shinobi64,20,1683.65,amber-emerald,Dumptruck Clumsy Dad,0,1728.54,emerald-sapphire
010-BO1,"08/01/2026, 10:13:12",7m 31s,OTP,Lost,shinobi64,20,1670.39,amber-emerald,Maximus Good Boy,0,1835.76,amethyst-steel
010-BO1,"08/01/2026, 10:03:12",8m 26s,OTP,Lost,shinobi64,20,1676.51,amber-emerald,Wendy Darling Elemental Terror,0,1577.76,amethyst-steel
010-BO1,"08/01/2026, 09:54:25",8m 15s,OTD,Lost,shinobi64,20,1691.95,amber-emerald,Honest John Three-headed Dog,0,1600.12,emerald-sapphire
010-BO1,"08/01/2026, 09:39:10",14m 31s,OTP,Lost,shinobi64,20,1707.69,amber-emerald,Widow Tweed Protective Brother,0,1822.94,amethyst-steel
010-BO1,"08/01/2026, 08:54:31",8m 17s,OTD,Won,shinobi64,20,1715.83,amber-emerald,Heathcliff Proclaimers Of Heroes,0,1651.64,amethyst-emerald
010-BO1,"07/01/2026, 22:57:56",8m 1s,OTD,Won,shinobi64,20,1705.57,amber-emerald,Razoul Ukulele Player,0,1484.31,amethyst-sapphire
010-BO1,"07/01/2026, 22:51:43",5m 19s,OTD,Lost,shinobi64,20,1700.31,amber-emerald,Gaetan Moliere Master Swordsman,0,1664.31,amethyst-emerald
010-BO1,"07/01/2026, 22:45:27",5m 12s,OTP,Won,shinobi64,20,1712.93,amber-emerald,Dumptruck Rabbit,0,1682.25,amethyst-ruby
010-BO1,"07/01/2026, 22:30:58",13m 45s,OTD,Lost,shinobi64,20,1702.37,amber-emerald,Patch Space Pirate,0,1722.46,amethyst-ruby
010-BO1,"07/01/2026, 14:13:40",4m 46s,OTP,Won,shinobi64,20,1713.89,amber-emerald,Lionardo,20,1589.56,amber-emerald
010-BO1,"07/01/2026, 12:39:26",5m 17s,OTP,Won,shinobi64,20,1706.85,amber-emerald,Jiminy Cricket Secret Agent,0,1606.53,amethyst-emerald
010-BO1,"07/01/2026, 09:12:18",10m 35s,OTP,Won,shinobi64,20,1695.71,amber-emerald,Lucifer Eccentric Inventor,0,1566.17,amethyst-sapphire
010-BO1,"06/01/2026, 22:47:13",3m 49s,OTP,Won,shinobi64,20,1688.73,amber-emerald,Hatyorok,30,1654.54,amber-amethyst
010-BO1,"06/01/2026, 22:40:27",6m 13s,OTD,Lost,shinobi64,20,1678.16,amber-emerald,Eilowyn,20,1677.18,amethyst-ruby
010-BO1,"06/01/2026, 22:31:01",8m 48s,OTD,Lost,shinobi64,20,1690.03,amber-emerald,Gr4b4rz,20,1868.27,emerald-sapphire
010-BO1,"06/01/2026, 22:26:02",4m 17s,OTP,Won,shinobi64,20,1696.25,amber-emerald,WalkEmDownJAY,20,1670.8,emerald-sapphire
010-BO1,"06/01/2026, 22:18:11",7m 7s,OTD,Lost,shinobi64,20,1685.01,amber-emerald,Biff,30,1763.75,sapphire-steel
010-BO1,"06/01/2026, 22:12:57",4m 45s,OTD,Lost,shinobi64,20,1695.21,amber-emerald,TeacherOfMath,20,1759.11,amber-emerald
010-BO1,"06/01/2026, 22:05:57",6m 25s,OTP,Lost,shinobi64,20,1704.76,amber-emerald,Nani Industrial Model,0,1645.93,amethyst-steel
010-BO1,"06/01/2026, 21:55:27",9m 51s,OTD,Lost,shinobi64,20,1719,amber-emerald,Kyuu,20,1798.84,amethyst-emerald
010-BO1,"06/01/2026, 14:11:25",11m 10s,OTD,Won,shinobi64,20,1729.15,amethyst-emerald,TTH _ Carrie,20,1717.05,amethyst-steel
010-BO1,"06/01/2026, 14:03:56",6m 37s,OTP,Won,shinobi64,20,1717.14,amethyst-emerald,Cerberus Sorceress,0,1545.16,ruby-steel
010-BO1,"06/01/2026, 13:49:11",7m 18s,OTP,Won,shinobi64,20,1710.59,amethyst-emerald,Kida Fashionable Cruiser,0,1431.03,amethyst-emerald
010-BO1,"06/01/2026, 13:35:41",13m 6s,OTD,Lost,shinobi64,20,1703.23,amethyst-emerald,Atitaya Stubborn Cabin Boy,0,1734.73,sapphire-steel
010-BO1,"06/01/2026, 13:20:56",9m 50s,OTD,Won,shinobi64,20,1714.55,amethyst-emerald,Razoul Ukulele Player,0,1480.41,amethyst-sapphire
010-BO1,"05/01/2026, 21:59:43",9m 13s,OTP,Won,shinobi64,20,1709.85,amethyst-emerald,Arimane,20,1685.34,amethyst-sapphire
010-BO1,"05/01/2026, 21:51:54",7m 13s,OTD,Lost,shinobi64,20,1698.39,amethyst-emerald,Flotsam & Jetsam Force Of Destruction,0,1831.39,amethyst-ruby
010-BO1,"05/01/2026, 21:42:41",8m 42s,OTD,Won,shinobi64,20,1706.32,amethyst-emerald,Yzma Bold Uniter,0,1574.7,amber-emerald
010-BO1,"05/01/2026, 17:48:11",10m 23s,OTP,Lost,shinobi64,20,1698.1,amethyst-ruby,Stitch-Tibs,40,1650.14,amethyst-sapphire
010-BO1,"05/01/2026, 17:36:56",10m 23s,OTD,Won,shinobi64,20,1712.91,amethyst-ruby,Megara Wanted Llama,0,1478.89,ruby-steel
010-BO1,"05/01/2026, 17:29:45",6m 37s,OTD,Lost,shinobi64,20,1708.67,amethyst-ruby,Black Heron Pirate Chief,0,1952.46,amber-amethyst
010-BO1,"05/01/2026, 17:13:34",6m 23s,OTP,Won,shinobi64,20,1713.36,amethyst-ruby,Hans Odious Mutineer,0,1660.21,amethyst-emerald
010-BO1,"05/01/2026, 17:07:57",4m 51s,OTP,Lost,shinobi64,20,1702.91,amethyst-ruby,Chip Hero To All,0,1641.67,amber-emerald
010-BO1,"05/01/2026, 15:59:11",11m 15s,OTD,Won,shinobi64,20,1717.29,amber-amethyst,Iago Future King,0,1568.02,sapphire-steel
010-BO1,"05/01/2026, 14:35:41",16m 38s,OTD,Won,shinobi64,20,1711.15,amber-amethyst,Mcgoo2,20,1773.96,amethyst-ruby
010-BO1,"05/01/2026, 14:23:40",11m 48s,OTD,Lost,shinobi64,20,1696.91,amber-amethyst,Sergeant Tibbs Noble Scoundrel,0,1686.71,amber-amethyst
010-BO1,"05/01/2026, 14:11:56",10m 54s,OTP,Won,shinobi64,20,1709.89,amber-amethyst,DaHaenk,10,1698.03,amethyst-emerald
010-BO1,"05/01/2026, 14:00:12",10m 50s,OTP,Won,shinobi64,20,1698.35,amber-amethyst,Razoul Ukulele Player,0,1469.3,ruby-steel
010-BO1,"05/01/2026, 13:50:10",7m 29s,OTP,Won,shinobi64,20,1693.71,amethyst-emerald,Cerberus Sorceress,0,1581.41,ruby-steel
010-BO1,"05/01/2026, 13:46:13",3m 35s,OTD,Lost,shinobi64,20,1684.56,amethyst-emerald,EC_Sergent Tibs,20,1801.07,amethyst-steel
010-BO1,"05/01/2026, 12:23:42",12m 42s,OTD,Won,shinobi64,20,1692.6,amethyst-emerald,James Aspiring Ruler,0,1680.47,emerald-sapphire
010-BO1,"05/01/2026, 12:15:26",7m 31s,OTP,Lost,shinobi64,20,1681.06,amethyst-emerald,Lumiere Small-time Crooks,0,1806.91,amethyst-steel
010-BO1,"05/01/2026, 12:08:27",6m 23s,OTP,Lost,shinobi64,20,1688.85,amethyst-emerald,James Aspiring Ruler,0,1683.19,emerald-sapphire
010-BO1,"05/01/2026, 11:20:57",13m 1s,OTD,Won,shinobi64,20,1701.69,amethyst-emerald,Toby World-famous Inventor,40,1697.15,amethyst-sapphire
010-BO1,"05/01/2026, 10:24:41",20m 38s,OTD,Won,shinobi64,20,1689.48,amethyst-emerald,Mrs Judson Ice Rocket Racer,0,1528.02,amethyst-steel
010-BO1,"03/01/2026, 10:34:10",18m 2s,OTD,Won,shinobi64,20,1681.09,amber-amethyst,Jsquared,20,1696.8,amethyst-steel
010-BO1,"03/01/2026, 10:30:58",2m 31s,OTP,Won,shinobi64,20,1667.64,amber-amethyst,Mittens Abomination,0,1639.07,amber-amethyst
010-BO1,"03/01/2026, 10:26:59",3m 28s,OTD,Won,shinobi64,20,1656.51,amber-amethyst,IAGO,40,1638.87,amber-ruby
010-BO1,"03/01/2026, 10:15:26",10m 40s,OTD,Lost,shinobi64,20,1645.09,amber-amethyst,Mad Dog Pure Energy,0,1652.48,sapphire-steel
010-BO1,"02/01/2026, 17:31:57",13m 4s,OTD,Won,shinobi64,20,1657.23,amber-amethyst,juls,20,1404.98,amber-ruby
010-BO1,"02/01/2026, 17:23:29",7m 55s,OTD,Won,shinobi64,20,1652.32,amber-amethyst,Nessus Gadget Genius,0,1600.64,emerald-steel
010-BO1,"02/01/2026, 17:11:40",11m 33s,OTP,Lost,shinobi64,20,1642.56,amber-amethyst,Taran Ukulele Player,0,1609.26,amethyst-sapphire
010-BO1,"02/01/2026, 15:09:41",5m 45s,OTP,Won,shinobi64,20,1655.7,amber-emerald,Vincenzo Santorini Out Of The Sh,0,1568.02,emerald-sapphire
010-BO1,"02/01/2026, 15:01:42",5m 37s,OTD,Won,shinobi64,20,1646.47,amber-emerald,lohi-lorcana,20,1655.9,emerald-sapphire
010-BO1,"02/01/2026, 14:53:26",7m 36s,OTD,Lost,shinobi64,20,1632.95,amber-emerald,Ulf Musketeer Captain,0,1667.89,sapphire-steel
010-BO1,"02/01/2026, 14:46:42",6m 10s,OTP,Lost,shinobi64,20,1643.8,amber-emerald,Mertle Edmonds Shadow Finder,0,1686.55,amber-sapphire
010-BO1,"02/01/2026, 14:41:43",3m 59s,OTP,Won,shinobi64,20,1654.85,amber-emerald,Treasure Guardian Boat Snack,0,1683.29,amethyst-emerald
010-BO1,"02/01/2026, 14:34:13",6m 53s,OTD,Won,shinobi64,20,1641.52,amber-emerald,Zeus Striking Illusionist,0,1591.85,amber-emerald
010-BO1,"02/01/2026, 12:28:10",11m 22s,OTD,Won,shinobi64,20,1629.3,amber-emerald,Lady Tremaine Devoted Mother,0,1698.69,amethyst-steel
010-BO1,"02/01/2026, 11:59:11",3m 0s,OTP,Won,shinobi64,20,1613.65,amber-emerald,Chip The Teacup Desert Warrior,0,1721.39,amber-ruby
010-BO1,"02/01/2026, 11:09:45",15m 15s,OTP,Lost,shinobi64,20,1595.69,amber-emerald,Stabbington Brother New Dog,0,1693.13,amethyst-steel
010-BO1,"02/01/2026, 11:03:10",5m 13s,OTP,Lost,shinobi64,20,1603.93,amber-emerald,Lythos Lively Pirate,0,1703.96,sapphire-steel
010-BO1,"02/01/2026, 10:55:11",7m 29s,OTD,Lost,shinobi64,20,1612.34,amber-emerald,Mulan Precise Astronomer,0,1511.76,amethyst-steel
010-BO1,"02/01/2026, 10:50:14",3m 45s,OTD,Won,shinobi64,20,1627.52,amber-emerald,The Dodo Of The Ball,0,1438.93,amber-amethyst
010-BO1,"02/01/2026, 10:48:10",1m 9s,OTD,Won,shinobi64,20,1620.4,amber-emerald,Mad Dog Skilled Craftsman,0,1712.51,amethyst-emerald
010-BO1,"02/01/2026, 10:41:26",3m 33s,OTD,Won,shinobi64,20,1603.13,amber-emerald,Mrs Potts Devoted Herald,0,1782.67,amethyst-sapphire
010-BO1,"02/01/2026, 10:37:44",3m 3s,OTD,Won,shinobi64,20,1583.48,amber-emerald,Lady Kluck Mischievous Cub,0,1686.18,sapphire-steel
010-BO1,"02/01/2026, 10:32:12",5m 9s,OTD,Lost,shinobi64,20,1565.87,amber-emerald,Clarabelle The Ever Impressive,0,1689.04,amethyst-ruby
010-BO1,"02/01/2026, 10:18:27",12m 37s,OTD,Lost,shinobi64,20,1573.36,amber-emerald,Nick Wilde Wish Fulfilled,0,1703.63,amethyst-ruby
010-BO1,"02/01/2026, 10:12:26",5m 3s,OTD,Lost,shinobi64,20,1580.45,amber-emerald,Scuttle Queen Of The Gods,0,1639.96,sapphire-steel
010-BO1,"02/01/2026, 10:04:46",7m 15s,OTP,Lost,shinobi64,20,1590.49,amber-emerald,Vladimir Lava Monster,0,1416.66,emerald-sapphire
010-BO1,"02/01/2026, 09:54:13",9m 35s,OTD,Lost,shinobi64,20,1607.16,amber-emerald,Beast Inexplicable,0,1714.61,amethyst-steel
010-BO1,"02/01/2026, 09:40:56",12m 33s,OTD,Lost,shinobi64,20,1615.32,amber-emerald,Mr.Hades,20,1798.04,amethyst-sapphire
010-BO1,"02/01/2026, 09:33:56",6m 28s,OTD,Lost,shinobi64,20,1621.26,amber-emerald,Ares Shush Agent,0,1710.83,amethyst-steel
010-BO1,"02/01/2026, 09:23:26",9m 47s,OTP,Lost,shinobi64,20,1629.83,amber-emerald,Yzma Fierce Friend,0,1691.46,emerald-sapphire
010-BO1,"02/01/2026, 09:19:02",3m 51s,OTP,Lost,shinobi64,20,1639.95,amber-emerald,Flotsam & Jetsam Beloved Princess,0,1608.8,amethyst-ruby
010-BO1,"02/01/2026, 09:16:40",1m 18s,OTP,Won,shinobi64,20,1652.56,amber-emerald,Owl Castle Lord,20,1553.17,amber-emerald
010-BO1,"02/01/2026, 09:08:12",8m 2s,OTD,Lost,shinobi64,20,1644.03,amber-emerald,Koda Bovine Protector,20,1748.31,emerald-sapphire
010-BO1,"01/01/2026, 23:55:10",9m 55s,OTP,Won,shinobi64,20,1652.47,amber-emerald,Edgar Balthazar Sugar Rush Champ,0,1748.05,amethyst-emerald
010-BO1,"01/01/2026, 23:38:27",9m 34s,OTP,Won,shinobi64,20,1636.16,amber-emerald,WCC-OWNER,30,1745.68,amethyst-steel
010-BO1,"01/01/2026, 23:27:34",7m 54s,OTP,Lost,shinobi64,20,1618.34,amber-emerald,Pacha Fun-loving Bear,0,1813.78,amethyst-sapphire
010-BO1,"01/01/2026, 23:20:13",6m 32s,OTP,Lost,shinobi64,20,1623.54,amber-emerald,JLLATCHE,20,1635.5,sapphire-steel
010-BO1,"01/01/2026, 23:01:42",16m 21s,OTD,Lost,shinobi64,20,1634.22,amber-emerald,Feli,0,1845.92,amethyst-emerald
010-BO1,"01/01/2026, 22:53:04",7m 58s,OTD,Lost,shinobi64,20,1639.53,amber-emerald,Squeakz,20,1709.04,sapphire-steel
010-BO1,"01/01/2026, 22:46:26",5m 42s,OTP,Lost,shinobi64,20,1648.82,amber-emerald,Dreamcandyy,10,1733.2,amber-steel
010-BO1,"01/01/2026, 22:34:31",11m 16s,OTP,Lost,shinobi64,20,1657.94,amber-emerald,Monterey Jack Menacing Predator,0,1476.28,amber-emerald
010-BO1,"01/01/2026, 22:26:12",7m 17s,OTD,Won,shinobi64,20,1675.23,amber-emerald,Razoul Fiery Usurper,0,1656.46,amethyst-sapphire
010-BO1,"01/01/2026, 22:18:44",5m 46s,OTP,Won,shinobi64,20,1663.82,amber-emerald,Prince Charming Rapunzels Companion,0,1465.12,amethyst-steel
010-BO1,"01/01/2026, 22:08:13",7m 31s,OTP,Won,shinobi64,20,1656.62,amethyst-ruby,Ulf True Friend,0,1472.14,amethyst-steel
010-BO1,"01/01/2026, 21:58:59",8m 18s,OTD,Won,shinobi64,20,1650.25,amethyst-ruby,Enchantress Federation Leader,0,1505.28,amethyst-sapphire
010-BO1,"01/01/2026, 21:51:40",5m 33s,OTP,Lost,shinobi64,20,1642.83,amethyst-ruby,Piglet Lamp Thief,0,1693.07,sapphire-steel
010-BO1,"01/01/2026, 21:42:11",5m 24s,OTD,Lost,shinobi64,20,1652.57,amethyst-ruby,Tipo Beloved Husband,0,1744.52,sapphire-steel
010-BO1,"01/01/2026, 21:29:10",12m 15s,OTP,Lost,shinobi64,20,1660.6,amethyst-ruby,Tuk Tuk Mulans Father,0,1694.37,amethyst-steel
010-BO1,"01/01/2026, 21:20:43",8m 8s,OTD,Lost,shinobi64,20,1671.16,amethyst-ruby,LilyPichu,5,1714.1,amber-amethyst
010-BO1,"01/01/2026, 19:12:36",3m 41s,OTD,Lost,shinobi64,20,1681.43,amethyst-emerald,I want to be like Nate and Ben,20,1846.03,amber-steel
010-BO1,"01/01/2026, 19:06:28",5m 33s,OTP,Lost,shinobi64,20,1687.8,amethyst-emerald,SPACE. COWS. SPACE COWS!!,20,1743.64,amethyst-steel
010-BO1,"01/01/2026, 18:59:41",5m 54s,OTD,Won,shinobi64,20,1697.21,amethyst-emerald,Bagheera Master Manipulator,0,1587.47,amethyst-sapphire
010-BO1,"01/01/2026, 18:54:56",4m 30s,OTD,Lost,shinobi64,20,1687.99,amethyst-emerald,The Troubadour Illuminary Watchm,20,1783.73,amethyst-steel
private,"01/01/2026, 18:20:56",31m 28s,OTP,Lost,shinobi64,20,1531.45,amethyst-ruby,Mchorn Underhanded,0,1649.47,amethyst-steel
private,"01/01/2026, 17:51:57",28m 9s,OTD,Lost,shinobi64,20,1539.33,amethyst-sapphire,Mchorn Underhanded,0,1562.57,amethyst-steel
010-BO1,"01/01/2026, 17:40:41",8m 35s,OTD,Won,shinobi64,20,1697.37,amethyst-emerald,The Huntsman Power Hamster,0,1759.81,amethyst-sapphire
010-BO1,"01/01/2026, 17:34:10",5m 28s,OTD,Lost,shinobi64,20,1682.76,amethyst-emerald,Mchorn Underhanded,0,1711.81,amethyst-steel
010-BO1,"01/01/2026, 17:29:13",4m 17s,OTD,Lost,shinobi64,20,1693.64,amethyst-emerald,Tootles Dashing And Brave,20,1638.27,amethyst-emerald
010-BO1,"01/01/2026, 17:19:59",8m 51s,OTP,Lost,shinobi64,20,1708.03,amethyst-emerald,Enchantress Jewel Of The Garden,0,1571.39,amethyst-sapphire
010-BO1,"01/01/2026, 17:13:41",5m 32s,OTP,Won,shinobi64,20,1724.49,amethyst-emerald,Gunther Free Spirit,0,1736.04,sapphire-steel
010-BO1,"01/01/2026, 17:07:11",6m 3s,OTP,Lost,shinobi64,20,1711.29,amethyst-emerald,Chief Tui Talented Sailor,10,1744.95,amber-emerald
010-BO1,"01/01/2026, 17:01:41",4m 42s,OTP,Lost,shinobi64,20,1722.48,amethyst-emerald,Treasure Guardian Boat Snack,0,1708.18,emerald-sapphire
010-BO1,"30/12/2025, 15:44:26",5m 54s,OTP,Won,shinobi64,20,1735.37,amethyst-ruby,Anna Gold Lover,0,1573.44,amber-steel
010-BO1,"30/12/2025, 14:41:41",5m 48s,OTP,Won,shinobi64,20,1728.29,amethyst-ruby,Donald Duck Mindless Horde,0,1726.4,amber-emerald
010-BO1,"30/12/2025, 14:33:15",7m 41s,OTD,Lost,shinobi64,20,1715.82,amethyst-ruby,Te Ka Fun-loving Bear,0,1529.57,ruby-steel
010-BO1,"30/12/2025, 14:27:14",5m 21s,OTD,Lost,shinobi64,20,1733.74,amethyst-ruby,Christopher Robin Vengeful Sorce,0,1650.07,sapphire-steel
010-BO1,"30/12/2025, 14:19:10",7m 44s,OTP,Lost,shinobi64,20,1748.75,amethyst-ruby,BB _ Grumpy,20,1717.59,amethyst-steel
010-BO1,"30/12/2025, 14:07:41",10m 4s,OTD,Lost,shinobi64,20,1761.23,amethyst-ruby,Chief Tui Galactic Hero,0,1658.79,amethyst-sapphire
010-BO1,"30/12/2025, 12:59:26",9m 55s,OTP,Won,shinobi64,20,1776.06,amethyst-ruby,Genie Elegant Feline,0,1597.06,sapphire-steel
010-BO1,"30/12/2025, 11:30:42",8m 21s,OTD,Won,shinobi64,20,1770.22,amethyst-ruby,"Fix‚Äêit Felix, Jr The Boss",20,1545.16,amber-emerald
010-BO1,"30/12/2025, 11:15:28",6m 28s,OTD,Won,shinobi64,20,1763.89,amethyst-ruby,Banzai Skeptical Knight,0,1634.09,amber-steel
010-BO1,"30/12/2025, 10:58:27",8m 40s,OTP,Won,shinobi64,20,1757.29,amethyst-ruby,Mrs Potts Devoted Herald,0,1855.98,amethyst-sapphire
010-BO1,"30/12/2025, 10:49:43",8m 23s,OTP,Lost,shinobi64,20,1741.65,amethyst-ruby,Frogmite,20,1765.67,emerald-sapphire
010-BO1,"30/12/2025, 09:01:26",6m 12s,OTP,Won,shinobi64,20,1752.61,amethyst-ruby,Uncle Lotso,10,1788.62,ruby-steel
010-BO1,"30/12/2025, 08:46:41",2m 50s,OTD,Won,shinobi64,20,1739.66,amethyst-ruby,Thaddeus E Klang Warden Of The Woods,20,1767.8,emerald-sapphire
010-BO1,"30/12/2025, 08:37:58",7m 41s,OTP,Won,shinobi64,20,1726.35,amethyst-ruby,Owl Castle Lord,20,1705.43,amber-steel
010-BO1,"30/12/2025, 08:33:56",3m 9s,OTP,Won,shinobi64,20,1713.82,amethyst-ruby,The Huntsman Shush Agent,0,1726.04,emerald-sapphire
010-BO1,"30/12/2025, 08:25:49",5m 4s,OTP,Won,shinobi64,20,1700.82,amethyst-ruby,Launchpad Interior Designer,0,1850.64,amber-steel
010-BO1,"30/12/2025, 08:22:12",2m 58s,OTP,Won,shinobi64,20,1683.54,amethyst-ruby,Mr. Enchanted,40,1418.29,sapphire-steel
010-BO1,"29/12/2025, 23:22:27",5m 31s,OTP,Won,shinobi64,20,1675.1,amethyst-ruby,Sabrina Carpenter,20,1616.9,amethyst-emerald
010-BO1,"29/12/2025, 23:05:59",15m 7s,OTD,Lost,shinobi64,20,1665.06,amethyst-ruby,BennyTBear,20,1634.54,amethyst-steel
010-BO1,"29/12/2025, 23:00:11",4m 52s,OTP,Won,shinobi64,20,1677.1,amethyst-ruby,Faline Never Gives Up,0,1671.55,emerald-steel
010-BO1,"29/12/2025, 22:54:05",5m 15s,OTP,Won,shinobi64,20,1664.66,amethyst-ruby,Idontknow,20,1706.54,sapphire-steel
010-BO1,"29/12/2025, 22:44:55",8m 26s,OTP,Lost,shinobi64,20,1650.63,amethyst-ruby,Hades Impressive Surfer,0,1764.27,amethyst-emerald
010-BO1,"29/12/2025, 22:29:56",14m 47s,OTP,Lost,shinobi64,20,1658.33,amethyst-ruby,Darkwing Duck Heir of Arendell,20,1635.69,amber-sapphire
010-BO1,"29/12/2025, 22:23:18",6m 0s,OTP,Lost,shinobi64,20,1671.31,amethyst-ruby,"Sir Ector Ursulas ""baby""",0,1703.32,sapphire-steel
010-BO1,"29/12/2025, 22:16:42",6m 8s,OTP,Lost,shinobi64,20,1681.81,amethyst-ruby,MC_Myko,20,1738.66,amethyst-sapphire
010-BO1,"29/12/2025, 21:59:12",8m 19s,OTD,Won,shinobi64,20,1691.14,amethyst-ruby,Friar Tuck Resourceful Outlaw,0,1662,amethyst-steel
010-BO1,"29/12/2025, 21:39:48",18m 34s,OTP,Lost,shinobi64,20,1679.17,amethyst-ruby,Fab,20,1692.61,amethyst-steel
010-BO1,"29/12/2025, 21:33:25",5m 27s,OTP,Won,shinobi64,20,1690.69,amethyst-ruby,DubiousPrime,20,1482.68,amber-emerald
010-BO1,"29/12/2025, 21:14:26",9m 25s,OTD,Won,shinobi64,20,1685.04,amethyst-ruby,Fab,20,1701.69,amethyst-steel
010-BO1,"29/12/2025, 20:48:57",11m 53s,OTP,Lost,shinobi64,20,1671.59,amethyst-ruby,Pluto Gifted With Healing,0,1622.59,sapphire-steel
010-BO1,"29/12/2025, 20:41:44",6m 43s,OTP,Lost,shinobi64,20,1684.42,amethyst-ruby,Wendy Darling Ice Breaker,0,1782.48,amethyst-steel
010-BO1,"29/12/2025, 20:33:41",7m 22s,OTD,Lost,shinobi64,20,1693.01,amethyst-ruby,March Hare Protector Of The Cave,0,1637.52,emerald-sapphire
010-BO1,"29/12/2025, 19:53:29",9m 37s,OTD,Won,shinobi64,20,1707.06,amethyst-ruby,Freckles Expert On Humans,0,1634.99,amethyst-emerald
010-BO1,"29/12/2025, 17:32:10",8m 15s,OTD,Won,shinobi64,20,1696.86,amethyst-ruby,Mrs Potts Style Icon,0,1574.82,amber-steel
010-BO1,"29/12/2025, 17:20:26",8m 22s,OTD,Won,shinobi64,20,1688.26,amethyst-ruby,Mufasa Head Housekeeper,20,1508.9,amethyst-emerald
010-BO1,"29/12/2025, 17:11:41",8m 3s,OTD,Lost,shinobi64,20,1681.03,amethyst-ruby,Stitch Always Grinning,20,1645.66,amethyst-ruby
010-BO1,"29/12/2025, 17:05:26",5m 51s,OTP,Lost,shinobi64,20,1693.4,amethyst-ruby,JoeyTyke,20,1605.76,ruby-steel
010-BO1,"29/12/2025, 16:52:42",11m 56s,OTP,Won,shinobi64,20,1708.72,amethyst-ruby,Goofy Insistent Fairy,0,1681.66,amethyst-steel
010-BO1,"29/12/2025, 16:39:00",12m 56s,OTP,Lost,shinobi64,20,1696.76,amethyst-ruby,Goons Assistant Mayor,0,1673.72,emerald-sapphire
010-BO1,"29/12/2025, 12:19:25",3m 24s,OTP,Won,shinobi64,20,1709.53,amethyst-ruby,Beast Inexplicable,0,1638.17,amethyst-emerald
010-BO1,"29/12/2025, 12:05:14",10m 5s,OTP,Lost,shinobi64,20,1700.17,amethyst-ruby,Kohut Super Goof,0,1695.67,amber-steel
010-BO1,"29/12/2025, 11:53:26",9m 23s,OTD,Won,shinobi64,20,1711.3,amethyst-ruby,Figaro Games Referee,0,1510.91,amber-sapphire
010-BO1,"29/12/2025, 11:48:56",3m 47s,OTP,Won,shinobi64,20,1705.13,amethyst-ruby,Maui High-strung Imp,0,1538.37,amber-emerald
010-BO1,"29/12/2025, 11:38:42",9m 38s,OTP,Lost,shinobi64,20,1698.68,amethyst-ruby,The Walrus Little Rocket,0,1728.3,amber-amethyst
010-BO1,"29/12/2025, 11:24:47",13m 11s,OTD,Lost,shinobi64,20,1709.96,amethyst-ruby,Lilo Official Ice Deliverer,0,1491.91,amethyst-sapphire
010-BO1,"29/12/2025, 10:29:26",5m 28s,OTP,Won,shinobi64,20,1728.62,amethyst-ruby,Mickey Mouse Fearless Navigator,0,1735.39,amber-ruby
010-BO1,"29/12/2025, 10:23:13",4m 48s,OTP,Won,shinobi64,20,1715.77,amethyst-ruby,Tuke Double Dealer,0,1498.35,emerald-steel
010-BO1,"29/12/2025, 10:17:11",5m 27s,OTD,Lost,shinobi64,20,1710,amethyst-ruby,Scar Ice Titan,0,1835.82,amethyst-steel
010-BO1,"29/12/2025, 10:01:27",5m 42s,OTD,Won,shinobi64,20,1717.72,amethyst-ruby,Mad Hatter Reindeer Keeper,0,1512.58,emerald-steel
010-BO1,"29/12/2025, 09:55:11",4m 23s,OTP,Won,shinobi64,20,1711.55,amethyst-ruby,Caterpillar Tiny Tactician,0,1685.11,emerald-sapphire
010-BO1,"29/12/2025, 09:35:28",7m 51s,OTP,Won,shinobi64,20,1699.59,amethyst-ruby,Beast Inexplicable,0,1670.15,amethyst-steel
010-BO1,"29/12/2025, 09:18:13",16m 50s,OTD,Lost,shinobi64,20,1688.2,amethyst-ruby,Black Heron Pirate Chief,0,1942.34,amethyst-steel
010-BO1,"29/12/2025, 09:11:43",5m 53s,OTP,Lost,shinobi64,20,1692.21,amethyst-ruby,Captain Wayward Sorcerer,0,1498.27,emerald-sapphire
010-BO1,"29/12/2025, 09:05:56",5m 12s,OTD,Lost,shinobi64,20,1709.86,amethyst-ruby,Mrs Potts Lady Of The Lists,0,1799.37,amethyst-steel
010-BO1,"29/12/2025, 08:58:24",6m 18s,OTD,Lost,shinobi64,20,1718.45,amethyst-ruby,The Carpenter Mama Odies Compani,0,1748.4,emerald-sapphire
010-BO1,"29/12/2025, 08:43:27",8m 47s,OTD,Won,shinobi64,20,1728.98,amethyst-ruby,Maximus Kakamora Leader,0,1588.79,amethyst-sapphire
010-BO1,"29/12/2025, 08:29:13",5m 53s,OTP,Won,shinobi64,20,1721.27,amethyst-ruby,IAGO,40,1681.39,amethyst-ruby
010-BO1,"29/12/2025, 08:19:11",9m 5s,OTD,Won,shinobi64,20,1709.28,amethyst-ruby,Piglet Vengeful Sorceress,0,1499.89,ruby-steel
010-BO1,"28/12/2025, 22:43:58",7m 15s,OTD,Won,shinobi64,20,1702.17,amethyst-ruby,Lena Sabrewing Noble Scoundrel,0,1680.48,amber-steel
010-BO1,"28/12/2025, 22:35:11",8m 4s,OTP,Won,shinobi64,20,1690.09,amethyst-ruby,Gunther Never Gives Up,0,1506.47,amethyst-emerald
010-BO1,"28/12/2025, 22:23:40",10m 49s,OTD,Won,shinobi64,20,1682.23,amethyst-ruby,chargasm,40,1500.43,amethyst-emerald
010-BO1,"28/12/2025, 22:10:13",10m 20s,OTD,Lost,shinobi64,20,1675.74,amethyst-ruby,Sergeant Tibbs Hunny Wizard,0,1552.06,emerald-sapphire
010-BO1,"28/12/2025, 21:58:12",11m 39s,OTD,Lost,shinobi64,20,1691.77,amethyst-ruby,TTS_Kodaa,20,1720.43,sapphire-steel
010-BO1,"28/12/2025, 21:54:11",3m 24s,OTD,Won,shinobi64,20,1702.47,amethyst-ruby,Ludwig Von Drake Restaurant Owner,0,1682.41,amber-ruby
010-BO1,"28/12/2025, 21:49:12",4m 16s,OTD,Lost,shinobi64,20,1690.16,amethyst-ruby,Fred Quick-thinking Inventor,0,1617.63,amber-emerald
010-BO1,"26/12/2025, 18:36:40",6m 5s,OTD,Won,shinobi64,20,1701.15,amethyst-sapphire,Maleficent Overbearing Matriarch,0,1642.38,amber-emerald
010-BO1,"26/12/2025, 18:26:41",9m 12s,OTD,Lost,shinobi64,20,1690.96,amethyst-sapphire,Vincent buffin,20,1761.47,sapphire-steel
010-BO1,"23/12/2025, 21:06:48",7m 4s,OTP,Won,shinobi64,20,1699.64,amethyst-sapphire,Nala Purple Dragon,0,1703.73,amethyst-steel
010-BO1,"23/12/2025, 20:52:56",13m 16s,OTP,Lost,shinobi64,20,1686.58,amethyst-sapphire,Tigger Fair-hearted,0,1478.58,amber-emerald
010-BO1,"23/12/2025, 20:44:11",7m 34s,OTP,Won,shinobi64,20,1703.9,amethyst-sapphire,Mosep_CC_GG,20,1493.44,emerald-sapphire
010-BO1,"23/12/2025, 17:57:25",11m 20s,OTD,Lost,shinobi64,20,1697.82,amethyst-sapphire,michaeldada,20,1672.52,emerald-sapphire
010-BO1,"23/12/2025, 17:50:40",6m 21s,OTD,Lost,shinobi64,20,1710.27,amethyst-sapphire,ü¶ß,40,1863.75,amber-sapphire
010-BO1,"23/12/2025, 17:44:11",5m 58s,OTD,Lost,shinobi64,20,1717.04,amethyst-sapphire,Ursula Forceful Duelist,0,1624.88,emerald-sapphire
010-BO1,"23/12/2025, 17:35:11",8m 36s,OTP,Lost,shinobi64,20,1732.39,amethyst-sapphire,Sekai,20,1735.27,amethyst-sapphire
010-BO1,"23/12/2025, 14:17:59",5m 16s,OTP,Won,shinobi64,20,1744.35,amethyst-sapphire,Gustav The Giant Empowered Sibling,0,1506.28,amber-steel
010-BO1,"23/12/2025, 14:06:55",9m 48s,OTP,Won,shinobi64,20,1736.77,amethyst-sapphire,The Walrus Little Rocket,0,1830.91,amethyst-emerald
010-BO1,"23/12/2025, 14:00:27",6m 3s,OTD,Lost,shinobi64,20,1720.88,amethyst-sapphire,[THM] Fen,10,1805.43,amethyst-steel
010-BO1,"23/12/2025, 13:51:14",8m 27s,OTP,Won,shinobi64,20,1729.48,amethyst-sapphire,Cri-kee Lock Expert,0,1585.77,amethyst-sapphire
010-BO1,"23/12/2025, 13:44:12",6m 28s,OTP,Lost,shinobi64,20,1721.78,amethyst-sapphire,Ares Shush Agent,0,1714.69,amethyst-steel
010-BO1,"23/12/2025, 13:35:27",8m 29s,OTD,Lost,shinobi64,20,1734.38,amethyst-sapphire,Johnny McLoreface,20,1715.5,amethyst-steel
010-BO1,"23/12/2025, 13:27:56",7m 20s,OTD,Lost,shinobi64,20,1746.78,amethyst-sapphire,Lafayette Breaking And Entering,0,1668.33,amber-emerald
010-BO1,"22/12/2025, 18:24:32",9m 50s,OTP,Won,shinobi64,20,1761.59,amethyst-sapphire,BennyTBear,20,1577.3,amber-amethyst
010-BO1,"22/12/2025, 18:12:12",11m 44s,OTD,Lost,shinobi64,20,1755.35,amethyst-sapphire,Hydros Cornered Swordsman,0,1679.53,sapphire-steel
010-BO1,"22/12/2025, 18:04:30",7m 0s,OTP,Won,shinobi64,20,1769.85,amethyst-sapphire,Rudy Loyal Bloodhound,0,1613.5,amber-emerald
010-BO1,"22/12/2025, 17:47:58",15m 53s,OTD,Lost,shinobi64,20,1762.6,amethyst-sapphire,Pepper Conceited Manipulator,0,1570.44,amethyst-emerald
010-BO1,"22/12/2025, 17:30:13",8m 28s,OTP,Won,shinobi64,20,1779.88,amethyst-sapphire,Atitaya Trusty Builder,0,1551.52,amethyst-ruby
010-BO1,"22/12/2025, 17:22:26",7m 31s,OTP,Lost,shinobi64,20,1775.26,amethyst-sapphire,WhanDamme,20,1643.6,amethyst-steel
010-BO1,"22/12/2025, 17:12:12",9m 40s,OTD,Lost,shinobi64,20,1791.21,amethyst-sapphire,Scroop Night Watch,0,1786.69,amber-amethyst
010-BO1,"22/12/2025, 16:55:58",15m 57s,OTP,Lost,shinobi64,20,1803.28,amethyst-sapphire,Go Go Tomago Groundbreaking Chef,0,1643.08,sapphire-steel
010-BO1,"22/12/2025, 14:04:57",13m 25s,OTP,Won,shinobi64,20,1819.66,amethyst-sapphire,Mickey Mouse Demigod,0,1775.41,emerald-sapphire
010-BO1,"22/12/2025, 11:49:56",9m 34s,OTD,Won,shinobi64,20,1809.73,amethyst-sapphire,Zeus Compassionate Friend,0,1686.2,amber-amethyst
010-BO1,"22/12/2025, 11:43:58",5m 5s,OTP,Won,shinobi64,20,1802.63,amethyst-sapphire,Wasabi Tranquil Princess,0,1619.84,amethyst-emerald
010-BO1,"22/12/2025, 11:39:26",3m 50s,OTP,Lost,shinobi64,20,1796.68,amethyst-sapphire,Wouf,40,1958.17,amber-emerald
010-BO1,"22/12/2025, 09:45:43",9m 23s,OTP,Won,shinobi64,20,1802.9,amethyst-sapphire,Louie Delighted Sightseer,0,1633.81,emerald-steel
010-BO1,"22/12/2025, 09:31:32",9m 55s,OTP,Won,shinobi64,20,1796.13,amethyst-sapphire,Gloyd Orangeboar Wind Spirit,20,1729.16,amethyst-ruby
010-BO1,"22/12/2025, 09:24:42",6m 24s,OTD,Lost,shinobi64,20,1786.5,amethyst-sapphire,Genious-VV,20,1775.45,amethyst-emerald
010-BO1,"22/12/2025, 09:18:56",5m 12s,OTD,Lost,shinobi64,20,1798.46,amethyst-sapphire,Mal2angOn3,20,1906.51,amber-emerald
010-BO1,"16/12/2025, 15:09:11",5m 40s,OTP,Won,shinobi64,20,1805.98,amethyst-sapphire,Madam Mim Secret Agent,0,1647.52,amber-steel
010-BO1,"16/12/2025, 13:41:41",1m 47s,OTD,Won,shinobi64,20,1800.08,amethyst-sapphire,Prince Phillip Fast Talker,20,1743.25,sapphire-steel
010-BO1,"16/12/2025, 12:07:56",7m 57s,OTD,Won,shinobi64,20,1791.28,amethyst-sapphire,Philoctetes Exceptional Owl,0,1727.43,amethyst-ruby
010-BO1,"16/12/2025, 11:19:15",9m 15s,OTP,Won,shinobi64,20,1781.8,amethyst-sapphire,12ubb3rduck3y,20,1681.48,ruby-sapphire
010-BO1,"16/12/2025, 11:12:10",6m 46s,OTD,Lost,shinobi64,20,1772.87,amethyst-sapphire,Aladdin Out Of The Shadows,0,1823.26,amethyst-steel
010-BO1,"16/12/2025, 09:46:00",8m 33s,OTP,Won,shinobi64,20,1782.74,amethyst-sapphire,Christopher Robin Imperial Soldi,0,1582.02,amethyst-steel
010-BO1,"15/12/2025, 22:39:40",10m 27s,OTD,Won,shinobi64,20,1778.03,amethyst-sapphire,Huey Creatures Of Evil,0,1547.79,amethyst-steel
010-BO1,"15/12/2025, 22:13:41",7m 8s,OTD,Won,shinobi64,20,1772.54,amethyst-sapphire,Aunt Cass Games Referee,0,1641.18,amber-emerald
010-BO1,"15/12/2025, 22:09:12",4m 5s,OTD,Lost,shinobi64,20,1765.2,amethyst-sapphire,Chip Fiery Usurper,0,1579.02,amethyst-emerald
010-BO1,"15/12/2025, 21:46:48",8m 35s,OTP,Won,shinobi64,20,1781.89,amethyst-sapphire,Bucky Team Champion,0,1617.16,ruby-steel
010-BO1,"15/12/2025, 18:05:57",10m 17s,OTD,Won,shinobi64,20,1775.87,amethyst-sapphire,hayden,20,1648.76,ruby-steel
010-BO1,"15/12/2025, 15:46:33",11m 0s,OTP,Won,shinobi64,20,1768.6,amethyst-sapphire,Scar Adventurer,0,1738.97,amethyst-steel
010-BO1,"10/12/2025, 22:02:11",8m 52s,OTD,Won,shinobi64,20,1756.63,amber-emerald,Nero Street Rat,0,1514.62,ruby-sapphire
010-BO1,"10/12/2025, 21:36:56",9m 38s,OTD,Won,shinobi64,20,1751.62,amber-emerald,Calhoun Talkative Cub,0,1629.85,amethyst-sapphire
010-BO1,"10/12/2025, 21:31:26",4m 27s,OTP,Won,shinobi64,20,1743.76,amber-emerald,dabura,10,1807.9,amber-amethyst
010-BO1,"10/12/2025, 21:22:11",8m 46s,OTP,Lost,shinobi64,20,1729.14,amber-emerald,Tigger Mad Sea Witch,0,1838.48,amethyst-sapphire
010-BO1,"10/12/2025, 21:16:56",4m 51s,OTD,Lost,shinobi64,20,1737.31,amber-emerald,Kit Cloudkicker Soldier In Train,0,1731.49,amber-sapphire
010-BO1,"10/12/2025, 21:11:28",4m 24s,OTD,Won,shinobi64,20,1748.75,amber-emerald,Archimedes Protective Rooster,20,1782.27,amber-emerald
010-BO1,"10/12/2025, 21:06:45",3m 56s,OTD,Lost,shinobi64,20,1735.17,amber-emerald,King Candy Ghost Hunter,0,1747.94,amber-emerald
010-BO1,"10/12/2025, 21:01:10",5m 14s,OTD,Lost,shinobi64,20,1747.26,amber-emerald,Charlotte La Bouff Phantom Rug,0,1664.53,amber-emerald
010-BO1,"10/12/2025, 20:54:26",6m 0s,OTD,Lost,shinobi64,20,1762.33,amber-emerald,Hera Striking Illusionist,0,1878.16,amethyst-steel
010-BO1,"10/12/2025, 20:46:27",6m 58s,OTP,Lost,shinobi64,20,1770.33,amber-emerald,Nana Pure Energy,0,1687.14,amethyst-steel
010-BO1,"10/12/2025, 20:24:42",4m 28s,OTD,Won,shinobi64,20,1784.54,amber-emerald,Doc Scientific Expert,40,1676.24,amethyst-steel
010-BO1,"10/12/2025, 20:17:42",5m 22s,OTP,Won,shinobi64,20,1777.12,amber-emerald,Ulf Musketeer Captain,0,1661.15,sapphire-steel
010-BO1,"10/12/2025, 20:07:41",9m 32s,OTD,Lost,shinobi64,20,1769.47,amber-emerald,Tootles Low Battery,0,1851.65,amber-steel
010-BO1,"10/12/2025, 19:55:12",11m 49s,OTP,Lost,shinobi64,20,1778.16,amber-emerald,Alistair Krei Obedient Raven,20,1818.58,emerald-steel
010-BO1,"10/12/2025, 19:47:56",3m 48s,OTD,Won,shinobi64,20,1787.82,amber-emerald,Heathcliff Enthusiastic Dancer,20,1722.98,sapphire-steel
010-BO1,"10/12/2025, 19:38:11",4m 19s,OTP,Won,shinobi64,20,1778.8,amber-emerald,LowLowJ,20,1833.61,amethyst-ruby
010-BO1,"10/12/2025, 19:30:55",6m 12s,OTD,Won,shinobi64,20,1764.29,amber-emerald,TontonFongus,20,1646.83,amethyst-ruby
010-BO1,"10/12/2025, 19:18:56",4m 19s,OTD,Won,shinobi64,20,1755.24,amber-emerald,Ariel Jealous Beauty,0,1809,amethyst-steel
010-BO1,"10/12/2025, 19:13:11",5m 13s,OTP,Lost,shinobi64,20,1740.82,amber-emerald,Tic Perceptive Investigator,0,1759.88,amethyst-steel
010-BO1,"10/12/2025, 17:23:16",8m 50s,OTD,Won,shinobi64,20,1752.3,amber-emerald,Maleficent Overbearing Matriarch,0,1705.11,amethyst-sapphire
010-BO1,"10/12/2025, 17:11:11",5m 27s,OTP,Won,shinobi64,20,1741.89,amber-emerald,Pepa Madrigal Basils Assistant,20,1573.98,amethyst-sapphire
010-BO1,"10/12/2025, 17:05:41",4m 15s,OTD,Won,shinobi64,20,1735.09,amber-emerald,Lumpy Secret Informer,0,1788.06,amethyst-emerald
010-BO1,"10/12/2025, 16:56:10",8m 36s,OTD,Lost,shinobi64,20,1720.3,amber-emerald,Prince Naveen Green-eyed Man,0,1633.47,amethyst-sapphire
010-BO1,"10/12/2025, 16:20:56",12m 35s,OTD,Won,shinobi64,20,1735.1,amber-emerald,Chernabogs Followers Greedy Trea,0,1572.75,amethyst-steel