Event,Team,Round,Table,Pairing,Player,PlayerDeck,OpponentTeam,Opponent,OpponentDeck,Play/Draw,Win/Loss
Qualification,TeamIconic,1,17,A,Netexx,Amethyst Sapphire,Der_Mushu_Clan,akaTJ,Amethyst Steel,Draw,
Qualification,TeamIconic,1,17,B,Cinime,Sapphire Steel,Der_Mushu_Clan,K0rshy,Amethyst Sapphire,Play,
Qualification,TeamIconic,1,17,C,Wyopi,Amethyst Steel,Der_Mushu_Clan,pwnTom,Amber Steel,Draw,
Qualification,TeamIconic,1,17,D,Flügelschlägerin,Emerald Sapphire,Der_Mushu_Clan,iSunny,Amethyst Sapphire,Play,
Qualification,TeamIconic,5,14,A,Netexx,Amethyst Sapphire,BrothersInLore,KaijuManu,Emerald Sapphire,Draw,
Qualification,TeamIconic,5,14,B,Flügelschlägerin,Emerald Sapphire,BrothersInLore,David99,Amber Steel,Play,
Qualification,TeamIconic,5,14,C,Miriam,Emerald Steel,BrothersInLore,Pasqualitto,Amethyst Sapphire,Draw,
Qualification,TeamIconic,5,14,D,Cinime,Sapphire Steel,BrothersInLore,Sascha,Emerald Steel,Play,
Qualification,TeamIconic,6,14,A,Miriam,Emerald Steel,Lorekeepers,Bär,Amethyst Sapphire,Draw,
Qualification,TeamIconic,6,14,B,Netexx,Amethyst Sapphire,Lorekeepers,Sturmgrim,Amethyst Emerald,Play,
Qualification,TeamIconic,6,14,C,Wyopi,Amethyst Steel,Lorekeepers,BlaaaBonG,Amethyst Steel,Draw,
Qualification,TeamIconic,6,14,D,Cinime,Sapphire Steel,Lorekeepers,Al-Dente,Amethyst Sapphire,Play,
Qualification,TeamGOAT,1,1,A,Blub,Amethyst Sapphire,MROsGlimmerGang,DanW15,Amber Emerald,Play,
Qualification,TeamGOAT,1,1,B,DanTheMan,Amethyst Steel,MROsGlimmerGang,Severin,Amber Steel,Draw,
Qualification,TeamGOAT,1,1,C,Kevin,Amethyst Steel,MROsGlimmerGang,Maxing,Emerald Sapphire,Play,
Qualification,TeamGOAT,1,1,D,Juggy,Amethyst Sapphire,MROsGlimmerGang,ZenTera,Amber Emerald,Draw,
Qualification,7Serpents,2,1,A,InkModeOn,Amethyst Steel,TeamTintenvorrat,Paduaner,Amethyst Sapphire,Play,
Qualification,7Serpents,2,1,B,LucyCat,Amethyst Steel,TeamTintenvorrat,CuddlesomeTiger,Amber Steel,Draw,
Qualification,7Serpents,2,1,C,Andi1066,Emerald Sapphire,TeamTintenvorrat,PusherGene,Amethyst Steel,Play,
Qualification,7Serpents,2,1,D,McLovin,Amber Emerald,TeamTintenvorrat,LeXtreme,Amethyst Sapphire,Draw,
Qualification,TeamSecretRare,3,1,A,Quabatchie,Amethyst Sapphire,TeamInkognito,Kilzin,Amber Emerald,Play,
Qualification,TeamSecretRare,3,1,B,Prymor,Amber Emerald,TeamInkognito,xSolutionx,Amethyst Sapphire,Draw,
Qualification,TeamSecretRare,3,1,C,Mohoo,Amethyst Sapphire,TeamInkognito,Carrier,Ruby Amethyst,Play,
Qualification,TeamSecretRare,3,1,D,Erebos,Amethyst Steel,TeamInkognito,Bananza,Amethyst Steel,Draw,
Qualification,7Serpents,4,1,A,Andi1066,Emerald Sapphire,TeamTotaHahn,Royal,Amber Steel,Play,
Qualification,7Serpents,4,1,B,McLovin,Amber Emerald,TeamTotaHahn,Suminy,Amethyst Sapphire,Draw,
Qualification,7Serpents,4,1,C,InkModeOn,Amethyst Steel,TeamTotaHahn,FloriansJade,Amethyst Sapphire,Play,
Qualification,7Serpents,4,1,D,schlendi,Amethyst Sapphire,TeamTotaHahn,Hendrik,Amethyst Steel,Draw,
Qualification,7Serpents,5,1,A,InkModeOn,Amethyst Steel,DarkWings,Secret,Amber Emerald,Draw,
Qualification,7Serpents,5,1,B,Andi1066,Emerald Sapphire,DarkWings,Chupa,Amethyst Sapphire,Play,
Qualification,7Serpents,5,1,C,schlendi,Amethyst Sapphire,DarkWings,Tommydo0,Emerald Sapphire,Draw,
Qualification,7Serpents,5,1,D,McLovin,Amber Emerald,DarkWings,MarsiDarsi,Amethyst Steel,Play,
Qualification,7Serpents,6,1,A,McLovin,Amber Emerald,TeamInkognito,xSolutionx,Amethyst Sapphire,Draw,
Qualification,7Serpents,6,1,B,Andi1066,Emerald Sapphire,TeamInkognito,Sayman,Ruby Sapphire,Play,
Qualification,7Serpents,6,1,C,schlendi,Amethyst Sapphire,TeamInkognito,Carrier,Ruby Amethyst,Draw,
Qualification,7Serpents,6,1,D,InkModeOn,Amethyst Steel,TeamInkognito,Bananza,Amethyst Steel,Play,
Qualification,7Serpents,8,1,A,Andi1066,Emerald Sapphire,TeamSecretRare,Membis,Amethyst Steel,Play,
Qualification,7Serpents,8,1,B,InkModeOn,Amethyst Steel,TeamSecretRare,BBop,Amber Steel,Draw,
Qualification,7Serpents,8,1,C,schlendi,Amethyst Sapphire,TeamSecretRare,Mohoo,Amethyst Sapphire,Play,
Qualification,7Serpents,8,1,D,LucyCat,Amethyst Steel,TeamSecretRare,Erebos,Amethyst Steel,Draw,
Qualification,IllumineersRN,9,1,A,keo,Amethyst Steel,TeamTintenvorrat,Paduaner,Amethyst Sapphire,Play,Loss
Qualification,IllumineersRN,9,1,B,Swordinator,Amethyst Sapphire,TeamTintenvorrat,PusherGene,Amethyst Steel,Draw,Win
Qualification,IllumineersRN,9,1,C,TopChicken,Amethyst Steel,TeamTintenvorrat,LeXtreme,Amethyst Sapphire,Play,
Qualification,IllumineersRN,9,1,D,shinobi64,Amethyst Sapphire,TeamTintenvorrat,CNTPD,Emerald Sapphire,Draw,Loss
Qualification,IllumineersRN,11,1,A,Swordinator,Amethyst Sapphire,TeamTotaHahn,FloriansJade,Amethyst Sapphire,Draw,Win
Qualification,IllumineersRN,11,1,B,TopChicken,Amethyst Steel,TeamTotaHahn,Suminy,Amethyst Sapphire,Play,Win
Qualification,IllumineersRN,11,1,C,ITfairy,Ruby Steel,TeamTotaHahn,crazyetwas,Emerald Steel,Draw,Loss
Qualification,IllumineersRN,11,1,D,keo,Amethyst Steel,TeamTotaHahn,Hendrik,Amethyst Steel,Play,Loss
Qualification,InkCrows,1,2,A,Rafa,Amethyst Sapphire,InkSquad,DerVierteHokage,Amethyst Steel,Draw,
Qualification,InkCrows,1,2,B,Duy,Amethyst Sapphire,InkSquad,LauchMitBauch,Amber Steel,Play,
Qualification,InkCrows,1,2,C,Johnny3,Amethyst Steel,InkSquad,Harrydoter,Amethyst Steel,Draw,
Qualification,InkCrows,1,2,D,Troa,Emerald Sapphire,InkSquad,Telkas,Emerald Steel,Play,
Qualification,IllumineersRN,2,2,A,keo,Amethyst Steel,HardcastLorcanaClub,Kinbo,Sapphire Steel,Play,Win
Qualification,IllumineersRN,2,2,B,Swordinator,Amethyst Sapphire,HardcastLorcanaClub,Green,Amethyst Steel,Draw,Win
Qualification,IllumineersRN,2,2,C,TopChicken,Amethyst Steel,HardcastLorcanaClub,CeeGee,Amethyst Sapphire,Play,Win
Qualification,IllumineersRN,2,2,D,shinobi64,Amethyst Sapphire,HardcastLorcanaClub,Tracker,Amethyst Sapphire,Draw,Win
Qualification,IllumineersRN,3,2,A,keo,Amethyst Steel,DarkWings,MarsiDarsi,Amethyst Steel,Play,Loss
Qualification,IllumineersRN,3,2,B,ITfairy,Ruby Steel,DarkWings,Secret,Amber Emerald,Draw,Win
Qualification,IllumineersRN,3,2,C,Swordinator,Amethyst Sapphire,DarkWings,Chupa,Amethyst Sapphire,Play,Win
Qualification,IllumineersRN,3,2,D,shinobi64,Amethyst Sapphire,DarkWings,Tommydo0,Emerald Sapphire,Draw,Loss
Qualification,PlayingDucks,4,2,A,Promisedland,Amethyst Sapphire,DarkWings,Vanni,Amethyst Sapphire,Play,
Qualification,PlayingDucks,4,2,B,Nachtgeist,Amethyst Sapphire,DarkWings,Percy,Amethyst Steel,Draw,
Qualification,PlayingDucks,4,2,C,Haertelus,Amethyst Sapphire,DarkWings,Chupa,Amethyst Sapphire,Play,
Qualification,PlayingDucks,4,2,D,Nils,Amethyst Steel,DarkWings,Tommydo0,Emerald Sapphire,Draw,
Qualification,IllumineersRN,5,2,A,Swordinator,Amethyst Sapphire,TeamSecretRare,Membis,Amethyst Steel,Draw,Win
Qualification,IllumineersRN,5,2,B,keo,Amethyst Steel,TeamSecretRare,Quabatchie,Amethyst Sapphire,Play,Loss
Qualification,IllumineersRN,5,2,C,ITfairy,Ruby Steel,TeamSecretRare,BBop,Amber Steel,Draw,Loss
Qualification,IllumineersRN,5,2,D,TopChicken,Amethyst Steel,TeamSecretRare,Mohoo,Amethyst Sapphire,Play,Win
Qualification,TeamSecretRare,6,2,A,Membis,Amethyst Steel,InkCrows,Rafa,Amethyst Sapphire,Play,
Qualification,TeamSecretRare,6,2,B,BBop,Amber Steel,InkCrows,Duy,Amethyst Sapphire,Draw,
Qualification,TeamSecretRare,6,2,C,Mohoo,Amethyst Sapphire,InkCrows,Tony,Amethyst Emerald,Play,
Qualification,TeamSecretRare,6,2,D,Quabatchie,Amethyst Sapphire,InkCrows,Troa,Emerald Sapphire,Draw,
Qualification,DarkWings,7,2,A,Vanni,Amethyst Sapphire,TeamInkognito,xSolutionx,Amethyst Sapphire,Draw,
Qualification,DarkWings,7,2,B,Chupa,Amethyst Sapphire,TeamInkognito,Crosseden,Amber Emerald,Play,
Qualification,DarkWings,7,2,C,MarsiDarsi,Amethyst Steel,TeamInkognito,Bananza,Amethyst Steel,Draw,
Qualification,DarkWings,7,2,D,Tommydo0,Emerald Sapphire,TeamInkognito,Sayman,Ruby Sapphire,Play,
Qualification,IllumineersRN,8,2,A,Swordinator,Amethyst Sapphire,TeamInkognito,Carrier,Ruby Amethyst,Draw,Loss
Qualification,IllumineersRN,8,2,B,keo,Amethyst Steel,TeamInkognito,Sayman,Ruby Sapphire,Play,Win
Qualification,IllumineersRN,8,2,C,shinobi64,Amethyst Sapphire,TeamInkognito,xSolutionx,Amethyst Sapphire,Draw,Win
Qualification,IllumineersRN,8,2,D,TopChicken,Amethyst Steel,TeamInkognito,Bananza,Amethyst Steel,Play,Win
Qualification,7Serpents,9,2,A,InkModeOn,Amethyst Steel,Der_Mushu_Clan,JARL,Emerald Sapphire,Draw,
Qualification,7Serpents,9,2,B,Andi1066,Emerald Sapphire,Der_Mushu_Clan,iSunny,Amethyst Sapphire,Play,
Qualification,7Serpents,9,2,C,LucyCat,Amethyst Steel,Der_Mushu_Clan,pwnTom,Amber Steel,Draw,
Qualification,7Serpents,9,2,D,McLovin,Amber Emerald,Der_Mushu_Clan,K0rshy,Sapphire Steel,Play,
Qualification,DarkWings,10,2,A,Till,Amethyst Sapphire,Der_Mushu_Clan,JARL,Emerald Sapphire,Draw,
Qualification,DarkWings,10,2,B,Tommydo0,Emerald Sapphire,Der_Mushu_Clan,iSunny,Amethyst Sapphire,Play,
Qualification,DarkWings,10,2,C,MarsiDarsi,Amethyst Steel,Der_Mushu_Clan,pwnTom,Amber Steel,Draw,
Qualification,DarkWings,10,2,D,Percy,Amethyst Steel,Der_Mushu_Clan,K0rshy,Sapphire Steel,Play,
Qualification,DarkWings,11,2,A,Percy,Amethyst Steel,MROsGlimmerGang,ruffy,Amethyst Sapphire,Play,
Qualification,DarkWings,11,2,B,Corvus,Amethyst Steel,MROsGlimmerGang,ZenTera,Amber Emerald,Draw,
Qualification,DarkWings,11,2,C,Chupa,Amethyst Sapphire,MROsGlimmerGang,DanW15,Amber Emerald,Play,
Qualification,DarkWings,11,2,D,Till,Amethyst Steel,MROsGlimmerGang,Maxing,Emerald Sapphire,Draw,
Qualification,DarkWings,12,2,A,Vanni,Amethyst Sapphire,TeamTintenvorrat,BarisF2,Ruby Amethyst,Draw,
Qualification,DarkWings,12,2,B,Secret,Amber Emerald,TeamTintenvorrat,PusherGene,Amethyst Steel,Play,
Qualification,DarkWings,12,2,C,Corvus,Amethyst Steel,TeamTintenvorrat,CuddlesomeTiger,Amber Steel,Draw,
Qualification,DarkWings,12,2,D,Percy,Amethyst Steel,TeamTintenvorrat,CNTPD,Emerald Sapphire,Play,
Qualification,TeamMulligan,1,3,A,Toadsen,Emerald Sapphire,TeamMyTradingCards,ChuckMoritz,Amethyst Sapphire,Draw,
Qualification,TeamMulligan,1,3,B,Rawwkstar,Amber Steel,TeamMyTradingCards,MichiMaus,Amethyst Steel,Play,
Qualification,TeamMulligan,1,3,C,Ronte,Amethyst Sapphire,TeamMyTradingCards,Smaro,Emerald Sapphire,Draw,
Qualification,TeamMulligan,1,3,D,Schroedy,Emerald Steel,TeamMyTradingCards,Flamantha,Ruby Steel,Play,
Qualification,DarkWings,2,3,A,Tommydo0,Emerald Sapphire,TeamFreilos,TuneZ,Amber Steel,Play,
Qualification,DarkWings,2,3,B,MarsiDarsi,Amethyst Steel,TeamFreilos,Papierflieger,Emerald Sapphire,Draw,
Qualification,DarkWings,2,3,C,Percy,Amethyst Sapphire,TeamFreilos,Webster,Amethyst Sapphire,Play,
Qualification,DarkWings,2,3,D,Till,Amethyst Steel,TeamFreilos,DerKoch,Emerald Steel,Draw,
Qualification,TeamTintenvorrat,3,3,A,CuddlesomeTiger,Amber Steel,TeamTotaHahn,Carrie,Amethyst Steel,Play,
Qualification,TeamTintenvorrat,3,3,B,BarisF2,Ruby Amethyst,TeamTotaHahn,Granic,Amber Steel,Draw,
Qualification,TeamTintenvorrat,3,3,C,LeXtreme,Amethyst Sapphire,TeamTotaHahn,FloriansJade,Amethyst Sapphire,Play,
Qualification,TeamTintenvorrat,3,3,D,Younique,Amethyst Steel,TeamTotaHahn,Royal,Amber Steel,Draw,
Qualification,IllumineersRN,4,3,A,ITfairy,Ruby Steel,Der_Mushu_Clan,pwnTom,Amber Steel,Draw,Win
Qualification,IllumineersRN,4,3,B,keo,Amethyst Steel,Der_Mushu_Clan,K0rshy,Sapphire Steel,Play,Win
Qualification,IllumineersRN,4,3,C,Swordinator,Amethyst Sapphire,Der_Mushu_Clan,iSunny,Amethyst Sapphire,Draw,Win
Qualification,IllumineersRN,4,3,D,TopChicken,Amethyst Steel,Der_Mushu_Clan,SarDestiny,Amethyst Sapphire,Play,Win
Qualification,TeamTotaHahn,5,3,A,FloriansJade,Amethyst Sapphire,TeamInkognito,xSolutionx,Amethyst Sapphire,Draw,
Qualification,TeamTotaHahn,5,3,B,crazyetwas,Emerald Steel,TeamInkognito,Bananza,Amethyst Steel,Play,
Qualification,TeamTotaHahn,5,3,C,Hendrik,Amethyst Steel,TeamInkognito,Carrier,Ruby Amethyst,Draw,
Qualification,TeamTotaHahn,5,3,D,Granic,Amber Steel,TeamInkognito,Crosseden,Amber Emerald,Play,
Qualification,IllumineersRN,6,3,A,ITfairy,Ruby Steel,TeamPrepared,polyvulpes,Amber Steel,Draw,Win
Qualification,IllumineersRN,6,3,B,keo,Amethyst Steel,TeamPrepared,goggelz,Amethyst Sapphire,Play,Win
Qualification,IllumineersRN,6,3,C,Swordinator,Amethyst Steel,TeamPrepared,Samral,Amethyst Steel,Draw,Win
Qualification,IllumineersRN,6,3,D,RandAlex,Amethyst Steel,TeamPrepared,WenrA,Amethyst Steel,Play,Loss
Qualification,TeamSecretRare,7,3,A,Erebos,Amethyst Steel,TeamMulligan,Schroedy,Emerald Steel,Draw,
Qualification,TeamSecretRare,7,3,B,Mohoo,Amethyst Sapphire,TeamMulligan,Toadsen,Emerald Sapphire,Play,
Qualification,TeamSecretRare,7,3,C,Membis,Amethyst Steel,TeamMulligan,Rawwkstar,Amber Steel,Draw,
Qualification,TeamSecretRare,7,3,D,BBop,Amber Steel,TeamMulligan,ShakiraShakira,Amethyst Steel,Play,
Qualification,DarkWings,8,3,A,Till,Amethyst Steel,InkCrows,Troa,Emerald Sapphire,Draw,
Qualification,DarkWings,8,3,B,Percy,Amethyst Steel,InkCrows,Rafa,Amethyst Sapphire,Play,
Qualification,DarkWings,8,3,C,Vanni,Amethyst Sapphire,InkCrows,Duy,Amethyst Sapphire,Draw,
Qualification,DarkWings,8,3,D,Tommydo0,Emerald Sapphire,InkCrows,Johnny3,Amethyst Steel,Play,
Qualification,DarkWings,9,3,A,Till,Amethyst Steel,TeamSecretRare,BBop,Amber Steel,Draw,
Qualification,DarkWings,9,3,B,Percy,Amethyst Steel,TeamSecretRare,Mohoo,Amethyst Sapphire,Play,
Qualification,DarkWings,9,3,C,Chupa,Amethyst Sapphire,TeamSecretRare,Membis,Amethyst Steel,Draw,
Qualification,DarkWings,9,3,D,MarsiDarsi,Amethyst Steel,TeamSecretRare,Erebos,Amethyst Steel,Play,
Qualification,TeamTintenvorrat,10,3,A,LeXtreme,Amethyst Sapphire,TeamSecretRare,BBop,Amber Steel,Play,
Qualification,TeamTintenvorrat,10,3,B,CNTPD,Emerald Sapphire,TeamSecretRare,Mohoo,Amethyst Sapphire,Draw,
Qualification,TeamTintenvorrat,10,3,C,PusherGene,Amethyst Steel,TeamSecretRare,Erebos,Amethyst Steel,Play,
Qualification,TeamTintenvorrat,10,3,D,Paduaner,Amethyst Sapphire,TeamSecretRare,Membis,Amethyst Steel,Draw,
Qualification,TeamTintenvorrat,11,3,A,Paduaner,Amethyst Sapphire,TeamInkognito,Carrier,Ruby Amethyst,Draw,
Qualification,TeamTintenvorrat,11,3,B,PusherGene,Amethyst Steel,TeamInkognito,xSolutionx,Amethyst Sapphire,Play,
Qualification,TeamTintenvorrat,11,3,C,BarisF2,Ruby Amethyst,TeamInkognito,LuckyJo,Amber Emerald,Draw,
Qualification,TeamTintenvorrat,11,3,D,LeXtreme,Amethyst Sapphire,TeamInkognito,Kilzin,Amber Emerald,Play,
Qualification,TeamInkognito,1,4,A,Kilzin,Amber Emerald,BrothersInLore,Pascaluito,Amethyst Sapphire,Draw,
Qualification,TeamInkognito,1,4,B,xSolutionx,Amethyst Sapphire,BrothersInLore,Herolt,Emerald Sapphire,Play,
Qualification,TeamInkognito,1,4,C,Carrier,Ruby Amethyst,BrothersInLore,Manun,Emerald Sapphire,Draw,
Qualification,TeamInkognito,1,4,D,Bananza,Amethyst Steel,BrothersInLore,Zabrox,Amethyst Sapphire,Play,
Qualification,TeamTotaHahn,2,4,A,crazyetwas,Emerald Steel,FloodbornShifters,Rene,Amethyst Steel,Play,
Qualification,TeamTotaHahn,2,4,B,Tabea,Amethyst Steel,FloodbornShifters,Marokus,Amber Steel,Draw,
Qualification,TeamTotaHahn,2,4,C,Royal,Amber Steel,FloodbornShifters,Saidbjerg,Emerald Sapphire,Play,
Qualification,TeamTotaHahn,2,4,D,Hendrik,Amethyst Steel,FloodbornShifters,Adlerkralle,Amber Steel,Draw,
Qualification,TeamIconic,3,4,A,Cinime,Sapphire Steel,PlayingDucks,Nachtgeist,Amethyst Sapphire,Play,
Qualification,TeamIconic,3,4,B,Miriam,Emerald Steel,PlayingDucks,Promisedland,Amethyst Sapphire,Draw,
Qualification,TeamIconic,3,4,C,Flügelschlägerin,Emerald Sapphire,PlayingDucks,Nils,Amethyst Steel,Play,
Qualification,TeamIconic,3,4,D,Netexx,Amethyst Sapphire,PlayingDucks,Haertelus,Amethyst Sapphire,Draw,
Qualification,TeamSecretRare,4,4,A,Quabatchie,Amethyst Sapphire,LorcanaLadies,Himbeerkiller,Emerald Sapphire,Draw,
Qualification,TeamSecretRare,4,4,B,BBop,Amber Steel,LorcanaLadies,Poisarella,Amber Emerald,Play,
Qualification,TeamSecretRare,4,4,C,Membis,Amethyst Steel,LorcanaLadies,Vika,Amethyst Steel,Draw,
Qualification,TeamSecretRare,4,4,D,Prymor,Amber Emerald,LorcanaLadies,Sahrii.Bla,Amber Steel,Play,
Qualification,InkCrows,5,4,A,Johnny3,Amethyst Steel,MROsGlimmerGang,DanW15,Amber Emerald,Draw,
Qualification,InkCrows,5,4,B,Duy,Amethyst Sapphire,MROsGlimmerGang,ZenTera,Amber Emerald,Play,
Qualification,InkCrows,5,4,C,Troa,Emerald Sapphire,MROsGlimmerGang,Severin,Amber Steel,Draw,
Qualification,InkCrows,5,4,D,Rafa,Amethyst Sapphire,MROsGlimmerGang,Maxing,Emerald Sapphire,Play,
Qualification,DarkWings,6,4,A,Percy,Amethyst Steel,BBB,TomTom,Amethyst Sapphire,Play,
Qualification,DarkWings,6,4,B,MarsiDarsi,Amethyst Steel,BBB,Ina_Sts,Amber Steel,Draw,
Qualification,DarkWings,6,4,C,Corvus,Amethyst Steel,BBB,blackchvrch,Amethyst Sapphire,Play,
Qualification,DarkWings,6,4,D,Tommydo0,Emerald Sapphire,BBB,Breezy,Amber Steel,Draw,
Qualification,InkCrows,7,4,A,Duy,Amethyst Sapphire,TeamMyTradingCards,Smaro,Emerald Sapphire,Play,
Qualification,InkCrows,7,4,B,Rafa,Amethyst Sapphire,TeamMyTradingCards,ChuckMoritz,Sapphire Steel,Draw,
Qualification,InkCrows,7,4,C,Troa,Emerald Sapphire,TeamMyTradingCards,Feilers7,Amethyst Emerald,Play,
Qualification,InkCrows,7,4,D,Johnny3,Amethyst Steel,TeamMyTradingCards,MichiMaus,Amethyst Steel,Draw,
Qualification,TeamTintenvorrat,8,4,A,LeXtreme,Amethyst Sapphire,TeamPrepared,polyvulpes,Amber Steel,Play,
Qualification,TeamTintenvorrat,8,4,B,Paduaner,Amethyst Sapphire,TeamPrepared,WenrA,Amethyst Steel,Draw,
Qualification,TeamTintenvorrat,8,4,C,PusherGene,Amethyst Steel,TeamPrepared,goggelz,Amethyst Sapphire,Play,
Qualification,TeamTintenvorrat,8,4,D,BarisF2,Ruby Amethyst,TeamPrepared,PrinzKaos,Amber Emerald,Draw,
Qualification,InkCrows,9,4,A,Duy,Amethyst Sapphire,BBB,Shild,Sapphire Steel,Play,
Qualification,InkCrows,9,4,B,Johnny3,Amethyst Steel,BBB,Breezy,Amber Steel,Draw,
Qualification,InkCrows,9,4,C,Troa,Emerald Sapphire,BBB,KranfahrerRonny,Amethyst Steel,Play,
Qualification,InkCrows,9,4,D,Rafa,Amethyst Sapphire,BBB,Ina_Sts,Amber Steel,Draw,
Qualification,7Serpents,10,4,A,Andi1066,Emerald Sapphire,MROsGlimmerGang,DanW15,Amber Emerald,Play,
Qualification,7Serpents,10,4,B,InkModeOn,Amethyst Steel,MROsGlimmerGang,ZenTera,Amber Emerald,Draw,
Qualification,7Serpents,10,4,C,McLovin,Amber Emerald,MROsGlimmerGang,Maxing,Emerald Sapphire,Play,
Qualification,7Serpents,10,4,D,schlendi,Amethyst Sapphire,MROsGlimmerGang,ruffy,Amethyst Sapphire,Draw,
Qualification,PlayingDucks,11,4,A,DerHut,Amethyst Emerald,InkCrows,Duy,Amethyst Sapphire,Draw,
Qualification,PlayingDucks,11,4,B,Promisedland,Amethyst Sapphire,InkCrows,Tony,Amethyst Emerald,Play,
Qualification,PlayingDucks,11,4,C,Nils,Amethyst Steel,InkCrows,Troa,Emerald Sapphire,Draw,
Qualification,PlayingDucks,11,4,D,Haertelus,Amethyst Sapphire,InkCrows,Rafa,Amethyst Sapphire,Play,
Qualification,TeamIconic,12,4,A,Miriam,Emerald Steel,InkCrows,Duy,Amethyst Sapphire,Draw,
Qualification,TeamIconic,12,4,B,Cinime,Sapphire Steel,InkCrows,Rafa,Amethyst Sapphire,Play,
Qualification,TeamIconic,12,4,C,Flügelschlägerin,Emerald Sapphire,InkCrows,Troa,Emerald Sapphire,Draw,
Qualification,TeamIconic,12,4,D,Netexx,Amethyst Sapphire,InkCrows,Tony,Amethyst Emerald,Play,
Qualification,TeamTotaHahn,1,5,A,Royal,Amber Steel,MadHatters,Nik,Amethyst Steel,Play,
Qualification,TeamTotaHahn,1,5,B,Carrie,Amethyst Steel,MadHatters,Pyropuschel,Amber Steel,Draw,
Qualification,TeamTotaHahn,1,5,C,Granic,Amber Steel,MadHatters,LuckyOswald,Emerald Steel,Play,
Qualification,TeamTotaHahn,1,5,D,Hendrik,Amethyst Steel,MadHatters,Lift,Amber Emerald,Draw,
Qualification,InkCrows,2,5,A,Duy,Amethyst Sapphire,TeamInkognito,Kilzin,Amber Emerald,Play,
Qualification,InkCrows,2,5,B,Tony,Amethyst Emerald,TeamInkognito,xSolutionx,Amethyst Sapphire,Draw,
Qualification,InkCrows,2,5,C,Troa,Emerald Sapphire,TeamInkognito,Carrier,Ruby Amethyst,Play,
Qualification,InkCrows,2,5,D,Rafa,Amethyst Sapphire,TeamInkognito,Bananza,Amethyst Steel,Draw,
Qualification,7Serpents,3,5,A,InkModeOn,Amethyst Steel,UwU,Kardo,Amethyst Sapphire,Play,
Qualification,7Serpents,3,5,B,schlendi,Amethyst Sapphire,UwU,TheBigOne,Emerald Sapphire,Draw,
Qualification,7Serpents,3,5,C,Andi1066,Emerald Sapphire,UwU,LorcanaBasti,Amethyst Steel,Play,
Qualification,7Serpents,3,5,D,McLovin,Amber Emerald,UwU,Saiko,Sapphire Steel,Draw,
Qualification,TeamInkognito,4,5,A,xSolutionx,Amethyst Sapphire,HardcastLorcanaClub,Tracker,Amethyst Sapphire,Play,
Qualification,TeamInkognito,4,5,B,Bananza,Amethyst Steel,HardcastLorcanaClub,Green,Amethyst Steel,Draw,
Qualification,TeamInkognito,4,5,C,Kilzin,Amber Emerald,HardcastLorcanaClub,Marc,Amethyst Steel,Play,
Qualification,TeamInkognito,4,5,D,Carrier,Ruby Amethyst,HardcastLorcanaClub,CeeGee,Amethyst Sapphire,Draw,
Qualification,PlayingDucks,5,5,A,Promisedland,Amethyst Sapphire,Der_Mushu_Clan,pwnTom,Amber Steel,Play,
Qualification,PlayingDucks,5,5,B,Nils,Amethyst Steel,Der_Mushu_Clan,JARL,Emerald Sapphire,Draw,
Qualification,PlayingDucks,5,5,C,Haertelus,Amethyst Sapphire,Der_Mushu_Clan,iSunny,Amethyst Sapphire,Play,
Qualification,PlayingDucks,5,5,D,Nachtgeist,Amethyst Sapphire,Der_Mushu_Clan,K0rshy,Amethyst Sapphire,Draw,
Qualification,TeamTotaHahn,6,5,A,Royal,Amber Steel,TeamMyTradingCards,MichiMaus,Amethyst Steel,Play,
Qualification,TeamTotaHahn,6,5,B,crazyetwas,Emerald Steel,TeamMyTradingCards,Larry,Amethyst Sapphire,Draw,
Qualification,TeamTotaHahn,6,5,C,Carrie,Amethyst Steel,TeamMyTradingCards,Smaro,Emerald Sapphire,Play,
Qualification,TeamTotaHahn,6,5,D,FloriansJade,Amethyst Sapphire,TeamMyTradingCards,Flamantha,Ruby Steel,Draw,
Qualification,TeamPrepared,7,5,A,goggelz,Amethyst Sapphire,BBB,TomTom,Amethyst Sapphire,Play,
Qualification,TeamPrepared,7,5,B,Samral,Amethyst Steel,BBB,Ina_Sts,Amber Steel,Draw,
Qualification,TeamPrepared,7,5,C,PrinzKaos,Amber Emerald,BBB,KranfahrerRonny,Amethyst Steel,Play,
Qualification,TeamPrepared,7,5,D,polyvulpes,Amber Steel,BBB,blackchvrch,Amethyst Sapphire,Draw,
Qualification,TeamIconic,8,5,A,Netexx,Amethyst Sapphire,BBB,TomTom,Amethyst Sapphire,Play,
Qualification,TeamIconic,8,5,B,Ruppi09,Amethyst Steel,BBB,Breezy,Amber Steel,Draw,
Qualification,TeamIconic,8,5,C,Cinime,Sapphire Steel,BBB,FabTricks,Amethyst Steel,Play,
Qualification,TeamIconic,8,5,D,Wyopi,Amethyst Steel,BBB,Ina_Sts,Amber Steel,Draw,
Qualification,TeamInkognito,9,5,A,Sayman,Ruby Sapphire,TeamMyTradingCards,ChuckMoritz,Sapphire Steel,Play,
Qualification,TeamInkognito,9,5,B,Carrier,Ruby Amethyst,TeamMyTradingCards,Smaro,Amethyst Emerald,Draw,
Qualification,TeamInkognito,9,5,C,xSolutionx,Amethyst Sapphire,TeamMyTradingCards,MichiMaus,Amethyst Steel,Play,
Qualification,TeamInkognito,9,5,D,Kilzin,Amber Emerald,TeamMyTradingCards,Flamantha,Ruby Steel,Draw,
Qualification,TeamTotaHahn,10,5,A,crazyetwas,Emerald Steel,TeamGOAT,Kevin,Amethyst Steel,Play,
Qualification,TeamTotaHahn,10,5,B,FloriansJade,Amethyst Sapphire,TeamGOAT,Rafa,Amethyst Sapphire,Draw,
Qualification,TeamTotaHahn,10,5,C,Suminy,Amethyst Sapphire,TeamGOAT,Juggy,Amethyst Sapphire,Play,
Qualification,TeamTotaHahn,10,5,D,Hendrik,Amethyst Steel,TeamGOAT,DanTheMan,Amethyst Steel,Draw,
Qualification,TeamSecretRare,11,5,A,Mohoo,Amethyst Sapphire,Der_Mushu_Clan,JARL,Emerald Sapphire,Draw,
Qualification,TeamSecretRare,11,5,B,BBop,Amber Steel,Der_Mushu_Clan,K0rshy,Sapphire Steel,Play,
Qualification,TeamSecretRare,11,5,C,Erebos,Amethyst Steel,Der_Mushu_Clan,pwnTom,Amber Steel,Draw,
Qualification,TeamSecretRare,11,5,D,Prymor,Amber Emerald,Der_Mushu_Clan,SarDestiny,Amethyst Sapphire,Play,
Qualification,7Serpents,12,5,A,McLovin,Amber Emerald,PlayingDucks,Promisedland,Amethyst Sapphire,Draw,
Qualification,7Serpents,12,5,B,Andi1066,Emerald Sapphire,PlayingDucks,Nils,Amethyst Steel,Play,
Qualification,7Serpents,12,5,C,InkModeOn,Amethyst Steel,PlayingDucks,Haertelus,Amethyst Sapphire,Draw,
Qualification,7Serpents,12,5,D,schlendi,Amethyst Sapphire,PlayingDucks,Bennet,Amber Steel,Play,
Qualification,TeamFreilos,1,6,A,Papierflieger,Emerald Sapphire,ink2well,Nunzi,Emerald Steel,Play,
Qualification,TeamFreilos,1,6,B,Kachy,Amethyst Steel,ink2well,Dave,Amber Steel,Draw,
Qualification,TeamFreilos,1,6,C,TuneZ,Amber Steel,ink2well,Matze,Emerald Steel,Play,
Qualification,TeamFreilos,1,6,D,Webster,Amethyst Sapphire,ink2well,Sarah,Amethyst Steel,Draw,
Qualification,PlayingDucks,2,6,A,Haertelus,Amethyst Sapphire,UwU,MarConOne,Amber Steel,Play,
Qualification,PlayingDucks,2,6,B,Nils,Amethyst Steel,UwU,TheBigOne,Emerald Sapphire,Draw,
Qualification,PlayingDucks,2,6,C,Promisedland,Amethyst Sapphire,UwU,Martosch,Amber Emerald,Play,
Qualification,PlayingDucks,2,6,D,Nachtgeist,Amethyst Sapphire,UwU,LorcanaBasti,Amethyst Steel,Draw,
Qualification,MROsGlimmerGang,3,6,A,Maxing,Emerald Sapphire,Der_Mushu_Clan,K0rshy,Sapphire Steel,Draw,
Qualification,MROsGlimmerGang,3,6,B,Severin,Amber Steel,Der_Mushu_Clan,akaTJ,Amethyst Steel,Play,
Qualification,MROsGlimmerGang,3,6,C,ZenTera,Amber Emerald,Der_Mushu_Clan,pwnTom,Amber Steel,Draw,
Qualification,MROsGlimmerGang,3,6,D,DanW15,Amber Emerald,Der_Mushu_Clan,iSunny,Amethyst Sapphire,Play,
Qualification,TeamMyTradingCards,4,6,A,Flamantha,Ruby Steel,BBB,Breezy,Amber Steel,Draw,
Qualification,TeamMyTradingCards,4,6,B,ChuckMoritz,Sapphire Steel,BBB,KranfahrerRonny,Amethyst Steel,Play,
Qualification,TeamMyTradingCards,4,6,C,MichiMaus,Amethyst Steel,BBB,Ina_Sts,Amber Steel,Draw,
Qualification,TeamMyTradingCards,4,6,D,Smaro,Emerald Sapphire,BBB,FabTricks,Amethyst Steel,Play,
Qualification,TeamTintenvorrat,5,6,A,LeXtreme,Amethyst Sapphire,TeamFreilos,Papierflieger,Emerald Sapphire,Draw,
Qualification,TeamTintenvorrat,5,6,B,PusherGene,Amethyst Steel,TeamFreilos,Webster,Amethyst Sapphire,Play,
Qualification,TeamTintenvorrat,5,6,C,Younique,Amethyst Steel,TeamFreilos,DerKoch,Emerald Steel,Draw,
Qualification,TeamTintenvorrat,5,6,D,Paduaner,Amethyst Sapphire,TeamFreilos,TuneZ,Amber Steel,Play,
Qualification,TeamTintenvorrat,6,6,A,LeXtreme,Amethyst Sapphire,TeamGOAT,Juggy,Amethyst Sapphire,Play,
Qualification,TeamTintenvorrat,6,6,B,CNTPD,Emerald Sapphire,TeamGOAT,Nayro,Amethyst Sapphire,Draw,
Qualification,TeamTintenvorrat,6,6,C,PusherGene,Amethyst Steel,TeamGOAT,DanTheMan,Amethyst Steel,Play,
Qualification,TeamTintenvorrat,6,6,D,Paduaner,Amethyst Sapphire,TeamGOAT,Kevin,Amethyst Steel,Draw,
Qualification,TeamTotaHahn,7,6,A,crazyetwas,Emerald Steel,MROsGlimmerGang,Severin,Amber Steel,Play,
Qualification,TeamTotaHahn,7,6,B,Hendrik,Amethyst Steel,MROsGlimmerGang,ZenTera,Amber Emerald,Draw,
Qualification,TeamTotaHahn,7,6,C,Granic,Amber Steel,MROsGlimmerGang,Maxing,Emerald Sapphire,Play,
Qualification,TeamTotaHahn,7,6,D,Tabea,Amethyst Steel,MROsGlimmerGang,DanW15,Amber Emerald,Draw,
Qualification,MROsGlimmerGang,8,6,A,DanW15,Amber Emerald,TeamMyTradingCards,ChuckMoritz,Sapphire Steel,Play,
Qualification,MROsGlimmerGang,8,6,B,ZenTera,Amber Emerald,TeamMyTradingCards,Flamantha,Ruby Steel,Draw,
Qualification,MROsGlimmerGang,8,6,C,Maxing,Emerald Sapphire,TeamMyTradingCards,Smaro,Emerald Sapphire,Play,
Qualification,MROsGlimmerGang,8,6,D,Severin,Amber Steel,TeamMyTradingCards,MichiMaus,Amethyst Steel,Draw,
Qualification,MROsGlimmerGang,9,6,A,ZenTera,Amber Emerald,BrothersInLore,MatDembo,Amethyst Steel,Play,
Qualification,MROsGlimmerGang,9,6,B,DanW15,Amber Emerald,BrothersInLore,KaijuManu,Emerald Sapphire,Draw,
Qualification,MROsGlimmerGang,9,6,C,Severin,Amber Steel,BrothersInLore,Herolt,Emerald Sapphire,Play,
Qualification,MROsGlimmerGang,9,6,D,Maxing,Emerald Sapphire,BrothersInLore,Pasqualitto,Amethyst Sapphire,Draw,
Qualification,TeamInkognito,10,6,A,Carrier,Ruby Amethyst,TeamFreilos,DerKoch,Emerald Steel,Play,
Qualification,TeamInkognito,10,6,B,Sayman,Ruby Sapphire,TeamFreilos,Papierflieger,Emerald Sapphire,Draw,
Qualification,TeamInkognito,10,6,C,Crosseden,Amber Emerald,TeamFreilos,Kachy,Amethyst Steel,Play,
Qualification,TeamInkognito,10,6,D,Kilzin,Amber Emerald,TeamFreilos,Webster,Amethyst Sapphire,Draw,
Qualification,7Serpents,11,6,A,Andi1066,Emerald Sapphire,TeamPrepared,Samral,Amethyst Steel,Play,
Qualification,7Serpents,11,6,B,McLovin,Amber Emerald,TeamPrepared,Naijul,Amethyst Sapphire,Draw,
Qualification,7Serpents,11,6,C,InkModeOn,Amethyst Steel,TeamPrepared,goggelz,Amethyst Sapphire,Play,
Qualification,7Serpents,11,6,D,schlendi,Amethyst Sapphire,TeamPrepared,WenrA,Amethyst Steel,Draw,
Qualification,TeamInkognito,12,6,A,Carrier,Ruby Amethyst,TeamPrepared,goggelz,Amethyst Sapphire,Play,
Qualification,TeamInkognito,12,6,B,Crosseden,Amber Emerald,TeamPrepared,Zook,Emerald Steel,Draw,
Qualification,TeamInkognito,12,6,C,xSolutionx,Amethyst Sapphire,TeamPrepared,polyvulpes,Amber Steel,Play,
Qualification,TeamInkognito,12,6,D,Sayman,Ruby Sapphire,TeamPrepared,WenrA,Amethyst Steel,Draw,
Qualification,TeamSecretRare,1,7,A,Erebos,Amethyst Steel,TeamPrepared,Zook,Emerald Steel,Draw,
Qualification,TeamSecretRare,1,7,B,Quabatchie,Amethyst Sapphire,TeamPrepared,polyvulpes,Amber Steel,Play,
Qualification,TeamSecretRare,1,7,C,Prymor,Amber Emerald,TeamPrepared,PrinzKaos,Amber Emerald,Draw,
Qualification,TeamSecretRare,1,7,D,Mohoo,Amethyst Sapphire,TeamPrepared,goggelz,Amethyst Sapphire,Play,
Qualification,TeamSecretRare,2,7,A,Quabatchie,Amethyst Sapphire,KasselIllumineers,Kuba,Amethyst Sapphire,Play,
Qualification,TeamSecretRare,2,7,B,Erebos,Amethyst Steel,KasselIllumineers,Tuan,Amber Steel,Draw,
Qualification,TeamSecretRare,2,7,C,Mohoo,Amethyst Sapphire,KasselIllumineers,Kay,Emerald Sapphire,Play,
Qualification,TeamSecretRare,2,7,D,Prymor,Amber Emerald,KasselIllumineers,Schaffi,Amethyst Sapphire,Draw,
Qualification,HardcastLorcanaClub,3,7,A,Imboslice,Amber Steel,ink2well,Nunzi,Emerald Steel,Play,
Qualification,HardcastLorcanaClub,3,7,B,Marc,Amethyst Steel,ink2well,Dave,Amber Steel,Draw,
Qualification,HardcastLorcanaClub,3,7,C,Green,Amethyst Steel,ink2well,Carddigga,Sapphire Steel,Play,
Qualification,HardcastLorcanaClub,3,7,D,Kimbo,Sapphire Steel,ink2well,Sarah,Amethyst Steel,Draw,
Qualification,TeamTintenvorrat,4,7,A,PusherGene,Amethyst Steel,TeamGOAT,Ronte,Amethyst Sapphire,Play,
Qualification,TeamTintenvorrat,4,7,B,Younique,Amethyst Steel,TeamGOAT,Schroedy,Emerald Steel,Draw,
Qualification,TeamTintenvorrat,4,7,C,LeXtreme,Amethyst Sapphire,TeamGOAT,Toadsen,Emerald Sapphire,Play,
Qualification,TeamTintenvorrat,4,7,D,Paduaner,Amethyst Sapphire,TeamGOAT,ShakiraShakira,Amethyst Steel,Draw,
Qualification,HardcastLorcanaClub,5,7,A,CeeGee,Amethyst Sapphire,TeamPrepared,PrinzKaos,Amber Emerald,Play,
Qualification,HardcastLorcanaClub,5,7,B,Kimbo,Sapphire Steel,TeamPrepared,Zook,Emerald Steel,Draw,
Qualification,HardcastLorcanaClub,5,7,C,Imboslice,Amber Steel,TeamPrepared,WenrA,Amethyst Steel,Play,
Qualification,HardcastLorcanaClub,5,7,D,Tracker,Amethyst Sapphire,TeamPrepared,goggelz,Amethyst Sapphire,Draw,
Qualification,PlayingDucks,6,7,A,Haertelus,Amethyst Sapphire,TeamFreilos,Papierflieger,Emerald Sapphire,Play,
Qualification,PlayingDucks,6,7,B,Nils,Amethyst Steel,TeamFreilos,TuneZ,Amber Steel,Draw,
Qualification,PlayingDucks,6,7,C,Promisedland,Amethyst Sapphire,TeamFreilos,Webster,Amethyst Sapphire,Play,
Qualification,PlayingDucks,6,7,D,Nachtgeist,Amethyst Sapphire,TeamFreilos,Kachy,Amethyst Steel,Draw,
Qualification,TeamGOAT,7,7,A,Nayro,Amethyst Sapphire,Der_Mushu_Clan,pwnTom,Amber Steel,Play,
Qualification,TeamGOAT,7,7,B,Juggy,Amethyst Sapphire,Der_Mushu_Clan,iSunny,Amethyst Sapphire,Draw,
Qualification,TeamGOAT,7,7,C,DanTheMan,Amethyst Steel,Der_Mushu_Clan,K0rshy,Sapphire Steel,Play,
Qualification,TeamGOAT,7,7,D,Kevin,Amethyst Steel,Der_Mushu_Clan,JARL,Emerald Sapphire,Draw,
Qualification,TeamTotaHahn,8,7,A,crazyetwas,Emerald Steel,TeamMulligan,ShakiraShakira,Amethyst Steel,Play,
Qualification,TeamTotaHahn,8,7,B,Carrie,Amethyst Steel,TeamMulligan,Schroedy,Emerald Steel,Draw,
Qualification,TeamTotaHahn,8,7,C,Granic,Amber Steel,TeamMulligan,Toadsen,Emerald Sapphire,Play,
Qualification,TeamTotaHahn,8,7,D,FloriansJade,Amethyst Sapphire,TeamMulligan,Ronte,Amethyst Sapphire,Draw,
Qualification,TeamIconic,9,7,A,Netexx,Amethyst Sapphire,TeamTotaHahn,Royal,Amber Steel,Play,
Qualification,TeamIconic,9,7,B,Flügelschlägerin,Emerald Sapphire,TeamTotaHahn,Carrie,Amethyst Steel,Draw,
Qualification,TeamIconic,9,7,C,Cinime,Sapphire Steel,TeamTotaHahn,Suminy,Amethyst Sapphire,Play,
Qualification,TeamIconic,9,7,D,Wyopi,Amethyst Steel,TeamTotaHahn,Hendrik,Amethyst Steel,Draw,
Qualification,PlayingDucks,10,7,A,Haertelus,Amethyst Sapphire,TeamMyTradingCards,Smaro,Emerald Sapphire,Play,
Qualification,PlayingDucks,10,7,B,Nachtgeist,Amethyst Sapphire,TeamMyTradingCards,ChuckMoritz,Sapphire Steel,Draw,
Qualification,PlayingDucks,10,7,C,Promisedland,Amethyst Sapphire,TeamMyTradingCards,Feilers7,Amethyst Emerald,Play,
Qualification,PlayingDucks,10,7,D,DerHut,Amethyst Emerald,TeamMyTradingCards,Flamantha,Ruby Steel,Draw,
Qualification,BattleBear,11,7,A,Hetti,Sapphire Steel,Tintenlovers,Phillip,Amethyst Emerald,Draw,
Qualification,BattleBear,11,7,B,AkatsukiCap,Amethyst Sapphire,Tintenlovers,Tobias,Amber Steel,Play,
Qualification,BattleBear,11,7,C,Pew_Pew,Amethyst Steel,Tintenlovers,MaxPower,Amethyst Sapphire,Draw,
Qualification,BattleBear,11,7,D,Gonk,Amethyst Sapphire,Tintenlovers,Kiatsay,Sapphire Steel,Play,
Qualification,TeamTIC,12,7,A,Taxnado,Amethyst Steel,Der_Mushu_Clan,K0rshy,Sapphire Steel,Play,
Qualification,TeamTIC,12,7,B,Miroque,Emerald Steel,Der_Mushu_Clan,JARL,Emerald Sapphire,Draw,
Qualification,TeamTIC,12,7,C,Tempelore,Amethyst Sapphire,Der_Mushu_Clan,pwnTom,Amber Steel,Play,
Qualification,TeamTIC,12,7,D,PowerPainter,Emerald Ruby,Der_Mushu_Clan,SarDestiny,Amethyst Sapphire,Draw,
Qualification,7Serpents,1,8,A,InkModeOn,Amethyst Steel,TeamUninkables,Mirapla,Emerald Sapphire,Play,
Qualification,7Serpents,1,8,B,McLovin,Amber Emerald,TeamUninkables,Hofnarr,Amethyst Sapphire,Draw,
Qualification,7Serpents,1,8,C,Andi1066,Emerald Sapphire,TeamUninkables,Dairino,Amethyst Emerald,Play,
Qualification,7Serpents,1,8,D,LucyCat,Amethyst Steel,TeamUninkables,hansi,Amber Emerald,Draw,
Qualification,TeamIconic,2,8,A,Wyopi,Amethyst Steel,Tintenlovers,Tobias,Amber Steel,Draw,
Qualification,TeamIconic,2,8,B,Cinime,Sapphire Steel,Tintenlovers,Phillip,Amethyst Emerald,Play,
Qualification,TeamIconic,2,8,C,Miriam,Emerald Steel,Tintenlovers,Axty7,Amber Emerald,Draw,
Qualification,TeamIconic,2,8,D,Netexx,Amethyst Sapphire,Tintenlovers,MaxPower,Amethyst Sapphire,Play,
Qualification,LorcanaLadies,3,8,A,Himbeerkiller,Emerald Sapphire,InkOffice,BlackMountain,Amber Emerald,Play,
Qualification,LorcanaLadies,3,8,B,Vika,Amber Steel,InkOffice,Zaro,Amethyst Sapphire,Draw,
Qualification,LorcanaLadies,3,8,C,Sahrii.Bla,Amber Steel,InkOffice,Zashman,Amber Emerald,Play,
Qualification,LorcanaLadies,3,8,D,Poisarella,Amber Emerald,InkOffice,Torben,Amethyst Sapphire,Draw,
Qualification,TeamPrepared,4,8,A,WenrA,Amethyst Steel,FloodbornShifters,Jenny,Amber Steel,Draw,
Qualification,TeamPrepared,4,8,B,Zook,Emerald Steel,FloodbornShifters,Rene,Amethyst Steel,Play,
Qualification,TeamPrepared,4,8,C,polyvulpes,Amber Steel,FloodbornShifters,Saidbjerg,Emerald Sapphire,Draw,
Qualification,TeamPrepared,4,8,D,Samral,Amethyst Steel,FloodbornShifters,Adlerkralle,Amber Steel,Play,
Qualification,LorcanaLadies,5,8,A,Sahrii.Bla,Amber Steel,TeamMyTradingCards,ChuckMoritz,Sapphire Steel,Draw,
Qualification,LorcanaLadies,5,8,B,Mirich4an,Amethyst Sapphire,TeamMyTradingCards,Smaro,Emerald Sapphire,Play,
Qualification,LorcanaLadies,5,8,C,Poisarella,Amber Emerald,TeamMyTradingCards,MichiMaus,Amethyst Steel,Draw,
Qualification,LorcanaLadies,5,8,D,Vika,Amber Steel,TeamMyTradingCards,Flamantha,Ruby Steel,Play,
Qualification,HardcastLorcanaClub,6,8,A,Imboslice,Amber Steel,Der_Mushu_Clan,JARL,Emerald Sapphire,Play,
Qualification,HardcastLorcanaClub,6,8,B,CeeGee,Amethyst Sapphire,Der_Mushu_Clan,SarDestiny,Amethyst Sapphire,Draw,
Qualification,HardcastLorcanaClub,6,8,C,Tracker,Amethyst Sapphire,Der_Mushu_Clan,pwnTom,Amber Steel,Play,
Qualification,HardcastLorcanaClub,6,8,D,Kimbo,Sapphire Steel,Der_Mushu_Clan,K0rshy,Sapphire Steel,Draw,
Qualification,PlayingDucks,7,8,A,Promisedland,Amethyst Sapphire,TeamTintenvorrat,CNTPD,Emerald Sapphire,Play,
Qualification,PlayingDucks,7,8,B,DerHut,Amethyst Emerald,TeamTintenvorrat,LeXtreme,Amethyst Sapphire,Draw,
Qualification,PlayingDucks,7,8,C,Haertelus,Amethyst Sapphire,TeamTintenvorrat,CuddlesomeTiger,Amber Steel,Play,
Qualification,PlayingDucks,7,8,D,Nachtgeist,Amethyst Sapphire,TeamTintenvorrat,PusherGene,Amethyst Steel,Draw,
Qualification,TeamTIC,8,8,A,Taxnado,Amethyst Steel,TeamGOAT,Nayro,Amethyst Sapphire,Play,
Qualification,TeamTIC,8,8,B,Tempelore,Amethyst Sapphire,TeamGOAT,DanTheMan,Amethyst Steel,Draw,
Qualification,TeamTIC,8,8,C,Miroque,Emerald Steel,TeamGOAT,Kevin,Amethyst Steel,Play,
Qualification,TeamTIC,8,8,D,PowerPainter,Emerald Ruby,TeamGOAT,Rafa,Amethyst Sapphire,Draw,
Qualification,InkSquad,9,8,A,LaikaS,Amber Steel,TeamGOAT,Nayro,Amethyst Sapphire,Draw,
Qualification,InkSquad,9,8,B,LauchMitBauch,Amber Steel,TeamGOAT,Kevin,Amethyst Steel,Play,
Qualification,InkSquad,9,8,C,Telkas,Emerald Steel,TeamGOAT,Juggy,Amethyst Sapphire,Draw,
Qualification,InkSquad,9,8,D,DerVierteHokage,Amethyst Steel,TeamGOAT,Rafa,Amethyst Sapphire,Play,
Qualification,TeamIconic,10,8,A,Wyopi,Amethyst Steel,TeamMulligan,Schroedy,Emerald Steel,Draw,
Qualification,TeamIconic,10,8,B,Cinime,Sapphire Steel,TeamMulligan,Toadsen,Emerald Sapphire,Play,
Qualification,TeamIconic,10,8,C,Miriam,Emerald Steel,TeamMulligan,Ronte,Amethyst Sapphire,Draw,
Qualification,TeamIconic,10,8,D,Netexx,Amethyst Sapphire,TeamMulligan,Rawwkstar,Amber Steel,Play,
Qualification,TeamIconic,11,8,A,Miriam,Emerald Steel,TeamGOAT,Nayro,Amethyst Sapphire,Draw,
Qualification,TeamIconic,11,8,B,Flügelschlägerin,Emerald Sapphire,TeamGOAT,Rafa,Amethyst Sapphire,Play,
Qualification,TeamIconic,11,8,C,Netexx,Amethyst Sapphire,TeamGOAT,Juggy,Amethyst Sapphire,Draw,
Qualification,TeamIconic,11,8,D,Cinime,Sapphire Steel,TeamGOAT,Kevin,Amethyst Steel,Play,
Qualification,DarkWings,1,9,A,MarsiDarsi,Amethyst Steel,InkOffice,Petnein,Amber Emerald,Draw,
Qualification,DarkWings,1,9,B,Secret,Amber Emerald,InkOffice,BlackMountain,Amber Emerald,Play,
Qualification,DarkWings,1,9,C,Till,Amethyst Steel,InkOffice,Micha,Amber Steel,Draw,
Qualification,DarkWings,1,9,D,Chupa,Amethyst Sapphire,InkOffice,Zaro,Amethyst Sapphire,Play,
Qualification,TeamTIC,2,9,A,Tempelore,Amethyst Sapphire,TeamMyTradingCards,ChuckMoritz,Sapphire Steel,Draw,
Qualification,TeamTIC,2,9,B,Taxnado,Amethyst Steel,TeamMyTradingCards,Larry,Amethyst Sapphire,Play,
Qualification,TeamTIC,2,9,C,BizepsBrawler,Amethyst Steel,TeamMyTradingCards,MichiMaus,Amethyst Steel,Draw,
Qualification,TeamTIC,2,9,D,PowerPainter,Emerald Ruby,TeamMyTradingCards,Smaro,Emerald Sapphire,Play,
Qualification,TeamFreilos,3,9,A,DerKoch,Emerald Steel,FloodbornShifters,Rene,Amethyst Steel,Play,
Qualification,TeamFreilos,3,9,B,Wolfverine,Amber Emerald,FloodbornShifters,Jenny,Amber Steel,Draw,
Qualification,TeamFreilos,3,9,C,Kachy,Amethyst Steel,FloodbornShifters,Adlerkralle,Amber Steel,Play,
Qualification,TeamFreilos,3,9,D,Webster,Amethyst Sapphire,FloodbornShifters,Saidbjerg,Emerald Sapphire,Draw,
Qualification,TeamIconic,4,9,A,Wyopi,Amethyst Steel,MROsGlimmerGang,Severin,Amber Steel,Draw,
Qualification,TeamIconic,4,9,B,MbuziXenia,Amber Steel,MROsGlimmerGang,Maxing,Emerald Sapphire,Play,
Qualification,TeamIconic,4,9,C,Miriam,Emerald Steel,MROsGlimmerGang,DanW15,Amber Emerald,Draw,
Qualification,TeamIconic,4,9,D,Cinime,Sapphire Steel,MROsGlimmerGang,ZenTera,Amber Emerald,Play,
Qualification,KasselIllumineers,5,9,A,Kuba,Amethyst Sapphire,BBB,blackchvrch,Amethyst Sapphire,Play,
Qualification,KasselIllumineers,5,9,B,ANdre,Amethyst Steel,BBB,FabTricks,Amethyst Steel,Draw,
Qualification,KasselIllumineers,5,9,C,Shinuslaw,Amethyst Steel,BBB,TomTom,Amethyst Sapphire,Play,
Qualification,KasselIllumineers,5,9,D,Schaffi,Amethyst Sapphire,BBB,KranfahrerRonny,Amethyst Steel,Draw,
Qualification,LorcanaLadies,6,9,A,Vika,Amber Steel,MROsGlimmerGang,DanW15,Amber Emerald,Draw,
Qualification,LorcanaLadies,6,9,B,Himbeerkiller,Emerald Sapphire,MROsGlimmerGang,ZenTera,Amber Emerald,Play,
Qualification,LorcanaLadies,6,9,C,Sahrii.Bla,Amber Steel,MROsGlimmerGang,Severin,Amber Steel,Draw,
Qualification,LorcanaLadies,6,9,D,Mirich4an,Amethyst Sapphire,MROsGlimmerGang,Maxing,Emerald Sapphire,Play,
Qualification,TeamIconic,7,9,A,Wyopi,Amethyst Steel,TeamFreilos,Papierflieger,Emerald Sapphire,Draw,
Qualification,TeamIconic,7,9,B,Netexx,Amethyst Sapphire,TeamFreilos,DerKoch,Emerald Steel,Play,
Qualification,TeamIconic,7,9,C,Ruppi09,Amethyst Steel,TeamFreilos,Tunez,Amber Steel,Draw,
Qualification,TeamIconic,7,9,D,Flügelschlägerin,Emerald Sapphire,TeamFreilos,Webster,Amethyst Sapphire,Play,
Qualification,ink2well,8,9,A,Basti,Amethyst Sapphire,Der_Mushu_Clan,K0rshy,Sapphire Steel,Draw,
Qualification,ink2well,8,9,B,Dave,Amber Steel,Der_Mushu_Clan,pwnTom,Amber Steel,Play,
Qualification,ink2well,8,9,C,Nunzi,Emerald Steel,Der_Mushu_Clan,JARL,Emerald Sapphire,Draw,
Qualification,ink2well,8,9,D,Sarah,Amethyst Steel,Der_Mushu_Clan,SarDestiny,Amethyst Sapphire,Play,
Qualification,TeamPrepared,9,9,A,WenrA,Amethyst Steel,TeamMulligan,Schroedy,Emerald Steel,Draw,
Qualification,TeamPrepared,9,9,B,Samral,Amethyst Steel,TeamMulligan,Ronte,Amethyst Sapphire,Play,
Qualification,TeamPrepared,9,9,C,polyvulpes,Amber Steel,TeamMulligan,Rawwkstar,Amber Steel,Draw,
Qualification,TeamPrepared,9,9,D,goggelz,Amethyst Sapphire,TeamMulligan,Toadsen,Emerald Sapphire,Play,
Qualification,Tintenlovers,10,9,A,MSCHILLMAIER,Ruby Amethyst,BBB,Ina_Sts,Amber Steel,Draw,
Qualification,Tintenlovers,10,9,B,MaxPower,Amethyst Sapphire,BBB,blackchvrch,Amethyst Sapphire,Play,
Qualification,Tintenlovers,10,9,C,2Pak,Amethyst Steel,BBB,Breezy,Amber Steel,Draw,
Qualification,Tintenlovers,10,9,D,Phillip,Amethyst Emerald,BBB,KranfahrerRonny,Amethyst Steel,Play,
Qualification,InkOffice,11,9,A,BlackMountain,Amber Emerald,TeamMyTradingCards,ChuckMoritz,Sapphire Steel,Draw,
Qualification,InkOffice,11,9,B,Torben,Amethyst Sapphire,TeamMyTradingCards,Smaro,Emerald Sapphire,Play,
Qualification,InkOffice,11,9,C,Zaro,Amethyst Sapphire,TeamMyTradingCards,MichiMaus,Amethyst Steel,Draw,
Qualification,InkOffice,11,9,D,Petnein,Amethyst Sapphire,TeamMyTradingCards,Flamantha,Ruby Steel,Play,
Qualification,BattleBear,12,9,A,Hetti,Sapphire Steel,HardcastLorcanaClub,CeeGee,Amethyst Sapphire,Draw,
Qualification,BattleBear,12,9,B,Gonk,Amethyst Sapphire,HardcastLorcanaClub,Imboslice,Amber Steel,Play,
Qualification,BattleBear,12,9,C,AkatsukiCap,Amethyst Sapphire,HardcastLorcanaClub,Green,Amethyst Steel,Draw,
Qualification,BattleBear,12,9,D,Pew_Pew,Amethyst Steel,HardcastLorcanaClub,Kimbo,Sapphire Steel,Play,
Qualification,PlayingDucks,1,10,A,Haertelus,Amethyst Sapphire,TeamEnchanted,captainnonsense,Amethyst Steel,Play,
Qualification,PlayingDucks,1,10,B,Nils,Amethyst Steel,TeamEnchanted,Schnauzer,Amber Steel,Draw,
Qualification,PlayingDucks,1,10,C,Promisedland,Amethyst Sapphire,TeamEnchanted,franky_1908,Amethyst Sapphire,Play,
Qualification,PlayingDucks,1,10,D,Freakout,Emerald Sapphire,TeamEnchanted,Crofty99,Emerald Amber,Draw,
Qualification,BattleBear,2,10,A,DragonBT,Amethyst Steel,Der_Mushu_Clan,iSunny,Amethyst Sapphire,Draw,
Qualification,BattleBear,2,10,B,Gonk,Amethyst Sapphire,Der_Mushu_Clan,pwnTom,Amber Steel,Play,
Qualification,BattleBear,2,10,C,Hetti,Sapphire Steel,Der_Mushu_Clan,akaTJ,Amethyst Steel,Draw,
Qualification,BattleBear,2,10,D,AkatsukiCap,Amethyst Sapphire,Der_Mushu_Clan,K0rshy,Sapphire Steel,Play,
Qualification,InkCrows,3,10,A,Duy,Amethyst Sapphire,BrothersInLore,KaijuManu,Emerald Sapphire,Play,
Qualification,InkCrows,3,10,B,Tony,Amethyst Emerald,BrothersInLore,Pasqualitto,Amethyst Sapphire,Draw,
Qualification,InkCrows,3,10,C,Troa,Emerald Sapphire,BrothersInLore,Zabrox,Amethyst Steel,Play,
Qualification,InkCrows,3,10,D,Johnny3,Amethyst Steel,BrothersInLore,Sascha,Emerald Steel,Draw,
Qualification,UwU,4,10,A,Saiko,Sapphire Steel,BrickHappens,SlimeSmash,Amethyst Sapphire,Play,
Qualification,UwU,4,10,B,MarConOne,Amber Steel,BrickHappens,Solemn_Slap,Amethyst Sapphire,Draw,
Qualification,UwU,4,10,C,TheBigOne,Emerald Sapphire,BrickHappens,LookAtTheBacon,Amber Steel,Play,
Qualification,UwU,4,10,D,Kardo,Amethyst Sapphire,BrickHappens,Hino,Amethyst Steel,Draw,
Qualification,TeamGOAT,5,10,A,DanTheMan,Amethyst Steel,UwU,Kardo,Amethyst Sapphire,Play,
Qualification,TeamGOAT,5,10,B,Rafa,Amethyst Sapphire,UwU,TheBigOne,Emerald Sapphire,Draw,
Qualification,TeamGOAT,5,10,C,Juggy,Amethyst Sapphire,UwU,MarConOne,Amber Steel,Play,
Qualification,TeamGOAT,5,10,D,Kevin,Amethyst Steel,UwU,Martosch,Amber Emerald,Draw,
Qualification,TeamMulligan,6,10,A,Schroedy,Emerald Steel,BrickHappens,Hino,Amethyst Steel,Play,
Qualification,TeamMulligan,6,10,B,Toadsen,Emerald Sapphire,BrickHappens,Solemn_Slap,Amethyst Sapphire,Draw,
Qualification,TeamMulligan,6,10,C,Rawwkstar,Amber Steel,BrickHappens,Yggdra,Amber Steel,Play,
Qualification,TeamMulligan,6,10,D,Ronte,Amethyst Sapphire,BrickHappens,SlimeSmash,Amethyst Sapphire,Draw,
Qualification,ink2well,7,10,A,Dominik,Amber Emerald,BrothersInLore,MatDembo,Amethyst Steel,Play,
Qualification,ink2well,7,10,B,Carddigga,Sapphire Steel,BrothersInLore,KaijuManu,Emerald Sapphire,Draw,
Qualification,ink2well,7,10,C,Fabi,Emerald Sapphire,BrothersInLore,Zabrox,Amethyst Sapphire,Play,
Qualification,ink2well,7,10,D,basti,Amethyst Sapphire,BrothersInLore,Sascha,Emerald Steel,Draw,
Qualification,BattleBear,8,10,A,Pew_Pew,Amethyst Steel,TeamFreilos,Webster,Amethyst Sapphire,Play,
Qualification,BattleBear,8,10,B,DragonBT,Amethyst Steel,TeamFreilos,Papierflieger,Emerald Sapphire,Draw,
Qualification,BattleBear,8,10,C,Jurki,Amethyst Steel,TeamFreilos,Kachy,Amethyst Steel,Play,
Qualification,BattleBear,8,10,D,Rubski,Ruby Amethyst,TeamFreilos,DerKoch,Emerald Steel,Draw,
Qualification,BattleBear,9,10,A,Rubski,Ruby Amethyst,MadHatters,Pyropuschel,Amber Steel,Draw,Win
Qualification,BattleBear,9,10,B,AkatsukiCap,Amethyst Sapphire,MadHatters,LuckyOswald,Emerald Steel,Play,Win
Qualification,BattleBear,9,10,C,Hetti,Sapphire Steel,MadHatters,wboy,Amethyst Sapphire,Draw,Loss
Qualification,BattleBear,9,10,D,Jurki,Amethyst Steel,MadHatters,TaiCT,Ruby Amethyst,Play,Loss
Qualification,TeamPrepared,10,10,A,polyvulpes,Amber Steel,BrothersInLore,Zabrox,Amethyst Sapphire,Draw,
Qualification,TeamPrepared,10,10,B,WenrA,Amethyst Steel,BrothersInLore,Pasqualitto,Amethyst Sapphire,Play,
Qualification,TeamPrepared,10,10,C,Samral,Amethyst Steel,BrothersInLore,KaijuManu,Emerald Sapphire,Draw,
Qualification,TeamPrepared,10,10,D,Naijul,Amethyst Sapphire,BrothersInLore,Sascha,Emerald Steel,Play,
Qualification,TeamFreilos,11,10,A,Webster,Amethyst Sapphire,TeamTIC,Taxnado,Amethyst Steel,Draw,
Qualification,TeamFreilos,11,10,B,Papierflieger,Emerald Sapphire,TeamTIC,Miroque,Emerald Steel,Play,
Qualification,TeamFreilos,11,10,C,Wolfverine,Amber Emerald,TeamTIC,Tempelore,Amethyst Sapphire,Draw,
Qualification,TeamFreilos,11,10,D,Kachy,Amethyst Steel,TeamTIC,BizepsBrawler,Amethyst Steel,Play,
Qualification,TeamGOAT,12,10,A,DanTheMan,Amethyst Steel,KasselIllumineers,ANdre,Amethyst Steel,Play,
Qualification,TeamGOAT,12,10,B,Rafa,Amethyst Sapphire,KasselIllumineers,Kay,Emerald Sapphire,Draw,
Qualification,TeamGOAT,12,10,C,Juggy,Amethyst Sapphire,KasselIllumineers,Schaffi,Amethyst Sapphire,Play,
Qualification,TeamGOAT,12,10,D,Nayro,Amethyst Sapphire,KasselIllumineers,Shinuslaw,Amethyst Steel,Draw,
Season1_Div1_Day1,PlayingDucks,1,1,A,Freakout,Emerald Sapphire,TeamSecretRare,Mohoo,Amethyst Sapphire,Play,Win
Season1_Div1_Day1,PlayingDucks,1,1,B,Bennet,Amber Steel,TeamSecretRare,Membis,Amethyst Steel,Draw,Win
Season1_Div1_Day1,PlayingDucks,1,1,C,Haertelus,Amethyst Sapphire,TeamSecretRare,BBop,Amber Steel,Play,Loss
Season1_Div1_Day1,PlayingDucks,1,1,D,DerHut,Amethyst Steel,TeamSecretRare,Quabatchie,Amethyst Steel,Draw,Win
Season1_Div1_Day1,IllumineersRN,1,1,A,Swordinator,Amethyst Sapphire,TeamIconic,Cinime,Sapphire Steel,Draw,Win
Season1_Div1_Day1,IllumineersRN,1,1,B,TopChicken,Amethyst Steel,TeamIconic,Miriam,Emerald Steel,Play,Loss
Season1_Div1_Day1,IllumineersRN,1,1,C,shinobi64,Amethyst Steel,TeamIconic,Wyopi,Amethyst Steel,Draw,Loss
Season1_Div1_Day1,IllumineersRN,1,1,D,keo,Amethyst Steel,TeamIconic,Netexx,Amethyst Sapphire,Play,Loss
Season1_Div1_Day1,MROsGlimmerGang,1,1,A,Maxing,Emerald Ruby,TeamTintenvorrat,LeXtreme,Amethyst Sapphire,Play,Win
Season1_Div1_Day1,MROsGlimmerGang,1,1,B,ZenTera,Emerald Steel,TeamTintenvorrat,Brann1707,Amethyst Steel,Draw,Loss
Season1_Div1_Day1,MROsGlimmerGang,1,1,C,DanW15,Amber Emerald,TeamTintenvorrat,Younique,Amethyst Steel,Play,Loss
Season1_Div1_Day1,MROsGlimmerGang,1,1,D,ruffy,Amethyst Sapphire,TeamTintenvorrat,CNTPD,Emerald Sapphire,Draw,Win
Season1_Div1_Day1,InkCrows,1,1,A,Duy,Amethyst Sapphire,TeamTotaHahn,crazyetwas,Emerald Steel,Play,Win
Season1_Div1_Day1,InkCrows,1,1,B,Johnny3,Amethyst Steel,TeamTotaHahn,Carrie,Amethyst Steel,Draw,Loss
Season1_Div1_Day1,InkCrows,1,1,C,Tom,Amethyst Steel,TeamTotaHahn,Tabea,Amethyst Steel,Play,Win
Season1_Div1_Day1,InkCrows,1,1,D,Troa,Emerald Sapphire,TeamTotaHahn,Suminy,Amethyst Sapphire,Draw,Loss
Season1_Div1_Day1,TeamInkognito,1,2,A,xSolutionx,Amethyst Sapphire,DarkWings,Chupa,Amethyst Sapphire,Play,Win
Season1_Div1_Day1,TeamInkognito,1,2,B,Bananza,Amethyst Steel,DarkWings,Tommydo0,Emerald Sapphire,Draw,Loss
Season1_Div1_Day1,TeamInkognito,1,2,C,LuckyJo,Amber Emerald,DarkWings,MarsiDarsi,Amethyst Steel,Play,Loss
Season1_Div1_Day1,TeamInkognito,1,2,D,Kilzin,Amethyst Sapphire,DarkWings,Till,Amethyst Steel,Draw,Win
Season1_Div1_Day2,InkCrows,1,1,A,Johnny3,Emerald Sapphire,TeamTintenvorrat,BarisF2,Amethyst Emerald,Play,Loss
Season1_Div1_Day2,InkCrows,1,1,B,Dome,Amethyst Steel,TeamTintenvorrat,PusherGene,Amethyst Steel,Draw,Loss
Season1_Div1_Day2,InkCrows,1,1,C,Rafa,Amethyst Sapphire,TeamTintenvorrat,Younique,Amethyst Sapphire,Play,Loss
Season1_Div1_Day2,InkCrows,1,1,D,Tony,Amethyst Emerald,TeamTintenvorrat,Brann1707,Amethyst Steel,Draw,Loss
Season1_Div1_Day2,PlayingDucks,1,2,A,Nils,Amethyst Steel,TeamIconic,Flügelschlägerin,Amber Emerald,Play,Win
Season1_Div1_Day2,PlayingDucks,1,2,B,Nachtgeist,Amber Emerald,TeamIconic,Shorty,Sapphire Steel,Draw,Win
Season1_Div1_Day2,PlayingDucks,1,2,C,Freakout,Emerald Sapphire,TeamIconic,Netexx,Emerald Sapphire,Play,Loss
Season1_Div1_Day2,PlayingDucks,1,2,D,DerHut,Amethyst Steel,TeamIconic,Cinime,Sapphire Steel,Draw,Win
Season1_Div1_Day2,IllumineersRN,1,1,A,shinobi64,Amethyst Steel,TeamInkognito,xSolutionx,Amethyst Steel,Draw,Loss
Season1_Div1_Day2,IllumineersRN,1,1,B,RandAlex,Amethyst Steel,TeamInkognito,LuckyJo,Amber Emerald,Play,Win
Season1_Div1_Day2,IllumineersRN,1,1,C,Swordinator,Amethyst Steel,TeamInkognito,Carrier,Emerald Sapphire,Draw,Win
Season1_Div1_Day2,IllumineersRN,1,1,D,TopChicken,Amethyst Steel,TeamInkognito,Kilzin,Sapphire Steel,Play,Win
Season1_Div1_Day2,TeamSecretRare,1,2,A,Mohoo,Amethyst Steel,TeamTotaHahn,Suminy,Emerald Sapphire,Play,Win
Season1_Div1_Day2,TeamSecretRare,1,2,B,Luminator,Amethyst Steel,TeamTotaHahn,Carrie,Sapphire Steel,Draw,Win
Season1_Div1_Day2,TeamSecretRare,1,2,C,Angelina,Amethyst Steel,TeamTotaHahn,FloriansJade,Amethyst Sapphire,Play,Loss
Season1_Div1_Day2,TeamSecretRare,1,2,D,Membis,Amethyst Steel,TeamTotaHahn,Tabea,Amethyst Steel,Draw,Win
Season1_Div1_Day2,DarkWings,1,3,A,Corvus,Amethyst Emerald,MROsGlimmerGang,ruffy,Sapphire Steel,Draw,Win
Season1_Div1_Day2,DarkWings,1,3,B,Till,Amethyst Steel,MROsGlimmerGang,Severin,Sapphire Steel,Play,Win
Season1_Div1_Day2,DarkWings,1,3,C,Chupa,Amethyst Sapphire,MROsGlimmerGang,ZenTera,Emerald Sapphire,Draw,Loss
Season1_Div1_Day2,DarkWings,1,3,D,MarsiDarsi,Amethyst Steel,MROsGlimmerGang,DanW15,Amber Emerald,Play,Win
Season1_Div2_Day2,BattleBear,1,1,A,Rubski,Amethyst Steel,InkOffice,Zashman,Amber Emerald,Draw,Loss
Season1_Div2_Day2,BattleBear,1,1,B,Gonk,Amethyst Emerald,InkOffice,James,Amber Sapphire,Play,Win
Season1_Div2_Day2,BattleBear,1,1,C,Hetti,Sapphire Steel,InkOffice,Zaro,Amethyst Sapphire,Draw,Win
Season1_Div2_Day2,BattleBear,1,1,D,Pew_Pew,Amethyst Steel,InkOffice,Torben,Amethyst Sapphire,Play,Win
Season1_Div2_Day2,TeamGOAT,1,2,A,Rafa,Amethyst Sapphire,TeamMyTradingCards,Diaflo,Emerald Sapphire,Draw,Win
Season1_Div2_Day2,TeamGOAT,1,2,B,Blub,Amethyst Steel,TeamMyTradingCards,Larry,Amethyst Sapphire,Play,Win
Season1_Div2_Day2,TeamGOAT,1,2,C,Kevin,Amethyst Steel,TeamMyTradingCards,ChuckMoritz,Amber Emerald,Draw,Loss
Season1_Div2_Day2,TeamGOAT,1,2,D,Nayro,Amethyst Sapphire,TeamMyTradingCards,MichiMaus,Amethyst Steel,Play,Win
Season1_Div2_Day2,Der_Mushu_Clan,1,1,A,SarDestiny,Amethyst Steel,TeamPrepared,goggelz,Amethyst Sapphire,Play,Win
Season1_Div2_Day2,Der_Mushu_Clan,1,1,B,Jarl,Emerald Steel,TeamPrepared,Naijul,Sapphire Steel,Draw,Loss
Season1_Div2_Day2,Der_Mushu_Clan,1,1,C,pwnTom,Amber Steel,TeamPrepared,WenrA,Amethyst Steel,Play,Win
Season1_Div2_Day2,Der_Mushu_Clan,1,1,D,K0rshy,Amethyst Steel,TeamPrepared,Zook,Amethyst Emerald,Draw,Win
Season1_Div2_Day2,HardcastLorcanaClub,1,1,A,Green,Amethyst Steel,Tintenlovers,MaxPower,Amethyst Sapphire,Play,Win
Season1_Div2_Day2,HardcastLorcanaClub,1,1,B,CeeGee,Sapphire Steel,Tintenlovers,Axty7,Amethyst Steel,Draw,Win
Season1_Div2_Day2,HardcastLorcanaClub,1,1,C,Tracker,Emerald Sapphire,Tintenlovers,Kiatsay,Sapphire Steel,Play,Win
Season1_Div2_Day2,HardcastLorcanaClub,1,1,D,Marc,Amethyst Steel,Tintenlovers,MSCHILLMAIER,Ruby Amethyst,Draw,Win
Season1_Div2_Day2,7Serpents,1,1,A,schlendi,Sapphire Steel,TeamTIC,BizepsBrawler,Ruby Amethyst,Play,Win
Season1_Div2_Day2,7Serpents,1,1,B,Andi1066,Emerald Sapphire,TeamTIC,Taxnado,Ruby Amethyst,Draw,Win
Season1_Div2_Day2,7Serpents,1,1,C,McLovin,Amber Emerald,TeamTIC,PowerPainter,Emerald Steel,Play,Loss
Season1_Div2_Day2,7Serpents,1,1,D,InkModeOn,Amethyst Steel,TeamTIC,LoreLifter,Sapphire Steel,Draw,Loss
Season1_Div1_Day3,TeamTotaHahn,1,1,A,Royal,Ruby Amethyst,TeamIconic,Netexx,Emerald Sapphire,Play,Loss
Season1_Div1_Day3,TeamTotaHahn,1,1,B,Carrie,Amethyst Steel,TeamIconic,Miriam,Amethyst Steel,Draw,Loss
Season1_Div1_Day3,TeamTotaHahn,1,1,C,Granic,Amber Steel,TeamIconic,Ruppi09,Amethyst Steel,Play,Win
Season1_Div1_Day3,TeamTotaHahn,1,1,D,Suminy,Amethyst Steel,TeamIconic,Cinime,Sapphire Steel,Draw,Loss
Season1_Div2_Day3,7Serpents,1,1,A,Andi1066,Emerald Sapphire,TeamGOAT,Blub,Amethyst Steel,Draw,Win
Season1_Div2_Day3,7Serpents,1,1,B,McLovin,Amber Sapphire,TeamGOAT,Kevin,Amethyst Steel,Play,Loss
Season1_Div2_Day3,7Serpents,1,1,C,MrEnchantless,Amethyst Steel,TeamGOAT,Rafa,Amethyst Sapphire,Draw,Loss
Season1_Div2_Day3,7Serpents,1,1,D,schlendi,Sapphire Steel,TeamGOAT,Nayro,Amethyst Sapphire,Play,Win
Season1_Div2_Day3,Der_Mushu_Clan,1,2,A,akaTJ,Amethyst Steel,TeamMyTradingCards,ChuckMoritz,Ruby Sapphire,Play,Win
Season1_Div2_Day3,Der_Mushu_Clan,1,2,B,Grimlok63,Sapphire Steel,TeamMyTradingCards,Feilers7,Sapphire Steel,Draw,Win
Season1_Div2_Day3,Der_Mushu_Clan,1,2,C,iSunny,Emerald Sapphire,TeamMyTradingCards,Smaro,Emerald Steel,Play,Win
Season1_Div2_Day3,Der_Mushu_Clan,1,2,D,pwnTom,Amethyst Steel,TeamMyTradingCards,Larry,Amethyst Sapphire,Draw,Loss
Season1_Div1_Day3,IllumineersRN,1,1,A,TopChicken,Amethyst Sapphire,PlayingDucks,DerHut,Ruby Amethyst,Play,Loss
Season1_Div1_Day3,IllumineersRN,1,1,B,shinobi64,Amethyst Sapphire,PlayingDucks,Promisedland,Emerald Sapphire,Draw,Loss
Season1_Div1_Day3,IllumineersRN,1,1,C,keo,Amethyst Steel,PlayingDucks,Nachtgeist,Sapphire Steel,Play,Win
Season1_Div1_Day3,IllumineersRN,1,1,D,Swordinator,Ruby Amethyst,PlayingDucks,Nils,Amethyst Steel,Draw,Win
Season1_Div1_Day3,TeamSecretRare,1,1,A,BBop,Amethyst Steel,TeamTintenvorrat,LeXtreme,Amethyst Sapphire,Play,Loss
Season1_Div1_Day3,TeamSecretRare,1,1,B,Membis,Amethyst Steel,TeamTintenvorrat,Paduaner,Amethyst Steel,Draw,Win
Season1_Div1_Day3,TeamSecretRare,1,1,C,Luminator,Amethyst Steel,TeamTintenvorrat,Brann1707,Amethyst Steel,Play,Loss
Season1_Div1_Day3,TeamSecretRare,1,1,D,Erebos,Amethyst Sapphire,TeamTintenvorrat,PusherGene,Amethyst Sapphire,Draw,Loss
Season1_Div2_Day3,BattleBear,1,2,A,Pew_Pew,Amber Steel,Tintenlovers,MSCHILLMAIER,Ruby Amethyst,Play,Win
Season1_Div2_Day3,BattleBear,1,2,B,Hetti,Sapphire Steel,Tintenlovers,Tobias,Amethyst Steel,Draw,Win
Season1_Div2_Day3,BattleBear,1,2,C,Gonk,Amethyst Emerald,Tintenlovers,Phillip,Amethyst Steel,Play,Win
Season1_Div2_Day3,BattleBear,1,2,D,Daniel,Amethyst Steel,Tintenlovers,MaxPower,Amethyst Sapphire,Draw,Win
Season1_Div2_Day3,TeamPrepared,1,1,A,Samral,Amethyst Steel,HardcastLorcanaClub,CeeGee,Sapphire Steel,Play,Win
Season1_Div2_Day3,TeamPrepared,1,1,B,WenrA,Amethyst Steel,HardcastLorcanaClub,Green,Amethyst Steel,Draw,Win
Season1_Div2_Day3,TeamPrepared,1,1,C,Naijul,Sapphire Steel,HardcastLorcanaClub,Kimbo,Sapphire Steel,Play,Win
Season1_Div2_Day3,TeamPrepared,1,1,D,PrinzKaos,Amber Emerald,HardcastLorcanaClub,Marc,Amethyst Steel,Draw,Loss
Season1_Div1_Day3,TeamInkognito,1,1,A,Bananza,Amethyst Steel,MROsGlimmerGang,ZenTera,Amber Emerald,Draw,Loss
Season1_Div1_Day3,TeamInkognito,1,1,B,Carrier,Ruby Amethyst,MROsGlimmerGang,Maxing,Amethyst Emerald,Play,Win
Season1_Div1_Day3,TeamInkognito,1,1,C,xSolutionx,Amethyst Steel,MROsGlimmerGang,DanW15,Amber Emerald,Draw,Win
Season1_Div1_Day3,TeamInkognito,1,1,D,Bleynkii,Emerald Sapphire,MROsGlimmerGang,Severin,Sapphire Steel,Play,Win
Season1_Div1_Day3,DarkWings,1,2,A,Till,Amethyst Steel,InkCrows,Dome,Amethyst Steel,Draw,Loss
Season1_Div1_Day3,DarkWings,1,2,B,Chupa,Amethyst Sapphire,InkCrows,Duy,Sapphire Steel,Play,Win
Season1_Div1_Day3,DarkWings,1,2,C,Tommydo0,Emerald Sapphire,InkCrows,Thi,Ruby Amethyst,Draw,Win
Season1_Div1_Day3,DarkWings,1,2,D,MarsiDarsi,Amber Emerald,InkCrows,Johnny3,Amethyst Steel,Play,Win
Season1_Div2_Day3,InkOffice,1,1,A,Petnein,Amethyst Sapphire,TeamTIC,BizepsBrawler,Ruby Amethyst,Play,Loss
Season1_Div2_Day3,InkOffice,1,1,B,BlackMountain,Emerald Sapphire,TeamTIC,SuperSonicIgor,Amber Emerald,Draw,Loss
Season1_Div2_Day3,InkOffice,1,1,C,Zaro,Amethyst Sapphire,TeamTIC,Miroque,Amber Ruby,Play,Win
Season1_Div2_Day3,InkOffice,1,1,D,Micha,Amber Steel,TeamTIC,PowerPainter,Emerald Steel,Draw,Win
Season1_Div2_Day4,7Serpents,1,1,A,schlendi,Sapphire Steel,Der_Mushu_Clan,K0rshy,Amethyst Steel,Play,Win
Season1_Div2_Day4,7Serpents,1,1,B,Andi1066,Emerald Sapphire,Der_Mushu_Clan,SarDestiny,Ruby Amethyst,Draw,Win
Season1_Div2_Day4,7Serpents,1,1,C,Zimbo,Ruby Amethyst,Der_Mushu_Clan,pwnTom,Amethyst Steel,Play,Loss
Season1_Div2_Day4,7Serpents,1,1,D,Nexron,Amethyst Sapphire,Der_Mushu_Clan,Jarl,Emerald Steel,Draw,Loss
Season1_Div1_Day4,TeamInkognito,1,1,A,Carrier,Ruby Amethyst,InkCrows,Tony,Emerald Sapphire,Play,Win
Season1_Div1_Day4,TeamInkognito,1,1,B,Crosseden,Amber Emerald,InkCrows,Dome,Amethyst Steel,Draw,Win
Season1_Div1_Day4,TeamInkognito,1,1,C,Bleynkii,Emerald Sapphire,InkCrows,Tom,Amethyst Steel,Play,Win
Season1_Div1_Day4,TeamInkognito,1,1,D,Sayman,Emerald Sapphire,InkCrows,Johnny3,Amethyst Steel,Draw,Win
Season1_Div2_Day4,TeamGOAT,1,1,A,DanTheMan,Amethyst Emerald,InkOffice,Torben,Amethyst Sapphire,Draw,Loss
Season1_Div2_Day4,TeamGOAT,1,1,B,Blub,Amethyst Steel,InkOffice,Zaro,Amethyst Sapphire,Play,Loss
Season1_Div2_Day4,TeamGOAT,1,1,C,Kevin,Amethyst Steel,InkOffice,Petnein,Amethyst Sapphire,Draw,Loss
Season1_Div2_Day4,TeamGOAT,1,1,D,Nayro,Amber Steel,InkOffice,Beutze,Ruby Amethyst,Play,Win
Season1_Div2_Day4,BattleBear,1,1,A,Gonk,Amethyst Emerald,TeamTIC,PowerPainter,Emerald Steel,Play,Win
Season1_Div2_Day4,BattleBear,1,1,B,AshaFigaro,Amethyst Sapphire,TeamTIC,BizepsBrawler,Ruby Amethyst,Draw,Win
Season1_Div2_Day4,BattleBear,1,1,C,Pew_Pew,Amber Steel,TeamTIC,Taxnado,Ruby Sapphire,Play,Loss
Season1_Div2_Day4,BattleBear,1,1,D,Jurki,Amethyst Steel,TeamTIC,Miroque,Amber Ruby,Draw,Loss
Season1_Div2_Day4,Tintenlovers,1,2,A,MSCHILLMAIER,Emerald Sapphire,TeamPrepared,Zook,Amethyst Emerald,Play,Loss
Season1_Div2_Day4,Tintenlovers,1,2,B,Phillip,Amethyst Emerald,TeamPrepared,Samral,Emerald Sapphire,Draw,Win
Season1_Div2_Day4,Tintenlovers,1,2,C,mcmike82,Amethyst Steel,TeamPrepared,WenrA,Amethyst Steel,Play,Loss
Season1_Div2_Day4,Tintenlovers,1,2,D,Kiatsay,Sapphire Steel,TeamPrepared,goggelz,Amethyst Sapphire,Draw,Loss
Season1_Div1_Day4,TeamIconic,1,1,A,Miriam,Amber Emerald,TeamTintenvorrat,Younique,Amethyst Sapphire,Play,Win
Season1_Div1_Day4,TeamIconic,1,1,B,Netexx,Emerald Sapphire,TeamTintenvorrat,PusherGene,Amethyst Sapphire,Draw,Loss
Season1_Div1_Day4,TeamIconic,1,1,C,Shorty,Amber Emerald,TeamTintenvorrat,BarisF2,Amethyst Emerald,Play,Win
Season1_Div1_Day4,TeamIconic,1,1,D,Wyopi,Amethyst Steel,TeamTintenvorrat,LeXtreme,Amethyst Sapphire,Draw,Loss
Season1_Div1_Day4,PlayingDucks,1,1,A,Freakout,Emerald Sapphire,TeamTotaHahn,FloriansJade,Amber Steel,Play,Win
Season1_Div1_Day4,PlayingDucks,1,1,B,Bennet,Amethyst Steel,TeamTotaHahn,Granic,Amber Steel,Draw,Win
Season1_Div1_Day4,PlayingDucks,1,1,C,DerHut,Amethyst Sapphire,TeamTotaHahn,Hendrik,Amber Emerald,Play,Win
Season1_Div1_Day4,PlayingDucks,1,1,D,Promisedland,Emerald Sapphire,TeamTotaHahn,Royal,Ruby Amethyst,Draw,Loss
Season1_Div2_Day4,HardcastLorcanaClub,1,1,A,Marc,Amethyst Steel,TeamMyTradingCards,Diaflo,Emerald Sapphire,Play,Win
Season1_Div2_Day4,HardcastLorcanaClub,1,1,B,CeeGee,Amethyst Sapphire,TeamMyTradingCards,Larry,Amethyst Sapphire,Draw,Win
Season1_Div2_Day4,HardcastLorcanaClub,1,1,C,Tracker,Amethyst Sapphire,TeamMyTradingCards,MichiMaus,Amethyst Steel,Play,Loss
Season1_Div2_Day4,HardcastLorcanaClub,1,1,D,Green,Amethyst Steel,TeamMyTradingCards,ChuckMoritz,Sapphire Steel,Draw,Loss
Season1_Div1_Day4,IllumineersRN,1,1,A,andrecruz,Ruby Amethyst,MROsGlimmerGang,Maxing,Amethyst Emerald,Play,Loss
Season1_Div1_Day4,IllumineersRN,1,1,B,Swordinator,Amber Emerald,MROsGlimmerGang,ZenTera,Emerald Sapphire,Draw,Loss
Season1_Div1_Day4,IllumineersRN,1,1,C,shinobi64,Amber Emerald,MROsGlimmerGang,DanW15,Ruby Amethyst,Play,Win
Season1_Div1_Day4,IllumineersRN,1,1,D,keo,Amethyst Steel,MROsGlimmerGang,Severin,Sapphire Steel,Draw,Loss
Season1_Div1_Day4,DarkWings,1,2,A,MarsiDarsi,Amethyst Sapphire,TeamSecretRare,Luminator,Amethyst Emerald,Play,Win
Season1_Div1_Day4,DarkWings,1,2,B,Secret,Emerald Sapphire,TeamSecretRare,Prymor,Emerald Sapphire,Draw,Loss
Season1_Div1_Day4,DarkWings,1,2,C,Vanni,Amethyst Sapphire,TeamSecretRare,BBop,Amethyst Steel,Play,Loss
Season1_Div1_Day4,DarkWings,1,2,D,Till,Amethyst Steel,TeamSecretRare,Mohoo,Amber Amethyst,Draw,Loss
Season1_Div2_Day5,BattleBear,1,1,A,DragonBT,Amethyst Steel,TeamPrepared,WenrA,Ametheyst Steel,Play,Win
Season1_Div2_Day5,BattleBear,1,1,B,AshaFigaro,Amethyst Sapphire,TeamPrepared,Naijul,Amethyst Steel,Draw,Loss
Season1_Div2_Day5,BattleBear,1,1,C,Rubski,Amethyst Steel,TeamPrepared,Samral,Amethyst Steel,Play,Win
Season1_Div2_Day5,BattleBear,1,1,D,Jurki,Amethyst Steel,TeamPrepared,PrinzKaos,Amethyst Emerald,Draw,Win
Season1_Div2_Day5,InkOffice,1,2,A,Torben,Amethyst Sapphire,Der_Mushu_Clan,SarDestiny,Amethyst Steel,Draw,Win
Season1_Div2_Day5,InkOffice,1,2,B,James,Amber Amethyst,Der_Mushu_Clan,Grimlok63,Emerald Sapphire,Play,Win
Season1_Div2_Day5,InkOffice,1,2,C,Beutze,Ruby Amethyst,Der_Mushu_Clan,Jarl,Emerald Steel,Draw,Loss
Season1_Div2_Day5,InkOffice,1,2,D,Petnein,Amethyst Sapphire,Der_Mushu_Clan,iSunny,Amethyst Sapphire,Play,Win
Season1_Div1_Day5,IllumineersRN,1,1,A,shinobi64,Amethyst Sapphire,TeamTotaHahn,royal,Ruby Amethyst,Draw,Win
Season1_Div1_Day5,IllumineersRN,1,1,B,RandAlex,Ruby Amethyst,TeamTotaHahn,crazyetwas,Amethyst Steel,Play,Loss
Season1_Div1_Day5,IllumineersRN,1,1,C,TopChicken,Amethyst Steel,TeamTotaHahn,Granic,Amethyst Steel,Draw,Loss
Season1_Div1_Day5,IllumineersRN,1,1,D,Swordinator,Amethyst Sapphire,TeamTotaHahn,FloriansJade,Ruby Amethyst,Play,Loss
Season1_Div1_Day5,PlayingDucks,1,2,A,Bennet,Amethyst Emerald,TeamTintenvorrat,PusherGene,Amethyst Steel,Play,Win
Season1_Div1_Day5,PlayingDucks,1,2,B,Freakout,Emerald Sapphire,TeamTintenvorrat,LeXtreme,Amethyst Sapphire,Draw,Win
Season1_Div1_Day5,PlayingDucks,1,2,C,Haertelus,Amber Emerald,TeamTintenvorrat,Younique,Emerald Sapphire,Play,Loss
Season1_Div1_Day5,PlayingDucks,1,2,D,DerHut,Amber Emerald,TeamTintenvorrat,Brann1707,Amethyst Emerald,Draw,Win
Season1_Div1_Day5,TeamIconic,1,1,A,Cinime,Amethyst Sapphire,DarkWings,Chupa,Amethyst Sapphire,Play,Win
Season1_Div1_Day5,TeamIconic,1,1,B,Netexx,Emerald Sapphire,DarkWings,Corvus,Ruby Amethyst,Draw,Loss
Season1_Div1_Day5,TeamIconic,1,1,C,Flügelschlägerin,Amethyst Emerald,DarkWings,Till,Amethyst Emerald,Play,Win
Season1_Div1_Day5,TeamIconic,1,1,D,Miriam,Amber Emerald,DarkWings,MarsiDarsi,Amethyst Steel,Draw,Loss
Season1_Div2_Day5,TeamGOAT,1,1,A,DanTheMan,Amethyst Emerald,TeamTIC,Miroque,Amethyst Sapphire,Draw,Loss
Season1_Div2_Day5,TeamGOAT,1,1,B,Blub,Amethyst Steel,TeamTIC,LoreLifter,Amber Amethyst,Play,Win
Season1_Div2_Day5,TeamGOAT,1,1,C,Kevin,Amethyst Steel,TeamTIC,SuperSonicIgor,Amethyst Emerald,Draw,Win
Season1_Div2_Day5,TeamGOAT,1,1,D,Nayro,Amethyst Sapphire,TeamTIC,BizepsBrawler,Ruby Amethyst,Play,Win
Season1_Div2_Day5,TeamMyTradingCards,1,2,A,ChuckMoritz,Sapphire Steel,Tintenlovers,MSCHILLMAIER,Amethyst Steel,Draw,Loss
Season1_Div2_Day5,TeamMyTradingCards,1,2,B,Diaflo,Emerald Sapphire,Tintenlovers,Phillip,Amethyst Emerald,Play,Loss
Season1_Div2_Day5,TeamMyTradingCards,1,2,C,Larry,Amethyst Sapphire,Tintenlovers,MaxPower,Amethyst Sapphire,Draw,Loss
Season1_Div2_Day5,TeamMyTradingCards,1,2,D,MichiMaus,Amethyst Steel,Tintenlovers,Kiatsay,Sapphire Steel,Play,Win
Season1_Div1_Day5,MROsGlimmerGang,1,1,A,ZenTera,Emerald Sapphire,InkCrows,Troa,Amethyst Steel,Play,Win
Season1_Div1_Day5,MROsGlimmerGang,1,1,B,Severin,Sapphire Steel,InkCrows,Johnny3,Amethyst Steel,Draw,Loss
Season1_Div1_Day5,MROsGlimmerGang,1,1,C,DanW15,Ruby Amethyst,InkCrows,Duy,Sapphire Steel,Play,Win
Season1_Div1_Day5,MROsGlimmerGang,1,1,D,Maxing,Amethyst Emerald,InkCrows,Tony,Emerald Sapphire,Draw,Win
Season1_Div1_Day5,TeamInkognito,1,2,A,Kilzin,Amber Emerald,TeamSecretRare,Prymor,Emerald Sapphire,Play,Win
Season1_Div1_Day5,TeamInkognito,1,2,B,Crosseden,Amethyst Sapphire,TeamSecretRare,Luminator,Amethyst Emerald,Draw,Win
Season1_Div1_Day5,TeamInkognito,1,2,C,xSolutionx,Amethyst Steel,TeamSecretRare,BBop,Amethyst Steel,Play,Win
Season1_Div1_Day5,TeamInkognito,1,2,D,Carrier,Amethyst Sapphire,TeamSecretRare,Erebos,Amethyst Sapphire,Draw,Win
Season1_Div2_Day5,7Serpents,1,1,A,MrEnchantless,Amethyst Steel,HardcastLorcanaClub,Imboslice,Amber Steel,Draw,Win
Season1_Div2_Day5,7Serpents,1,1,B,McLovin,Amethyst Steel,HardcastLorcanaClub,Tracker,Amethyst Sapphire,Play,Win
Season1_Div2_Day5,7Serpents,1,1,C,InkModeOn,Amethyst Steel,HardcastLorcanaClub,NickG,Amber Emerald,Draw,Win
Season1_Div2_Day5,7Serpents,1,1,D,schlendi,Sapphire Steel,HardcastLorcanaClub,CeeGee,Sapphire Steel,Play,Win
Season1_Div1_Day6,IllumineersRN,1,1,A,keo,Ruby Amethyst,InkCrows,Johnny3,Amethyst Steel,Draw,Loss
Season1_Div1_Day6,IllumineersRN,1,1,B,RandAlex,Amethyst Steel,InkCrows,Troa,Amber Amethyst,Play,Loss
Season1_Div1_Day6,IllumineersRN,1,1,C,shinobi64,Amethyst Sapphire,InkCrows,Dome,Amethyst Steel,Draw,Loss
Season1_Div1_Day6,IllumineersRN,1,1,D,TopChicken,Amethyst Steel,InkCrows,Tom,Amethyst Emerald,Play,Loss
Season1_Div1_Day6,TeamIconic,1,2,A,Miriam,Ruby Amethyst,TeamInkognito,Crosseden,Amethyst Steel,Play,Loss
Season1_Div1_Day6,TeamIconic,1,2,B,Netexx,Amethyst Sapphire,TeamInkognito,Carrier,Amethyst Sapphire,Draw,Loss
Season1_Div1_Day6,TeamIconic,1,2,C,Ruppi09,Ruby Amethyst,TeamInkognito,Bananza,Ruby Amethyst,Play,Loss
Season1_Div1_Day6,TeamIconic,1,2,D,Wyopi,Amethyst Steel,TeamInkognito,LuckyJo,Amber Emerald,Draw,Loss
Season1_Div1_Day6,TeamSecretRare,1,1,A,Membis,Amethyst Steel,MROsGlimmerGang,ZenTera,Emerald Sapphire,Play,Win
Season1_Div1_Day6,TeamSecretRare,1,1,B,OOAngelinaOO,Amethyst Sapphire,MROsGlimmerGang,Gaming,Amethyst Sapphire,Draw,Win
Season1_Div1_Day6,TeamSecretRare,1,1,C,BBop,Amber Emerald,MROsGlimmerGang,DanW15,Ruby Amethyst,Play,Win
Season1_Div1_Day6,TeamSecretRare,1,1,D,Luminator,Amethyst Emerald,MROsGlimmerGang,Maxing,Amethyst Emerald,Draw,Loss
Season1_Div2_Day6,BattleBear,1,1,A,Hetti,Sapphire Steel,TeamGOAT,DanTheMan,Amethyst Emerald,Play,Loss
Season1_Div2_Day6,BattleBear,1,1,B,Gonk,Amethyst Emerald,TeamGOAT,Rafa,Ruby Amethyst,Draw,Win
Season1_Div2_Day6,BattleBear,1,1,C,Pew_Pew,Amethyst Emerald,TeamGOAT,Kevin,Amethyst Steel,Play,Win
Season1_Div2_Day6,BattleBear,1,1,D,Rubski,Amethyst Steel,TeamGOAT,Nayro,Amethyst Sapphire,Draw,Loss
Season1_Div2_Day6,TeamMyTradingCards,1,2,A,MichiMaus,Amethyst Steel,TeamPrepared,Samral,Emerald Sapphire,Play,Win
Season1_Div2_Day6,TeamMyTradingCards,1,2,B,ChuckMoritz,Sapphire Steel,TeamPrepared,Naijul,Amethyst Steel,Draw,Loss
Season1_Div2_Day6,TeamMyTradingCards,1,2,C,Diaflo,Emerald Sapphire,TeamPrepared,goggelz,Amethyst Emerald,Play,Loss
Season1_Div2_Day6,TeamMyTradingCards,1,2,D,Larry,Amethyst Sapphire,TeamPrepared,Zook,Amethyst Emerald,Draw,Loss
Season1_Div2_Day6,7Serpents,1,3,A,McLovin,Amber Emerald,Tintenlovers,MaxPower,Amethyst Sapphire,Draw,Win
Season1_Div2_Day6,7Serpents,1,3,B,MrEnchantless,Amethyst Steel,Tintenlovers,mcmike82,Amethyst Steel,Play,Win
Season1_Div2_Day6,7Serpents,1,3,C,schlendi,Sapphire Steel,Tintenlovers,MSCHILLMAIER,Amethyst Steel,Draw,Loss
Season1_Div2_Day6,7Serpents,1,3,D,LucyCat,Amethyst Steel,Tintenlovers,Tobias,Amethyst Emerald,Play,Loss
Season1_Div1_Day6,PlayingDucks,1,1,A,Bennet,Amethyst Steel,DarkWings,Corvus,Ruby Amethyst,Play,Loss
Season1_Div1_Day6,PlayingDucks,1,1,B,Promisedland,Emerald Sapphire,DarkWings,Till,Amethyst Steel,Draw,Win
Season1_Div1_Day6,PlayingDucks,1,1,C,Nachtgeist,Amethyst Emerald,DarkWings,Tommydo0,Emerald Sapphire,Play,Win
Season1_Div1_Day6,PlayingDucks,1,1,D,DerHut,Amber Emerald,DarkWings,Percy,Amber Emerald,Draw,Loss
Season1_Div2_Day6,HardcastLorcanaClub,1,1,A,Green,Amethyst Steel,InkOffice,Zaro,Amethyst Sapphire,Play,Win
Season1_Div2_Day6,HardcastLorcanaClub,1,1,B,CeeGee,Amber Amethyst,InkOffice,James,Amber Amethyst,Draw,Loss
Season1_Div2_Day6,HardcastLorcanaClub,1,1,C,Marc,Amethyst Steel,InkOffice,Beutze,Sapphire Steel,Play,Win
Season1_Div2_Day6,HardcastLorcanaClub,1,1,D,NickG,Amber Emerald,InkOffice,Zashman,Amber Emerald,Draw,Win
Season1_Div2_Day6,Der_Mushu_Clan,1,2,A,Sunny,Amethyst Sapphire,TeamTIC,Miroque,Amethyst Sapphire,Draw,Loss
Season1_Div2_Day6,Der_Mushu_Clan,1,2,B,akaTJ,Amethyst Steel,TeamTIC,BizepsBrawler,Amethyst Sapphire,Play,Loss
Season1_Div2_Day6,Der_Mushu_Clan,1,2,C,K0rshy,Amethyst Steel,TeamTIC,DeathScout,Amber Emerald,Draw,Win
Season1_Div2_Day6,Der_Mushu_Clan,1,2,D,pwnTom,Amethyst Emerald,TeamTIC,PowerPainter,Amethyst Steel,Play,Win
Season1_Div1_Day6,TeamTotaHahn,1,1,A,FloriansJade,Amber Sapphire,TeamTintenvorrat,BarisF2,Ruby Amethyst,Draw,Loss
Season1_Div1_Day6,TeamTotaHahn,1,1,B,Tabea,Ruby Amethyst,TeamTintenvorrat,Younique,Amethyst Sapphire,Play,Loss
Season1_Div1_Day6,TeamTotaHahn,1,1,C,Hendrik,Amber Emerald,TeamTintenvorrat,CNTPD,Amber Emerald,Draw,Loss
Season1_Div1_Day6,TeamTotaHahn,1,1,D,crazyetwas,Amethyst Steel,TeamTintenvorrat,PusherGene,Amethyst Steel,Play,Loss
Season1_Div2_Day7,InkOffice,1,1,A,Petnein,Amethyst Sapphire,Tintenlovers,Kiatsay,Sapphire Steel,Draw,Loss
Season1_Div2_Day7,InkOffice,1,1,B,James,Amber Amethyst,Tintenlovers,Tobias,Amethyst Emerald,Play,Win
Season1_Div2_Day7,InkOffice,1,1,C,Torben,Amethyst Sapphire,Tintenlovers,Axty7,Amber Emerald,Draw,Loss
Season1_Div2_Day7,InkOffice,1,1,D,Zaro,Amethyst Sapphire,Tintenlovers,Phillip,Amethyst Emerald,Play,Win
Season1_Div1_Day7,TeamSecretRare,1,1,A,Erebos,Amethyst Sapphire,InkCrows,Johnny3,Amethyst Steel Aggro,Draw,Win
Season1_Div1_Day7,TeamSecretRare,1,1,B,Prymor,Emerald Sapphire,InkCrows,Duy,Amethyst Sapphire Blurple,Play,Win
Season1_Div1_Day7,TeamSecretRare,1,1,C,BBop,Amber Emerald,InkCrows,Tom,Amethyst Emerald,Draw,Win
Season1_Div1_Day7,TeamSecretRare,1,1,D,Mohoo,Amber Amethyst,InkCrows,Dome,Amethyst Steel,Play,Win
Season1_Div2_Day7,HardcastLorcanaClub,1,1,A,Tracker,Amethyst Steel,TeamTIC,PowerPainter,Amethyst Steel,Play,Win
Season1_Div2_Day7,HardcastLorcanaClub,1,1,B,CeeGee,Amethyst Sapphire,TeamTIC,Taxnado,Amethyst Sapphire,Draw,Win
Season1_Div2_Day7,HardcastLorcanaClub,1,1,C,Kimbo,Sapphire Steel,TeamTIC,SuperSonicIgor,Amber Emerald,Play,Loss
Season1_Div2_Day7,HardcastLorcanaClub,1,1,D,Green,Amethyst Steel,TeamTIC,LoreLifter,Amethyst Steel,Draw,Loss
Season1_Div1_Day7,DarkWings,1,1,A,Percy,Amethyst Steel,TeamTotaHahn,Carrie,Amethyst Steel,Play,Loss
Season1_Div1_Day7,DarkWings,1,1,B,Corvus,Ruby Amethyst,TeamTotaHahn,FloriansJade,Amber Sapphire,Draw,Loss
Season1_Div1_Day7,DarkWings,1,1,C,MarsiDarsi,Amber Amethyst,TeamTotaHahn,Hendrik,Ametheyst Steel,Play,Win
Season1_Div1_Day7,DarkWings,1,1,D,Chupa,Amethyst Sapphire,TeamTotaHahn,Tabea,Ruby Amethyst,Draw,Win
Season1_Div2_Day7,BattleBear,1,1,A,AkatsukiCap,Amethyst Sapphire,TeamMyTradingCards,MichiMaus,Amethyst Steel,Draw,Loss
Season1_Div2_Day7,BattleBear,1,1,B,Jurki,Amethyst Emerald,TeamMyTradingCards,ChuckMoritz,Ruby Amethyst,Play,Win
Season1_Div2_Day7,BattleBear,1,1,C,AshaFigaro,Emerald Sapphire,TeamMyTradingCards,Feilers7,Amethyst Emerald,Draw,Loss
Season1_Div2_Day7,BattleBear,1,1,D,Pew_Pew,Amethyst Emerald,TeamMyTradingCards,Larry,Amethyst Sapphire,Play,Win
Season1_Div2_Day7,7Serpents,1,2,A,McLovin,Amber Emerald,TeamPrepared,Zook,Amethyst Emerald,Play,Loss
Season1_Div2_Day7,7Serpents,1,2,B,LucyCat,Amethyst Steel,TeamPrepared,Naijul,Sapphire Steel,Draw,Loss
Season1_Div2_Day7,7Serpents,1,2,C,InkModeOn,Amethyst Steel,TeamPrepared,goggelz,Amethyst Sapphire,Play,Win
Season1_Div2_Day7,7Serpents,1,2,D,schlendi,Sapphire Steel,TeamPrepared,Samral,Emerald Sapphire,Draw,Loss
Season1_Div1_Day7,PlayingDucks,1,1,A,Freakout,Emerald Sapphire,TeamInkognito,Kilzin,Amber Emerald,Play,Loss
Season1_Div1_Day7,PlayingDucks,1,1,B,Promisedland,Emerald Sapphire,TeamInkognito,Sayman,Emerald Sapphire,Draw,Loss
Season1_Div1_Day7,PlayingDucks,1,1,C,DerHut,Amethyst Sapphire,TeamInkognito,LuckyJo,Amber Emerald,Play,Win
Season1_Div1_Day7,PlayingDucks,1,1,D,Bennet,Amethyst Steel,TeamInkognito,xSolutionx,Amethyst Steel,Draw,Loss
Season1_Div1_Day7,MROsGlimmerGang,1,2,A,ZenTera,Emerald Sapphire,TeamIconic,Miriam,Amber Emerald,Play,Loss
Season1_Div1_Day7,MROsGlimmerGang,1,2,B,DanW15,Ruby Amethyst,TeamIconic,Flügelschlägerin,Amber Emerald,Draw,Win
Season1_Div1_Day7,MROsGlimmerGang,1,2,C,Maxing,Amethyst Emerald,TeamIconic,Shorty,Amber Emerald,Play,Loss
Season1_Div1_Day7,MROsGlimmerGang,1,2,D,Severin,Amethyst Steel,TeamIconic,Cinime,Amethyst Sapphire,Draw,Win
Season1_Div2_Day7,TeamGOAT,1,1,A,Nayro,Amethyst Sapphire,Der_Mushu_Clan,SarDestiny,Amethyst Steel,Draw,
Season1_Div2_Day7,TeamGOAT,1,1,B,DanTheMan,Amethyst Emerald,Der_Mushu_Clan,Grimlok63,Emerald Sapphire,Play,
Season1_Div2_Day7,TeamGOAT,1,1,C,Blub,Amethyst Steel,Der_Mushu_Clan,iSunny,Amber Emerald,Draw,
Season1_Div2_Day7,TeamGOAT,1,1,D,Rafa,Amethyst Sapphire,Der_Mushu_Clan,K0rshy,Amethyst Steel,Play,
Season1_Div1_Day7,IllumineersRN,1,1,A,TopChicken,Amber Amethyst,TeamTintenvorrat,CNTPD,Amber Emerald,Play,Loss
Season1_Div1_Day7,IllumineersRN,1,1,B,shinobi64,Amber Emerald,TeamTintenvorrat,LeXtreme,Emerald Sapphire,Draw,Loss
Season1_Div1_Day7,IllumineersRN,1,1,C,andrecruz,Amethyst Sapphire,TeamTintenvorrat,PusherGene,Amethyst Steel,Play,Loss
Season1_Div1_Day7,IllumineersRN,1,1,D,keo,Amethyst Steel,TeamTintenvorrat,Younique,Amethyst Sapphire,Draw,Loss
Season1_Div1_Day8,InkCrows,1,1,A,Rafa,Amber Emerald,TeamIconic,Wyopi,Ameethyst Steel,Play,Loss
Season1_Div1_Day8,InkCrows,1,1,B,Dome,Amethyst Steel,TeamIconic,Flügelschlägerin,Amethyst Emerald,Draw,Loss
Season1_Div1_Day8,InkCrows,1,1,C,Thi,Amber Amethyst,TeamIconic,NeteXX,Emerald Sapphire,Play,Win
Season1_Div1_Day8,InkCrows,1,1,D,Tom,Amethyst Emerald,TeamIconic,Cinime,Sapphire Steel,Draw,Loss
Season1_Div2_Day8,7Serpents,1,1,A,InkModeOn,Amethyst Steel,TeamMyTradingCards,Smaro,Ameber Emerald,Draw,Win
Season1_Div2_Day8,7Serpents,1,1,B,McLovin,Amethyst Steel,TeamMyTradingCards,ChuckMoritz,Ruby Amethyst,Play,Loss
Season1_Div2_Day8,7Serpents,1,1,C,schlendi,Amethyst Sapphire,TeamMyTradingCards,Larry,Ruby Amethyst,Draw,Win
Season1_Div2_Day8,7Serpents,1,1,D,Zimbo,Amethyst Steel,TeamMyTradingCards,Feilers7,Amethyst Emerald,Play,Win
Season1_Div2_Day8,TeamPrepared,1,1,A,WenrA,Emerald Sapphire Clarabelle,InkOffice,BlackMountain,Amber Emerald,Play,Win
Season1_Div2_Day8,TeamPrepared,1,1,B,Samral,Emerald Sapphire Clarabelle,InkOffice,Zaro,Amethyst Sapphire,Draw,Loss
Season1_Div2_Day8,TeamPrepared,1,1,C,Zook,Amethyst Emerald,InkOffice,Beutze,Amethyst Steel,Play,Win
Season1_Div2_Day8,TeamPrepared,1,1,D,goggelz,Amethyst Emerald,InkOffice,Micha,Amber Emerald,Draw,Loss
Season1_Div1_Day8,IllumineersRN,1,1,A,TopChicken,Amethyst Steel,TeamSecretRare,Erebos,Amethyst Sapphire,Play,Win
Season1_Div1_Day8,IllumineersRN,1,1,B,keo,Amethyst Steel,TeamSecretRare,Membis,Amethyst Steel,Draw,Loss
Season1_Div1_Day8,IllumineersRN,1,1,C,andrecruz,Amethyst Sapphire,TeamSecretRare,Luminator,Ameethyst Emerald,Play,Loss
Season1_Div1_Day8,IllumineersRN,1,1,D,Swordinator,Amethyst Steel,TeamSecretRare,Mohoo,Amber Amethyst,Draw,Win
Season1_Div2_Day8,TeamTIC,1,1,A,DeathScout,Amber Emerald,Tintenlovers,MSCHILLMAIER,Amethyst Steel,Play,Loss
Season1_Div2_Day8,TeamTIC,1,1,B,Miroque,Sapphire Steel,Tintenlovers,mcmike82,Amethyst Sapphire,Draw,Loss
Season1_Div2_Day8,TeamTIC,1,1,C,BizepsBrawler,Amethyst Sapphire,Tintenlovers,Kiatsay,Sapphire Steel,Play,Win
Season1_Div2_Day8,TeamTIC,1,1,D,PowerPainter,Amethyst Steel,Tintenlovers,Phillip,Amethyst Emerald,Draw,Loss
Season1_Div1_Day8,TeamInkognito,1,1,A,Sayman,Emerald Sapphire,TeamTotaHahn,Hendrik,Amber Emerald,Play,Loss
Season1_Div1_Day8,TeamInkognito,1,1,B,Crossedenm,Amber Emerald,TeamTotaHahn,Suminy,Amethyst Sapphire,Draw,Win
Season1_Div1_Day8,TeamInkognito,1,1,C,Carrier,Amethyst Sapphire,TeamTotaHahn,Royal,Amber Steel,Play,Win
Season1_Div1_Day8,TeamInkognito,1,1,D,Bleynkii,Amethyst Steel,TeamTotaHahn,crazyetwas,Amethyst Steel,Draw,Win
Season1_Div2_Day8,TeamGOAT,1,1,A,Blub,Amethyst Steel,HardcastLorcanaClub,CeeGee,Amber Amethyst,Play,Loss
Season1_Div2_Day8,TeamGOAT,1,1,B,DanTheMan,Amethyst Emerald,HardcastLorcanaClub,Marc,Amethyst Sapphire,Draw,Win
Season1_Div2_Day8,TeamGOAT,1,1,C,Rafa,Amethyst Sapphire,HardcastLorcanaClub,Tracker,Amethyst Sapphire,Play,Win
Season1_Div2_Day8,TeamGOAT,1,1,D,Kevin,Amethyst Steel,HardcastLorcanaClub,Green,Amethyst Steel,Draw,Loss
Season1_Div2_Day8,BattleBear,1,2,A,DragonBT,Amethyst Sapphire,Der_Mushu_Clan,Jarl,Emerald Steel,Play,Win
Season1_Div2_Day8,BattleBear,1,2,B,Rubski,Amethyst Steel,Der_Mushu_Clan,Grimlok63,Amber Emerald,Draw,Loss
Season1_Div2_Day8,BattleBear,1,2,C,Gonk,Emerald Sapphire,Der_Mushu_Clan,iSunny,Amber Emerald,Play,Win
Season1_Div2_Day8,BattleBear,1,2,D,AkatsukiCap,Amethyst Steel,Der_Mushu_Clan,SarDestiny,Amethyst Steel,Draw,Loss
Season1_Div1_Day8,MROsGlimmerGang,1,1,A,Maxing,Amethyst Emerald,PlayingDucks,Haertelus,Amethyst Sapphire,Draw,Loss
Season1_Div1_Day8,MROsGlimmerGang,1,1,B,ZenTera,Emerald Sapphire,PlayingDucks,Promisedland,Emerald Sapphire,Play,Win
Season1_Div1_Day8,MROsGlimmerGang,1,1,C,DanW15,Amber Emerald,PlayingDucks,Freakout,Emerald Sapphire,Draw,Win
Season1_Div1_Day8,MROsGlimmerGang,1,1,D,Severin,Amethyst Steel,PlayingDucks,DerHut,Amethyst Sapphire,Play,Loss
Season1_Div1_Day8,TeamTintenvorrat,1,1,A,LeXtreme,Emerald Sapphire,DarkWings,Secret,Emerald Sapphire,Play,Loss
Season1_Div1_Day8,TeamTintenvorrat,1,1,B,CNTPD,Amber Emerald,DarkWings,Tommydo0,Emerald Sapphire,Draw,Win
Season1_Div1_Day8,TeamTintenvorrat,1,1,C,Younique,Emerald Sapphire,DarkWings,MarsiDarsi,Amber Emerald,Play,Loss
Season1_Div1_Day8,TeamTintenvorrat,1,1,D,PusherGene,Amethyst Steel,DarkWings,Till,Amethyst Steel,Draw,Win
Season1_Div2_Day9,TeamMyTradingCards,1,1,A,Diaflo,Emerald Sapphire,InkOffice,Beutze,Sapphire Steel,Draw,Loss
Season1_Div2_Day9,TeamMyTradingCards,1,1,B,Smaro,Amber Sapphire,InkOffice,Petnein,Amethyst Sapphire,Play,Loss
Season1_Div2_Day9,TeamMyTradingCards,1,1,C,ChuckMoritz,Sapphire Steel,InkOffice,BlackMountain,Amber Emerald,Play,Win
Season1_Div2_Day9,TeamMyTradingCards,1,1,D,Feilers7,Amethyst Emerald,InkOffice,Zaro,Ruby Steel,Draw,Loss
Season1_Div2_Day9,TeamGOAT,1,2,A,Blub,Amethyst Steel,Tintenlovers,Tobias,Amber Amethyst,Play,Win
Season1_Div2_Day9,TeamGOAT,1,2,B,Nayro,Amethyst Sapphire,Tintenlovers,MSCHILLMAIER,Amethyst Steel,Draw,Loss
Season1_Div2_Day9,TeamGOAT,1,2,C,DanTheMan,Amethyst Emerald,Tintenlovers,Phlipp,Amethyst Emerald,Play,Win
Season1_Div2_Day9,TeamGOAT,1,2,D,Kevin,Amethyst Steel,Tintenlovers,McMike,Amethyst Sapphire,Draw,Loss
Season1_Div2_Day9,Der_Mushu_Clan,1,3,A,Grimlok63,Amber Emerald,HardcastLorcanaClub,CeeGee,Amber Amethyst,Draw,Win
Season1_Div2_Day9,Der_Mushu_Clan,1,3,B,iSunny,Amber Emerald,HardcastLorcanaClub,Marc,Amethyst Steel,Play,Loss
Season1_Div2_Day9,Der_Mushu_Clan,1,3,C,K0rshy,Amethyst Sapphire,HardcastLorcanaClub,Green,Amethyst Steel,Draw,Win
Season1_Div2_Day9,Der_Mushu_Clan,1,3,D,Jarl,Emerald Steel,HardcastLorcanaClub,Tracker,Emerald Sapphire,Play,Loss