Event,Round,Table,Player,Opponent,Result
Liga 2025-01-03,1,1,ChrC56,-Pierre-,Player
Liga 2025-01-03,1,2,Brudi,nastra,Opponent
Liga 2025-01-03,1,3,keo,shinobi64,Opponent
Liga 2025-01-03,1,4,Darksteel1,Alex8289,Opponent
Liga 2025-01-03,1,5,Lillith555,ITFairy,Player
Liga 2025-01-03,1,6,4l3andr0,Lorigon,Player
Liga 2025-01-03,2,1,shinobi64,ChrC56,Opponent
Liga 2025-01-03,2,2,4l3andr0,Lillith555,Opponent
Liga 2025-01-03,2,3,nastra,Alex8289,Player
Liga 2025-01-03,2,4,keo,ITFairy,Player
Liga 2025-01-03,2,5,-Pierre-,Lorigon,Opponent
Liga 2025-01-03,2,6,Brudi,Darksteel1,Opponent
Liga 2025-01-03,3,1,ChrC56,Lillith555,Player
Liga 2025-01-03,3,2,nastra,Lorigon,Player
Liga 2025-01-03,3,3,keo,Darksteel1,Player
Liga 2025-01-03,3,4,shinobi64,4l3andr0,Opponent
Liga 2025-01-03,3,5,Alex8289,ITFairy,Player
Liga 2025-01-03,3,6,-Pierre-,Brudi,Opponent
Multivitamin 2025 NY,1,0,BarisF2,,Player
Multivitamin 2025 NY,1,1,Reagenzglasgeburt,sKleene,Player
Multivitamin 2025 NY,1,2,ItsaaaaB,MarsiDarsi09,Draw
Multivitamin 2025 NY,1,3,TheGrumpyOne,GG_ElMapache,Opponent
Multivitamin 2025 NY,1,4,Freakout,Petnein,Draw
Multivitamin 2025 NY,1,5,Leonard24,TCR_endyucation,Player
Multivitamin 2025 NY,1,6,TCR_Dextr0niC,Jarl94,Opponent
Multivitamin 2025 NY,1,7,AsiateSuessSauer,Tygo,Player
Multivitamin 2025 NY,1,8,Mazinga86,FlorianW,Opponent
Multivitamin 2025 NY,1,9,TSRJustMax,Samral,Draw
Multivitamin 2025 NY,1,10,Missy2901,TotaHahnLorcana_Vladimiro,Player
Multivitamin 2025 NY,1,11,MC_Cleopatrick,shinobi64,Opponent
Multivitamin 2025 NY,1,12,Ronte,NMI_TobiOas,Opponent
Multivitamin 2025 NY,1,13,pwnTom,mcmike82,Opponent
Multivitamin 2025 NY,1,14,SurferT50,Tommydo0,Player
Multivitamin 2025 NY,1,15,MrTom,TSR_Makoya,Player
Multivitamin 2025 NY,1,16,Luminator,Sirius83,Opponent
Multivitamin 2025 NY,1,17,GG_Timtheus90,AniW,Draw
Multivitamin 2025 NY,1,18,MrMamille,NeteXX,Opponent
Multivitamin 2025 NY,1,19,TSR_RedEyesKeke,SarDestiny,Player
Multivitamin 2025 NY,1,20,Schatten,DoitsuKoitsu,Player
Multivitamin 2025 NY,1,21,MayLegend,Ketaro,Draw
Multivitamin 2025 NY,1,22,K0rshy,Darksteel1,Opponent
Multivitamin 2025 NY,1,23,Banapfel,Hendrik,Opponent
Multivitamin 2025 NY,1,24,K7_Naijul,NMI_Haertelus,Player
Multivitamin 2025 NY,2,0,TCR_endyucation,,Player
Multivitamin 2025 NY,2,1,BarisF2,shinobi64,Draw
Multivitamin 2025 NY,2,2,AsiateSuessSauer,Reagenzglasgeburt,Player
Multivitamin 2025 NY,2,3,TSR_RedEyesKeke,SurferT50,Player
Multivitamin 2025 NY,2,4,Darksteel1,NMI_TobiOas,Opponent
Multivitamin 2025 NY,2,5,MrTom,FlorianW,Player
Multivitamin 2025 NY,2,6,GG_ElMapache,Jarl94,Opponent
Multivitamin 2025 NY,2,7,Missy2901,Sirius83,Player
Multivitamin 2025 NY,2,8,mcmike82,NeteXX,Player
Multivitamin 2025 NY,2,9,Hendrik,Schatten,Opponent
Multivitamin 2025 NY,2,10,Leonard24,K7_Naijul,Draw
Multivitamin 2025 NY,2,11,MarsiDarsi09,MayLegend,Player
Multivitamin 2025 NY,2,12,ItsaaaaB,AniW,Player
Multivitamin 2025 NY,2,13,TSRJustMax,Ketaro,Opponent
Multivitamin 2025 NY,2,14,Freakout,GG_Timtheus90,Player
Multivitamin 2025 NY,2,15,Samral,Petnein,Player
Multivitamin 2025 NY,2,16,TSR_Makoya,Ronte,Opponent
Multivitamin 2025 NY,2,17,Mazinga86,Luminator,Opponent
Multivitamin 2025 NY,2,18,TheGrumpyOne,SarDestiny,Draw
Multivitamin 2025 NY,2,19,sKleene,DoitsuKoitsu,Opponent
Multivitamin 2025 NY,2,20,MC_Cleopatrick,MrMamille,Player
Multivitamin 2025 NY,2,21,TotaHahnLorcana_Vladimiro,K0rshy,Opponent
Multivitamin 2025 NY,2,22,NMI_Haertelus,Banapfel,Opponent
Multivitamin 2025 NY,2,23,Tommydo0,Tygo,Draw
Multivitamin 2025 NY,2,24,pwnTom,TCR_Dextr0niC,Opponent
Multivitamin 2025 NY,3,0,TSR_Makoya,,Player
Multivitamin 2025 NY,3,1,TSR_RedEyesKeke,Jarl94,Opponent
Multivitamin 2025 NY,3,2,AsiateSuessSauer,Missy2901,Opponent
Multivitamin 2025 NY,3,3,MrTom,Schatten,Player
Multivitamin 2025 NY,3,4,NMI_TobiOas,mcmike82,Opponent
Multivitamin 2025 NY,3,5,shinobi64,Ketaro,Draw
Multivitamin 2025 NY,3,6,MarsiDarsi09,Freakout,Draw
Multivitamin 2025 NY,3,7,Leonard24,Samral,Player
Multivitamin 2025 NY,3,8,ItsaaaaB,BarisF2,Player
Multivitamin 2025 NY,3,9,K7_Naijul,TCR_endyucation,Player
Multivitamin 2025 NY,3,10,DoitsuKoitsu,Hendrik,Player
Multivitamin 2025 NY,3,11,SurferT50,FlorianW,Player
Multivitamin 2025 NY,3,12,Luminator,GG_ElMapache,Player
Multivitamin 2025 NY,3,13,Darksteel1,NeteXX,Player
Multivitamin 2025 NY,3,14,Ronte,Reagenzglasgeburt,Player
Multivitamin 2025 NY,3,15,Sirius83,K0rshy,Opponent
Multivitamin 2025 NY,3,16,Banapfel,MC_Cleopatrick,Player
Multivitamin 2025 NY,3,17,TCR_Dextr0niC,MayLegend,Opponent
Multivitamin 2025 NY,3,18,Petnein,Tommydo0,Draw
Multivitamin 2025 NY,3,19,SarDestiny,GG_Timtheus90,Player
Multivitamin 2025 NY,3,20,AniW,TSRJustMax,Opponent
Multivitamin 2025 NY,3,21,Tygo,TheGrumpyOne,Opponent
Multivitamin 2025 NY,3,22,sKleene,TotaHahnLorcana_Vladimiro,Opponent
Multivitamin 2025 NY,3,23,NMI_Haertelus,Mazinga86,Player
Multivitamin 2025 NY,3,24,MrMamille,pwnTom,Player
Multivitamin 2025 NY,4,1,Missy2901,MrTom,Draw
Multivitamin 2025 NY,4,2,mcmike82,Jarl94,Opponent
Multivitamin 2025 NY,4,3,Leonard24,ItsaaaaB,Player
Multivitamin 2025 NY,4,4,K7_Naijul,Darksteel1,Opponent
Multivitamin 2025 NY,4,5,AsiateSuessSauer,NMI_TobiOas,Player
Multivitamin 2025 NY,4,6,Luminator,Schatten,Player
Multivitamin 2025 NY,4,7,TSR_RedEyesKeke,Ronte,Draw
Multivitamin 2025 NY,4,8,SurferT50,DoitsuKoitsu,Opponent
Multivitamin 2025 NY,4,9,Banapfel,K0rshy,Player
Multivitamin 2025 NY,4,10,shinobi64,Freakout,Draw
Multivitamin 2025 NY,4,11,Ketaro,MarsiDarsi09,Opponent
Multivitamin 2025 NY,4,12,BarisF2,TSRJustMax,Player
Multivitamin 2025 NY,4,13,SarDestiny,Samral,Opponent
Multivitamin 2025 NY,4,14,MayLegend,TheGrumpyOne,Player
Multivitamin 2025 NY,4,15,Sirius83,Hendrik,Player
Multivitamin 2025 NY,4,16,MrMamille,TotaHahnLorcana_Vladimiro,Opponent
Multivitamin 2025 NY,4,17,TCR_endyucation,Reagenzglasgeburt,Player
Multivitamin 2025 NY,4,18,TSR_Makoya,GG_ElMapache,Player
Multivitamin 2025 NY,4,19,MC_Cleopatrick,TCR_Dextr0niC,Player
Multivitamin 2025 NY,4,20,FlorianW,NMI_Haertelus,Player
Multivitamin 2025 NY,4,21,Petnein,AniW,Player
Multivitamin 2025 NY,4,22,Tommydo0,GG_Timtheus90,Opponent
Multivitamin 2025 NY,4,23,Tygo,sKleene,Player
Multivitamin 2025 NY,5,0,AniW,,Player
Multivitamin 2025 NY,5,1,Jarl94,MrTom,Draw
Multivitamin 2025 NY,5,2,Missy2901,Leonard24,Player
Multivitamin 2025 NY,5,3,mcmike82,Banapfel,Player
Multivitamin 2025 NY,5,4,Luminator,DoitsuKoitsu,Player
Multivitamin 2025 NY,5,5,AsiateSuessSauer,Darksteel1,Player
Multivitamin 2025 NY,5,6,MarsiDarsi09,K7_Naijul,Player
Multivitamin 2025 NY,5,7,TSR_RedEyesKeke,ItsaaaaB,Player
Multivitamin 2025 NY,5,8,Ronte,MayLegend,Player
Multivitamin 2025 NY,5,9,Samral,BarisF2,Player
Multivitamin 2025 NY,5,10,NMI_TobiOas,Freakout,Player
Multivitamin 2025 NY,5,11,TSR_Makoya,FlorianW,Opponent
Multivitamin 2025 NY,5,12,K0rshy,TCR_endyucation,Opponent
Multivitamin 2025 NY,5,13,Schatten,shinobi64,Player
Multivitamin 2025 NY,5,14,Sirius83,SurferT50,Opponent
Multivitamin 2025 NY,5,15,MC_Cleopatrick,TotaHahnLorcana_Vladimiro,Player
Multivitamin 2025 NY,5,16,Petnein,Ketaro,Opponent
Multivitamin 2025 NY,5,17,SarDestiny,Tygo,Player
Multivitamin 2025 NY,5,18,TSRJustMax,GG_Timtheus90,Player
Multivitamin 2025 NY,5,19,MrMamille,GG_ElMapache,Player
Multivitamin 2025 NY,5,20,TCR_Dextr0niC,NMI_Haertelus,Opponent
Multivitamin 2025 NY,6,1,Missy2901,Jarl94,Draw
Multivitamin 2025 NY,6,2,AsiateSuessSauer,mcmike82,Draw
Multivitamin 2025 NY,6,3,Luminator,MrTom,Opponent
Multivitamin 2025 NY,6,4,MarsiDarsi09,Leonard24,Player
Multivitamin 2025 NY,6,5,TSR_RedEyesKeke,Samral,Opponent
Multivitamin 2025 NY,6,6,Ronte,Schatten,Player
Multivitamin 2025 NY,6,7,NMI_TobiOas,DoitsuKoitsu,Opponent
Multivitamin 2025 NY,6,8,SurferT50,Darksteel1,Player
Multivitamin 2025 NY,6,9,Banapfel,FlorianW,Opponent
Multivitamin 2025 NY,6,10,TCR_endyucation,MC_Cleopatrick,Opponent
Multivitamin 2025 NY,6,11,Ketaro,K7_Naijul,Opponent
Multivitamin 2025 NY,6,12,BarisF2,SarDestiny,Draw
Multivitamin 2025 NY,6,13,TSRJustMax,Sirius83,Player
Multivitamin 2025 NY,6,14,shinobi64,TotaHahnLorcana_Vladimiro,Player
Multivitamin 2025 NY,6,15,K0rshy,Freakout,Draw
Multivitamin 2025 NY,6,16,NMI_Haertelus,MrMamille,Player
Multivitamin 2025 NY,6,17,Tygo,AniW,Opponent
Multivitamin 2025 NY,6,18,GG_Timtheus90,GG_ElMapache,Player
Liga 2025-01-08,1,1,Darksteel1,nastra,Opponent
Liga 2025-01-08,1,2,Putschi,Jurki,Player
Liga 2025-01-08,1,3,shinobi64,Dlawmor,Opponent
Liga 2025-01-08,2,1,Dlawmor,nastra,Opponent
Liga 2025-01-08,2,2,Putschi,Darksteel1,Opponent
Liga 2025-01-08,2,3,Jurki,shinobi64,Opponent
Liga 2025-01-08,3,1,nastra,Putschi,Player
Liga 2025-01-08,3,2,shinobi64,Darksteel1,Player
Liga 2025-01-08,3,3,Dlawmor,Jurki,Opponent
Liga 2025-01-09,1,1,GnF,Jurki,Opponent
Liga 2025-01-09,1,2,Tintenvorrat_Wooky,Linlaen,Opponent
Liga 2025-01-09,1,3,Alex8289,Al-ex,Player
Liga 2025-01-09,1,4,-Pierre-,4l3andr0,Player
Liga 2025-01-09,1,5,shinobi64,marblementos,Player
Liga 2025-01-09,1,6,Nanzu1991,Hetti89,Opponent
Liga 2025-01-09,2,1,Alex8289,Jurki,Player
Liga 2025-01-09,2,2,-Pierre-,Linlaen,Opponent
Liga 2025-01-09,2,3,shinobi64,Hetti89,Player
Liga 2025-01-09,2,4,marblementos,GnF,Player
Liga 2025-01-09,2,5,Nanzu1991,Tintenvorrat_Wooky,Opponent
Liga 2025-01-09,2,6,Al-ex,4l3andr0,Player
Liga 2025-01-09,3,1,Alex8289,shinobi64,Opponent
Liga 2025-01-09,3,2,Linlaen,marblementos,Opponent
Liga 2025-01-09,3,3,Hetti89,-Pierre-,Player
Liga 2025-01-09,3,4,4l3andr0,Jurki,Opponent
Liga 2025-01-09,3,5,Tintenvorrat_Wooky,Al-ex,Opponent
Liga 2025-01-09,3,6,GnF,Nanzu1991,Opponent
Liga 2025-01-16,1,1,keo,Jurki,Player
Liga 2025-01-16,1,2,GnF,Brudi,Player
Liga 2025-01-16,1,3,Lillith555,Alex8289,Player
Liga 2025-01-16,1,4,,Lorigon,Opponent
Liga 2025-01-16,1,5,TabascoEye,ChrC56,Player
Liga 2025-01-16,1,6,shinobi64,RoXion,Opponent
Liga 2025-01-16,2,0,Jurki,,Player
Liga 2025-01-16,2,1,TabascoEye,RoXion,Opponent
Liga 2025-01-16,2,2,keo,GnF,Player
Liga 2025-01-16,2,3,Lillith555,Lorigon,Player
Liga 2025-01-16,2,4,ChrC56,shinobi64,Opponent
Liga 2025-01-16,2,5,Brudi,Alex8289,Opponent
Liga 2025-01-16,3,0,ChrC56,,Player
Liga 2025-01-16,3,1,keo,RoXion,Opponent
Liga 2025-01-16,3,2,Lillith555,GnF,Player
Liga 2025-01-16,3,3,shinobi64,Jurki,Opponent
Liga 2025-01-16,3,4,TabascoEye,Alex8289,Player
Liga 2025-01-16,3,5,Lorigon,Brudi,Player
Cool Azurblaues Meer Set Championship,1,1,GnF,Grusello,Player
Cool Azurblaues Meer Set Championship,1,2,marblementos,Snoopy192,Player
Cool Azurblaues Meer Set Championship,1,3,Kairy,Al-ex,Opponent
Cool Azurblaues Meer Set Championship,1,4,Tintenvorrat_Wooky,shinobi64,Opponent
Cool Azurblaues Meer Set Championship,1,5,TheGrumpyOne,McLovinLOL,Opponent
Cool Azurblaues Meer Set Championship,1,6,DragonBallTattoo,Putschi,Player
Cool Azurblaues Meer Set Championship,1,7,Lucycat,Alex8289,Opponent
Cool Azurblaues Meer Set Championship,1,8,Schollo,Mettbrot,Opponent
Cool Azurblaues Meer Set Championship,1,9,Jurki,reinz,Player
Cool Azurblaues Meer Set Championship,2,1,marblementos,Jurki,Opponent
Cool Azurblaues Meer Set Championship,2,2,McLovinLOL,Mettbrot,Player
Cool Azurblaues Meer Set Championship,2,3,DragonBallTattoo,GnF,Player
Cool Azurblaues Meer Set Championship,2,4,Alex8289,shinobi64,Player
Cool Azurblaues Meer Set Championship,2,5,Al-ex,Putschi,Player
Cool Azurblaues Meer Set Championship,2,6,Lucycat,Tintenvorrat_Wooky,Draw
Cool Azurblaues Meer Set Championship,2,7,Schollo,Kairy,Opponent
Cool Azurblaues Meer Set Championship,2,8,TheGrumpyOne,Schollo,Player
Cool Azurblaues Meer Set Championship,2,9,reinz,Grusello,Opponent
Cool Azurblaues Meer Set Championship,3,1,McLovinLOL,DragonBallTattoo,Player
Cool Azurblaues Meer Set Championship,3,2,Jurki,Alex8289,Draw
Cool Azurblaues Meer Set Championship,3,3,Al-ex,TheGrumpyOne,Draw
Cool Azurblaues Meer Set Championship,3,4,Mettbrot,marblementos,Opponent
Cool Azurblaues Meer Set Championship,3,5,GnF,shinobi64,Opponent
Cool Azurblaues Meer Set Championship,3,6,Grusello,Kairy,Player
Cool Azurblaues Meer Set Championship,3,7,Lucycat,Schollo,Player
Cool Azurblaues Meer Set Championship,3,8,Tintenvorrat_Wooky,Putschi,Opponent
Cool Azurblaues Meer Set Championship,3,9,reinz,Snoopy192,Player
Cool Azurblaues Meer Set Championship,4,1,McLovinLOL,Jurki,Player
Cool Azurblaues Meer Set Championship,4,2,Al-ex,Alex8289,Player
Cool Azurblaues Meer Set Championship,4,3,DragonBallTattoo,Grusello,Player
Cool Azurblaues Meer Set Championship,4,4,shinobi64,marblementos,Draw
Cool Azurblaues Meer Set Championship,4,5,Lucycat,TheGrumpyOne,Opponent
Cool Azurblaues Meer Set Championship,4,6,Kairy,Putschi,Player
Cool Azurblaues Meer Set Championship,4,7,GnF,reinz,Opponent
Cool Azurblaues Meer Set Championship,4,8,Mettbrot,Tintenvorrat_Wooky,Player
Cool Azurblaues Meer Set Championship,4,9,Snoopy192,Schollo,Player
Cool Azurblaues Meer Set Championship,5,1,McLovinLOL,Al-ex,Draw
Cool Azurblaues Meer Set Championship,5,2,DragonBallTattoo,TheGrumpyOne,Opponent
Cool Azurblaues Meer Set Championship,5,3,Alex8289,marblementos,Opponent
Cool Azurblaues Meer Set Championship,5,4,Jurki,shinobi64,Opponent
Cool Azurblaues Meer Set Championship,5,5,Kairy,Mettbrot,Opponent
Cool Azurblaues Meer Set Championship,5,6,reinz,Lucycat,Player
Cool Azurblaues Meer Set Championship,5,7,Grusello,Putschi,Opponent
Cool Azurblaues Meer Set Championship,5,8,Snoopy192,GnF,Player
Cool Azurblaues Meer Set Championship,5,9,Tintenvorrat_Wooky,Schollo,Player
Cool Azurblaues Meer Set Championship,6,1,McLovinLOL,reinz,Player
Cool Azurblaues Meer Set Championship,6,2,marblementos,shinobi64,Player
Cool Azurblaues Meer Set Championship,6,3,Al-ex,Mettbrot,Player
Cool Azurblaues Meer Set Championship,6,4,TheGrumpyOne,DragonBallTattoo,Player
Cool Azurblaues Meer Set Championship,7,1,McLovinLOL,marblementos,Player
Cool Azurblaues Meer Set Championship,7,2,Al-ex,TheGrumpyOne,Opponent
Cool Azurblaues Meer Set Championship,8,1,McLovinLOL,TheGrumpyOne,Opponent
Liga 2025-01-22,1,1,GnF,nastra,Opponent
Liga 2025-01-22,1,2,Dlawmor,shinobi64,Opponent
Liga 2025-01-22,2,1,shinobi64,nastra,Player
Liga 2025-01-22,2,2,Dlawmor,GnF,Player
Liga 2025-01-22,3,1,shinobi64,GnF,Player
Liga 2025-01-22,3,2,Dlawmor,nastra,Opponent
Liga 2025-01-23,1,1,-Pierre-,4l3andr0,Player
Liga 2025-01-23,1,2,GnF,Hetti89,Opponent
Liga 2025-01-23,1,3,Linlaen,Brudi,Opponent
Liga 2025-01-23,1,4,shinobi64,keo,Opponent
Liga 2025-01-23,1,5,Jurki,Alex8289,Player
Liga 2025-01-23,2,1,keo,Jurki,Player
Liga 2025-01-23,2,2,Hetti89,Brudi,Player
Liga 2025-01-23,2,3,-Pierre-,Linlaen,Player
Liga 2025-01-23,2,4,Alex8289,shinobi64,Opponent
Liga 2025-01-23,2,5,GnF,4l3andr0,Player
Liga 2025-01-23,3,1,-Pierre-,keo,Opponent
Liga 2025-01-23,3,2,Hetti89,Jurki,Player
Liga 2025-01-23,3,3,Brudi,shinobi64,Player
Liga 2025-01-23,3,4,GnF,Linlaen,Opponent
Liga 2025-01-23,3,5,4l3andr0,Alex8289,Opponent
Liga 2025-01-30,1,1,Alex8289,-Pierre-,Player
Liga 2025-01-30,1,2,GnF,Jurki,Opponent
Liga 2025-01-30,1,3,keo,Hetti89,Player
Liga 2025-01-30,1,4,Brudi,shinobi64,Opponent
Liga 2025-01-30,2,1,Jurki,keo,Opponent
Liga 2025-01-30,2,2,shinobi64,Alex8289,Opponent
Liga 2025-01-30,2,3,Hetti89,GnF,Opponent
Liga 2025-01-30,2,4,-Pierre-,Brudi,Opponent
Liga 2025-01-30,3,1,keo,Alex8289,Draw
Liga 2025-01-30,3,2,shinobi64,Jurki,Opponent
Liga 2025-01-30,3,3,GnF,Brudi,Player
Liga 2025-01-30,3,4,-Pierre-,Hetti89,Opponent
Neusser Azurblaues Meer Set Championship,1,1,RoXion,shinobi64,Player
Neusser Azurblaues Meer Set Championship,1,2,Ney53,Andi1066,Opponent
Neusser Azurblaues Meer Set Championship,1,3,SteffenStadler,Nurephel,Player
Neusser Azurblaues Meer Set Championship,1,4,Hetti89,Varolz,Draw
Neusser Azurblaues Meer Set Championship,1,5,EmperorXX,Alex8289,Player
Neusser Azurblaues Meer Set Championship,1,6,Jurki,GnF,Opponent
Neusser Azurblaues Meer Set Championship,1,7,Malomi207,RoterBaron,Opponent
Neusser Azurblaues Meer Set Championship,1,8,-Pierre-,Tintenvorrat_Wooky,Opponent
Neusser Azurblaues Meer Set Championship,1,0,Ohli,,Player
Neusser Azurblaues Meer Set Championship,2,1,EmperorXX,Andi1066,Opponent
Neusser Azurblaues Meer Set Championship,2,2,SteffenStadler,Ohli,Player
Neusser Azurblaues Meer Set Championship,2,3,GnF,Tintenvorrat_Wooky,Opponent
Neusser Azurblaues Meer Set Championship,2,4,RoterBaron,RoXion,Opponent
Neusser Azurblaues Meer Set Championship,2,5,Hetti89,Nurephel,Player
Neusser Azurblaues Meer Set Championship,2,6,Varolz,Alex8289,Player
Neusser Azurblaues Meer Set Championship,2,7,shinobi64,-Pierre-,Player
Neusser Azurblaues Meer Set Championship,2,8,Jurki,Ney53,Player
Neusser Azurblaues Meer Set Championship,2,0,Malomi207,,Player
Neusser Azurblaues Meer Set Championship,3,1,RoXion,SteffenStadler,Opponent
Neusser Azurblaues Meer Set Championship,3,2,Tintenvorrat_Wooky,Andi1066,Player
Neusser Azurblaues Meer Set Championship,3,3,Hetti89,Jurki,Opponent
Neusser Azurblaues Meer Set Championship,3,4,Varolz,shinobi64,Player
Neusser Azurblaues Meer Set Championship,3,5,RoterBaron,Ohli,Player
Neusser Azurblaues Meer Set Championship,3,6,Malomi207,EmperorXX,Opponent
Neusser Azurblaues Meer Set Championship,3,7,GnF,Nurephel,Player
Neusser Azurblaues Meer Set Championship,3,8,Alex8289,Ney53,Player
Neusser Azurblaues Meer Set Championship,3,0,-Pierre-,,Player
Neusser Azurblaues Meer Set Championship,4,1,Tintenvorrat_Wooky,SteffenStadler,Opponent
Neusser Azurblaues Meer Set Championship,4,2,Varolz,RoXion,Player
Neusser Azurblaues Meer Set Championship,4,3,Jurki,Andi1066,Opponent
Neusser Azurblaues Meer Set Championship,4,4,EmperorXX,RoterBaron,Player
Neusser Azurblaues Meer Set Championship,4,5,Hetti89,Alex8289,Player
Neusser Azurblaues Meer Set Championship,4,6,shinobi64,Nurephel,Player
Neusser Azurblaues Meer Set Championship,4,7,-Pierre-,Malomi207,Opponent
Neusser Azurblaues Meer Set Championship,4,8,GnF,Ohli,Player
Neusser Azurblaues Meer Set Championship,4,0,Ney53,,Player
Neusser Azurblaues Meer Set Championship,5,1,SteffenStadler,Varolz,Opponent
Neusser Azurblaues Meer Set Championship,5,2,Tintenvorrat_Wooky,EmperorXX,Player
Neusser Azurblaues Meer Set Championship,5,3,Andi1066,Hetti89,Draw
Neusser Azurblaues Meer Set Championship,5,4,RoXion,Jurki,Player
Neusser Azurblaues Meer Set Championship,5,5,Malomi207,shinobi64,Draw
Neusser Azurblaues Meer Set Championship,5,6,RoterBaron,GnF,Opponent
Neusser Azurblaues Meer Set Championship,5,7,Ney53,-Pierre-,Opponent
Neusser Azurblaues Meer Set Championship,5,8,Ohli,Nurephel,Opponent
Neusser Azurblaues Meer Set Championship,5,0,Alex8289,,Player
Neusser Azurblaues Meer Set Championship,6,1,Varolz,Hetti89,Player
Neusser Azurblaues Meer Set Championship,6,2,Andi1066,RoXion,Player
Neusser Azurblaues Meer Set Championship,6,3,Tintenvorrat_Wooky,GnF,Player
Neusser Azurblaues Meer Set Championship,6,4,SteffenStadler,EmperorXX,Player
Neusser Azurblaues Meer Set Championship,7,1,Varolz,Andi1066,Opponent
Neusser Azurblaues Meer Set Championship,7,2,Tintenvorrat_Wooky,SteffenStadler,Opponent
Neusser Azurblaues Meer Set Championship,8,1,Andi1066,SteffenStadler,Player
Wizards Azurblaues Meer Set Championship,1,0,Dlawmor,,Player
Wizards Azurblaues Meer Set Championship,1,1,Nados,Andi1066,Opponent
Wizards Azurblaues Meer Set Championship,1,2,Gorone,mrbluetosh,Opponent
Wizards Azurblaues Meer Set Championship,1,3,andrecruz19,Iquitas,Player
Wizards Azurblaues Meer Set Championship,1,4,Exa_Dark,NicoGräber,Player
Wizards Azurblaues Meer Set Championship,1,5,-Pierre-,RoXion,Player
Wizards Azurblaues Meer Set Championship,1,6,Bleampl,McLovinLOL,Opponent
Wizards Azurblaues Meer Set Championship,1,7,shinobi64,Hetti89,Player
Wizards Azurblaues Meer Set Championship,1,8,Fabian270188,Achim Günzel,Opponent
Wizards Azurblaues Meer Set Championship,1,9,Putschi,Jurki,Player
Wizards Azurblaues Meer Set Championship,1,10,Darksteel1,Alex8289,Player
Wizards Azurblaues Meer Set Championship,1,11,IngoM1,nastra,Opponent
Wizards Azurblaues Meer Set Championship,1,12,keo,AMS,Player
Wizards Azurblaues Meer Set Championship,1,13,Nexron,GnF,Player
Wizards Azurblaues Meer Set Championship,2,0,Hetti89,,Player
Wizards Azurblaues Meer Set Championship,2,1,Nexron,McLovinLOL,Opponent
Wizards Azurblaues Meer Set Championship,2,2,mrbluetosh,andrecruz19,Player
Wizards Azurblaues Meer Set Championship,2,3,Achim Günzel,Exa_Dark,Player
Wizards Azurblaues Meer Set Championship,2,4,Dlawmor,Andi1066,Opponent
Wizards Azurblaues Meer Set Championship,2,5,shinobi64,Darksteel1,Opponent
Wizards Azurblaues Meer Set Championship,2,6,keo,nastra,Player
Wizards Azurblaues Meer Set Championship,2,7,Putschi,-Pierre-,Player
Wizards Azurblaues Meer Set Championship,2,8,Jurki,GnF,Player
Wizards Azurblaues Meer Set Championship,2,9,Alex8289,Gorone,Player
Wizards Azurblaues Meer Set Championship,2,10,IngoM1,Nados,Opponent
Wizards Azurblaues Meer Set Championship,2,11,Iquitas,AMS,Draw
Wizards Azurblaues Meer Set Championship,2,12,Fabian270188,RoXion,Player
Wizards Azurblaues Meer Set Championship,2,13,NicoGräber,Bleampl,Opponent
Wizards Azurblaues Meer Set Championship,3,0,GnF,,Player
Wizards Azurblaues Meer Set Championship,3,1,Darksteel1,mrbluetosh,Opponent
Wizards Azurblaues Meer Set Championship,3,2,Achim Günzel,McLovinLOL,Opponent
Wizards Azurblaues Meer Set Championship,3,3,keo,Andi1066,Opponent
Wizards Azurblaues Meer Set Championship,3,4,Putschi,Bleampl,Player
Wizards Azurblaues Meer Set Championship,3,5,andrecruz19,nastra,Opponent
Wizards Azurblaues Meer Set Championship,3,6,Exa_Dark,Jurki,Player
Wizards Azurblaues Meer Set Championship,3,7,Dlawmor,Nexron,Opponent
Wizards Azurblaues Meer Set Championship,3,8,Hetti89,-Pierre-,Opponent
Wizards Azurblaues Meer Set Championship,3,9,shinobi64,Nados,Player
Wizards Azurblaues Meer Set Championship,3,10,Alex8289,Fabian270188,Player
Wizards Azurblaues Meer Set Championship,3,11,AMS,RoXion,Player
Wizards Azurblaues Meer Set Championship,3,12,Iquitas,NicoGräber,Player
Wizards Azurblaues Meer Set Championship,3,13,IngoM1,Gorone,Opponent
Wizards Azurblaues Meer Set Championship,4,0,NicoGräber,,Player
Wizards Azurblaues Meer Set Championship,4,1,Andi1066,Putschi,Draw
Wizards Azurblaues Meer Set Championship,4,2,McLovinLOL,mrbluetosh,Draw
Wizards Azurblaues Meer Set Championship,4,3,Darksteel1,Nexron,Opponent
Wizards Azurblaues Meer Set Championship,4,4,nastra,-Pierre-,Player
Wizards Azurblaues Meer Set Championship,4,5,Exa_Dark,Alex8289,Opponent
Wizards Azurblaues Meer Set Championship,4,6,keo,shinobi64,Opponent
Wizards Azurblaues Meer Set Championship,4,7,Achim Günzel,AMS,Player
Wizards Azurblaues Meer Set Championship,4,8,Iquitas,Nados,Opponent
Wizards Azurblaues Meer Set Championship,4,9,andrecruz19,Jurki,Player
Wizards Azurblaues Meer Set Championship,4,10,Fabian270188,Hetti89,Opponent
Wizards Azurblaues Meer Set Championship,4,11,GnF,Bleampl,Opponent
Wizards Azurblaues Meer Set Championship,4,12,Gorone,Dlawmor,Player
Wizards Azurblaues Meer Set Championship,4,13,RoXion,IngoM1,Opponent
Wizards Azurblaues Meer Set Championship,5,0,RoXion,,Player
Wizards Azurblaues Meer Set Championship,5,1,McLovinLOL,Putschi,Draw
Wizards Azurblaues Meer Set Championship,5,2,Andi1066,mrbluetosh,Draw
Wizards Azurblaues Meer Set Championship,5,3,Achim Günzel,shinobi64,Draw
Wizards Azurblaues Meer Set Championship,5,4,Nexron,nastra,Opponent
Wizards Azurblaues Meer Set Championship,5,5,Alex8289,Hetti89,Player
Wizards Azurblaues Meer Set Championship,5,6,Darksteel1,Nados,Opponent
Wizards Azurblaues Meer Set Championship,5,7,Bleampl,keo,Opponent
Wizards Azurblaues Meer Set Championship,5,8,andrecruz19,-Pierre-,Opponent
Wizards Azurblaues Meer Set Championship,5,9,Gorone,Exa_Dark,Opponent
Wizards Azurblaues Meer Set Championship,5,10,Iquitas,GnF,Player
Wizards Azurblaues Meer Set Championship,5,11,AMS,Dlawmor,Player
Wizards Azurblaues Meer Set Championship,5,12,IngoM1,NicoGräber,Player
Wizards Azurblaues Meer Set Championship,5,13,Fabian270188,Jurki,Player
Wizards Azurblaues Meer Set Championship,6,1,nastra,shinobi64,Player
Wizards Azurblaues Meer Set Championship,6,2,Andi1066,Putschi,Player
Wizards Azurblaues Meer Set Championship,6,3,Alex8289,Achim Günzel,Opponent
Wizards Azurblaues Meer Set Championship,6,4,McLovinLOL,mrbluetosh,Opponent
Wizards Azurblaues Meer Set Championship,7,1,nastra,Andi1066,Opponent
Wizards Azurblaues Meer Set Championship,7,2,Achim Günzel,mrbluetosh,Player
Wizards Azurblaues Meer Set Championship,8,1,Andi1066,Achim Günzel,Player
Liga 2025-02-05,1,1,Dlawmor,Putschi,Opponent
Liga 2025-02-05,1,2,NicoGräber,shinobi64,Opponent
Liga 2025-02-05,1,3,Nataliagraeber,nastra,Opponent
Liga 2025-02-05,2,1,nastra,Putschi,Opponent
Liga 2025-02-05,2,2,shinobi64,Dlawmor,Opponent
Liga 2025-02-05,2,3,NicoGräber,Nataliagraeber,Opponent
Liga 2025-02-05,3,1,Putschi,shinobi64,Opponent
Liga 2025-02-05,3,2,Nataliagraeber,Dlawmor,Opponent
Liga 2025-02-05,3,3,NicoGräber,nastra,Opponent
Liga 2025-02-06,1,1,McLovinLOL,Lillith555,Opponent
Liga 2025-02-06,1,2,Alex8289,Shiuku2san,Player
Liga 2025-02-06,1,3,Jurki,Linlaen,Player
Liga 2025-02-06,1,4,nastra,-Pierre-,Player
Liga 2025-02-06,1,5,Nanzu1991,GnF,Player
Liga 2025-02-06,1,6,shinobi64,ChrC56,Opponent
Liga 2025-02-06,1,7,andrecruz19,Ohli,Player
Liga 2025-02-06,2,1,Lillith555,Alex8289,Player
Liga 2025-02-06,2,2,andrecruz19,ChrC56,Player
Liga 2025-02-06,2,3,Jurki,Nanzu1991,Opponent
Liga 2025-02-06,2,4,nastra,Ohli,Player
Liga 2025-02-06,2,5,Shiuku2san,GnF,Opponent
Liga 2025-02-06,2,6,McLovinLOL,shinobi64,Player
Liga 2025-02-06,2,7,Linlaen,-Pierre-,Player
Liga 2025-02-06,3,1,Lillith555,nastra,Opponent
Liga 2025-02-06,3,2,Nanzu1991,andrecruz19,Player
Liga 2025-02-06,3,3,Linlaen,Alex8289,Opponent
Liga 2025-02-06,3,4,Jurki,McLovinLOL,Opponent
Liga 2025-02-06,3,5,GnF,ChrC56,Opponent
Liga 2025-02-06,3,6,Shiuku2san,shinobi64,Opponent
Liga 2025-02-06,3,7,-Pierre-,Ohli,Player
Card Club Azurblaues Meer Set Championship,1,1,Jurki,keo,Opponent
Card Club Azurblaues Meer Set Championship,1,2,Lucycat,Nanzu1991,Opponent
Card Club Azurblaues Meer Set Championship,1,3,Al-ex,TabascoEye,Opponent
Card Club Azurblaues Meer Set Championship,1,4,shinobi64,Swordinator,Draw
Card Club Azurblaues Meer Set Championship,1,5,Ironlady94,GnF,Player
Card Club Azurblaues Meer Set Championship,1,6,McLovinLOL,Brudi,Player
Card Club Azurblaues Meer Set Championship,1,7,fionikatze,Hetti89,Opponent
Card Club Azurblaues Meer Set Championship,1,8,Ohli,-Pierre-,Opponent
Card Club Azurblaues Meer Set Championship,1,9,Tintenvorrat_Wooky,andrecruz19,Opponent
Card Club Azurblaues Meer Set Championship,1,10,Linlaen,ITFairy,Opponent
Card Club Azurblaues Meer Set Championship,1,11,Marzipan87,nastra,Opponent
Card Club Azurblaues Meer Set Championship,2,1,-Pierre-,McLovinLOL,Opponent
Card Club Azurblaues Meer Set Championship,2,2,Hetti89,keo,Opponent
Card Club Azurblaues Meer Set Championship,2,3,andrecruz19,nastra,Player
Card Club Azurblaues Meer Set Championship,2,4,Nanzu1991,Ironlady94,Opponent
Card Club Azurblaues Meer Set Championship,2,5,TabascoEye,ITFairy,Opponent
Card Club Azurblaues Meer Set Championship,2,6,Swordinator,Jurki,Player
Card Club Azurblaues Meer Set Championship,2,7,shinobi64,Tintenvorrat_Wooky,Opponent
Card Club Azurblaues Meer Set Championship,2,8,Brudi,Ohli,Player
Card Club Azurblaues Meer Set Championship,2,9,GnF,fionikatze,Opponent
Card Club Azurblaues Meer Set Championship,2,10,Marzipan87,Al-ex,Player
Card Club Azurblaues Meer Set Championship,2,11,Linlaen,Lucycat,Opponent
Card Club Azurblaues Meer Set Championship,3,1,andrecruz19,keo,Opponent
Card Club Azurblaues Meer Set Championship,3,2,Ironlady94,ITFairy,Player
Card Club Azurblaues Meer Set Championship,3,3,McLovinLOL,Swordinator,Opponent
Card Club Azurblaues Meer Set Championship,3,4,Marzipan87,Tintenvorrat_Wooky,Opponent
Card Club Azurblaues Meer Set Championship,3,5,TabascoEye,Lucycat,Opponent
Card Club Azurblaues Meer Set Championship,3,6,nastra,Brudi,Opponent
Card Club Azurblaues Meer Set Championship,3,7,Nanzu1991,Hetti89,Opponent
Card Club Azurblaues Meer Set Championship,3,8,-Pierre-,fionikatze,Opponent
Card Club Azurblaues Meer Set Championship,3,9,shinobi64,Linlaen,Opponent
Card Club Azurblaues Meer Set Championship,3,10,GnF,Ohli,Opponent
Card Club Azurblaues Meer Set Championship,3,11,Jurki,Al-ex,Draw
Card Club Azurblaues Meer Set Championship,4,1,keo,Ironlady94,Player
Card Club Azurblaues Meer Set Championship,4,2,Swordinator,Brudi,Player
Card Club Azurblaues Meer Set Championship,4,3,Lucycat,ITFairy,Opponent
Card Club Azurblaues Meer Set Championship,4,4,McLovinLOL,Tintenvorrat_Wooky,Player
Card Club Azurblaues Meer Set Championship,4,5,andrecruz19,fionikatze,Player
Card Club Azurblaues Meer Set Championship,4,6,Hetti89,TabascoEye,Player
Card Club Azurblaues Meer Set Championship,4,7,-Pierre-,Marzipan87,Player
Card Club Azurblaues Meer Set Championship,4,8,Nanzu1991,Linlaen,Player
Card Club Azurblaues Meer Set Championship,4,9,Ohli,nastra,Opponent
Card Club Azurblaues Meer Set Championship,4,10,Al-ex,shinobi64,Player
Card Club Azurblaues Meer Set Championship,4,11,Jurki,GnF,Player
Card Club Azurblaues Meer Set Championship,5,1,keo,Swordinator,Opponent
Card Club Azurblaues Meer Set Championship,5,2,Ironlady94,andrecruz19,Player
Card Club Azurblaues Meer Set Championship,5,3,Hetti89,McLovinLOL,Opponent
Card Club Azurblaues Meer Set Championship,5,4,ITFairy,Brudi,Player
Card Club Azurblaues Meer Set Championship,5,5,Nanzu1991,fionikatze,Player
Card Club Azurblaues Meer Set Championship,5,6,Tintenvorrat_Wooky,Lucycat,Player
Card Club Azurblaues Meer Set Championship,5,7,-Pierre-,nastra,Opponent
Card Club Azurblaues Meer Set Championship,5,8,Jurki,TabascoEye,Player
Card Club Azurblaues Meer Set Championship,5,9,Al-ex,Linlaen,Draw
Card Club Azurblaues Meer Set Championship,5,10,Marzipan87,Ohli,Player
Card Club Azurblaues Meer Set Championship,5,11,shinobi64,GnF,Player
Card Club Azurblaues Meer Set Championship,6,1,Swordinator,Nanzu1991,Player
Card Club Azurblaues Meer Set Championship,6,2,McLovinLOL,ITFairy,Player
Card Club Azurblaues Meer Set Championship,6,3,keo,Hetti89,Player
Card Club Azurblaues Meer Set Championship,6,4,Ironlady94,andrecruz19,Opponent
Card Club Azurblaues Meer Set Championship,7,1,Swordinator,McLovinLOL,Opponent
Card Club Azurblaues Meer Set Championship,7,2,keo,andrecruz19,Opponent
Card Club Azurblaues Meer Set Championship,8,1,McLovinLOL,andrecruz19,Player
Liga 2025-02-13,1,0,Al-ex,,Player
Liga 2025-02-13,1,1,Hevelion,Silberfang,Player
Liga 2025-02-13,1,2,Jurki,shinobi64,Opponent
Liga 2025-02-13,1,3,Alex8289,-Pierre-,Player
Liga 2025-02-13,1,4,McLovinLOL,GnF,Player
Liga 2025-02-13,1,5,andrecruz19,Swordinator,Opponent
Liga 2025-02-13,2,0,andrecruz19,,Player
Liga 2025-02-13,2,1,Alex8289,Hevelion,Player
Liga 2025-02-13,2,2,Al-ex,Swordinator,Opponent
Liga 2025-02-13,2,3,shinobi64,McLovinLOL,Player
Liga 2025-02-13,2,4,GnF,-Pierre-,Player
Liga 2025-02-13,2,5,Silberfang,Jurki,Player
Liga 2025-02-13,3,0,-Pierre-,,Player
Liga 2025-02-13,3,1,Swordinator,Silberfang,Player
Liga 2025-02-13,3,2,shinobi64,Alex8289,Player
Liga 2025-02-13,3,3,andrecruz19,Jurki,Player
Liga 2025-02-13,3,4,Al-ex,McLovinLOL,Opponent
Liga 2025-02-13,3,5,Hevelion,GnF,Opponent
Liga 2025-02-20,1,1,Marzipan87,4l3andr0,Player
Liga 2025-02-20,1,2,shinobi64,Ironlady94,Player
Liga 2025-02-20,1,3,Lorigon,-Pierre-,Player
Liga 2025-02-20,1,4,Jurki,GnF,Player
Liga 2025-02-20,1,5,Hetti89,Alex8289,Player
Liga 2025-02-20,2,1,Lorigon,GnF,Player
Liga 2025-02-20,2,2,shinobi64,Marzipan87,Player
Liga 2025-02-20,2,3,Jurki,Hetti89,Opponent
Liga 2025-02-20,2,4,-Pierre-,Alex8289,Player
Liga 2025-02-20,2,5,Ironlady94,4l3andr0,Player
Liga 2025-02-20,3,1,Lorigon,Ironlady94,Player
Liga 2025-02-20,3,2,Hetti89,shinobi64,Opponent
Liga 2025-02-20,3,3,Marzipan87,Alex8289,Opponent
Liga 2025-02-20,3,4,-Pierre-,Jurki,Opponent
Liga 2025-02-20,3,5,4l3andr0,GnF,Opponent
Liga 2025-03-19,1,1,NicoGräber,Marzipan87,Player
Liga 2025-03-19,1,2,Achim Günzel,nastra,Opponent
Liga 2025-03-19,1,3,Dlawmor,Putschi,Opponent
Liga 2025-03-19,1,4,Sigmea,GnF,Player
Liga 2025-03-19,1,5,YQV968277,nicoHagel,Opponent
Liga 2025-03-19,2,1,Sigmea,YQV968277,Player
Liga 2025-03-19,2,2,Putschi,nicoHagel,Player
Liga 2025-03-19,2,3,NicoGräber,nastra,Opponent
Liga 2025-03-19,2,4,GnF,Dlawmor,Opponent
Liga 2025-03-19,2,5,Marzipan87,Achim Günzel,Opponent
Liga 2025-03-19,3,1,nastra,nicoHagel,Player
Liga 2025-03-19,3,2,Putschi,Sigmea,Player
Liga 2025-03-19,3,3,NicoGräber,GnF,Player
Liga 2025-03-19,3,4,Achim Günzel,Dlawmor,Player
Liga 2025-03-19,3,5,Marzipan87,YQV968277,Player
Liga 2025-03-20,1,1,andrecruz19,GnF,Player
Liga 2025-03-20,1,2,Ironlady94,shinobi64,Opponent
Liga 2025-03-20,1,3,Marzipan87,TabascoEye,Opponent
Liga 2025-03-20,1,4,keo,Nanzu1991,Player
Liga 2025-03-20,1,5,Jurki,Johnny3001,Opponent
Liga 2025-03-20,1,6,marblementos,Brudi,Player
Liga 2025-03-20,2,1,shinobi64,TabascoEye,Opponent
Liga 2025-03-20,2,2,marblementos,keo,Opponent
Liga 2025-03-20,2,3,andrecruz19,Johnny3001,Opponent
Liga 2025-03-20,2,4,Ironlady94,Jurki,Player
Liga 2025-03-20,2,5,Nanzu1991,Brudi,Opponent
Liga 2025-03-20,2,6,Marzipan87,GnF,Player
Liga 2025-03-20,3,1,keo,shinobi64,Player
Liga 2025-03-20,3,2,Johnny3001,TabascoEye,Player
Liga 2025-03-20,3,3,Ironlady94,Nanzu1991,Opponent
Liga 2025-03-20,3,4,Marzipan87,Brudi,Opponent
Liga 2025-03-20,3,5,andrecruz19,marblementos,Opponent
Liga 2025-03-20,3,6,GnF,Jurki,Player
Liga 2025-03-22,1,1,Lucycat,shinobi64,Opponent
Liga 2025-03-22,1,2,Swordinator,GnF,Player
Liga 2025-03-22,1,3,Alex8289,-Pierre-,Player
Liga 2025-03-22,1,4,Al-ex,McLovinLOL,Opponent
Liga 2025-03-22,2,1,Swordinator,Alex8289,Player
Liga 2025-03-22,2,2,shinobi64,McLovinLOL,Opponent
Liga 2025-03-22,2,3,Lucycat,GnF,Player
Liga 2025-03-22,2,4,Al-ex,-Pierre-,Player
Liga 2025-03-22,3,1,Swordinator,McLovinLOL,Player
Liga 2025-03-22,3,2,shinobi64,Alex8289,Opponent
Liga 2025-03-22,3,3,Lucycat,Al-ex,Opponent
Liga 2025-03-22,3,4,GnF,-Pierre-,Opponent
Liga 2025-03-26,1,1,Apfel7,NicoGräber,Opponent
Liga 2025-03-26,1,2,Sigmea,shinobi64,Opponent
Liga 2025-03-26,1,3,AMS,Putschi,Opponent
Liga 2025-03-26,2,1,Putschi,Sigmea,Player
Liga 2025-03-26,2,2,NicoGräber,shinobi64,Player
Liga 2025-03-26,2,3,Apfel7,AMS,Opponent
Liga 2025-03-26,3,1,Putschi,NicoGräber,Player
Liga 2025-03-26,3,2,AMS,shinobi64,Opponent
Liga 2025-03-26,3,3,Apfel7,Sigmea,Opponent
Liga 2025-03-27,1,1,McLovinLOL,Putschi,Opponent
Liga 2025-03-27,1,2,andrecruz19,TabascoEye,Player
Liga 2025-03-27,1,3,Jurki,GnF,Player
Liga 2025-03-27,1,4,Johnny3001,Brudi,Opponent
Liga 2025-03-27,1,5,Alex8289,Ohli,Player
Liga 2025-03-27,2,1,andrecruz19,McLovinLOL,Opponent
Liga 2025-03-27,2,2,Alex8289,Putschi,Player
Liga 2025-03-27,2,3,Brudi,Jurki,Player
Liga 2025-03-27,2,4,GnF,Johnny3001,Opponent
Liga 2025-03-27,2,5,Ohli,TabascoEye,Opponent
Liga 2025-03-27,3,1,Brudi,Alex8289,Opponent
Liga 2025-03-27,3,2,TabascoEye,Putschi,Opponent
Liga 2025-03-27,3,3,andrecruz19,Jurki,Opponent
Liga 2025-03-27,3,4,Johnny3001,McLovinLOL,Player
Liga 2025-03-27,3,5,GnF,Ohli,Player