Date,Meta,Location,Event,Type,OwnDeck,Opponent,OpponentDeck,PlayDraw,Result,OwnLoreCount,OpponentLoreCount
2024-04-21,Set3,Wizards Well,Set Championship,Constructed,Sapphire Steel Items,keo,Amber Steel Songs,Play,Win,,
2024-04-21,Set3,Wizards Well,Set Championship,Constructed,Sapphire Steel Items,keo,Amber Steel Songs,Draw,Win,,
2024-04-21,Set3,Wizards Well,Set Championship,Constructed,Sapphire Steel Items,Achim Günzel,Amethyst Emerald Tempo,Draw,Loss,,
2024-04-21,Set3,Wizards Well,Set Championship,Constructed,Sapphire Steel Items,Achim Günzel,Amethyst Emerald Tempo,Play,Loss,,
2024-04-21,Set3,Wizards Well,Set Championship,Constructed,Sapphire Steel Items,chinobi0711,Ruby Sapphire Control,Play,Win,,
2024-04-21,Set3,Wizards Well,Set Championship,Constructed,Sapphire Steel Items,chinobi0711,Ruby Sapphire Control,Draw,Loss,,
2024-04-21,Set3,Wizards Well,Set Championship,Constructed,Sapphire Steel Items,chinobi0711,Ruby Sapphire Control,Play,Win,,
2024-04-21,Set3,Wizards Well,Set Championship,Constructed,Sapphire Steel Items,Andi1066,Amethyst Emerald Tempo,Draw,Loss,,
2024-04-21,Set3,Wizards Well,Set Championship,Constructed,Sapphire Steel Items,Andi1066,Amethyst Emerald Tempo,Play,Loss,,
2024-04-21,Set3,Wizards Well,Set Championship,Constructed,Sapphire Steel Items,ITFairy,Amethyst Emerald Tempo,Draw,Win,,
2024-04-21,Set3,Wizards Well,Set Championship,Constructed,Sapphire Steel Items,ITFairy,Amethyst Emerald Tempo,Draw,Win,,
2024-04-21,Set3,Wizards Well,Set Championship,Constructed,Sapphire Steel Items,Achim Günzel,Amethyst Emerald Tempo,Draw,Loss,,
2024-04-21,Set3,Wizards Well,Set Championship,Constructed,Sapphire Steel Items,Achim Günzel,Amethyst Emerald Tempo,Play,Win,,
2024-04-21,Set3,Wizards Well,Set Championship,Constructed,Sapphire Steel Items,Achim Günzel,Amethyst Emerald Tempo,Draw,Loss,,
2024-04-24,Set3,Spiele-Pyramide,Set Championship,Constructed,Ruby Sapphire Control,Karlsruhe Round 1,Amethyst Steel Midrange,Play,Win,,
2024-04-24,Set3,Spiele-Pyramide,Set Championship,Constructed,Ruby Sapphire Control,Karlsruhe Round 1,Amethyst Steel Midrange,Draw,Win,,
2024-04-24,Set3,Spiele-Pyramide,Set Championship,Constructed,Ruby Sapphire Control,Jurki,Amber Steel Songs,Play,Win,,
2024-04-24,Set3,Spiele-Pyramide,Set Championship,Constructed,Ruby Sapphire Control,Jurki,Amber Steel Songs,Draw,Win,,
2024-04-24,Set3,Spiele-Pyramide,Set Championship,Constructed,Ruby Sapphire Control,Nados,Ruby Amethyst Bounce,Draw,Loss,,
2024-04-24,Set3,Spiele-Pyramide,Set Championship,Constructed,Ruby Sapphire Control,Nados,Ruby Amethyst Bounce,Play,Loss,,
2024-04-24,Set3,Spiele-Pyramide,Set Championship,Constructed,Ruby Sapphire Control,Karlsruhe Round4,Ruby Sapphire Control,Draw,Loss,,
2024-04-24,Set3,Spiele-Pyramide,Set Championship,Constructed,Ruby Sapphire Control,Karlsruhe Round4,Ruby Sapphire Control,Play,Loss,,
2024-04-24,Set3,Spiele-Pyramide,Set Championship,Constructed,Ruby Sapphire Control,Myria,Ruby Amethyst Bounce,Draw,Loss,,
2024-04-24,Set3,Spiele-Pyramide,Set Championship,Constructed,Ruby Sapphire Control,Myria,Ruby Amethyst Bounce,Play,Loss,,
2024-04-28,Set3,Mana Zone TCG,Set Championship,Constructed,Ruby Amethyst Bounce,Chanti,Amber Amethyst Hyper Aggro,Play,Win,,
2024-04-28,Set3,Mana Zone TCG,Set Championship,Constructed,Ruby Amethyst Bounce,Chanti,Amber Amethyst Hyper Aggro,Draw,Win,,
2024-04-28,Set3,Mana Zone TCG,Set Championship,Constructed,Ruby Amethyst Bounce,Chanti,Amber Amethyst Hyper Aggro,Play,Loss,,
2024-04-28,Set3,Mana Zone TCG,Set Championship,Constructed,Ruby Amethyst Bounce,GelbeBanen,Amber Steel Songs,Draw,Loss,,
2024-04-28,Set3,Mana Zone TCG,Set Championship,Constructed,Ruby Amethyst Bounce,GelbeBanen,Amber Steel Songs,Play,Win,,
2024-04-28,Set3,Mana Zone TCG,Set Championship,Constructed,Ruby Amethyst Bounce,GelbeBanen,Amber Steel Songs,Draw,Win,,
2024-04-28,Set3,Mana Zone TCG,Set Championship,Constructed,Ruby Amethyst Bounce,NaJu,Amethyst Emerald Tempo,Play,Win,,
2024-04-28,Set3,Mana Zone TCG,Set Championship,Constructed,Ruby Amethyst Bounce,NaJu,Amethyst Emerald Tempo,Draw,Win,,
2024-05-25,Set3,Lille,Lorcana DLC Lille,Constructed,Ruby Amethyst Bounce,DLC Lille Round1,Sapphire Steel Items,Play,Win,,
2024-05-25,Set3,Lille,Lorcana DLC Lille,Constructed,Ruby Amethyst Bounce,DLC Lille Round1,Sapphire Steel Items,Draw,Win,,
2024-05-25,Set3,Lille,Lorcana DLC Lille,Constructed,Ruby Amethyst Bounce,DLC Lille Round2,Amethyst Steel Midrange,Draw,Loss,,
2024-05-25,Set3,Lille,Lorcana DLC Lille,Constructed,Ruby Amethyst Bounce,DLC Lille Round2,Amethyst Steel Midrange,Play,Win,,
2024-05-25,Set3,Lille,Lorcana DLC Lille,Constructed,Ruby Amethyst Bounce,DLC Lille Round3,Sapphire Steel Items,Play,Win,,
2024-05-25,Set3,Lille,Lorcana DLC Lille,Constructed,Ruby Amethyst Bounce,DLC Lille Round3,Sapphire Steel Items,Draw,Loss,,
2024-05-25,Set3,Lille,Lorcana DLC Lille,Constructed,Ruby Amethyst Bounce,DLC Lille Round4,Amethyst Steel Midrange,Draw,Loss,,
2024-05-25,Set3,Lille,Lorcana DLC Lille,Constructed,Ruby Amethyst Bounce,DLC Lille Round4,Amethyst Steel Midrange,Play,Loss,,
2024-05-25,Set3,Lille,Lorcana DLC Lille,Constructed,Ruby Amethyst Bounce,DLC Lille Round5,Emerald Ruby Evasive,Play,Loss,,
2024-05-25,Set3,Lille,Lorcana DLC Lille,Constructed,Ruby Amethyst Bounce,DLC Lille Round5,Emerald Ruby Evasive,Draw,Loss,,
2024-05-25,Set3,Lille,Lorcana DLC Lille,Constructed,Ruby Amethyst Bounce,DLC Lille Round6,Amber Ruby Mufasa,Draw,Win,,
2024-05-25,Set3,Lille,Lorcana DLC Lille,Constructed,Ruby Amethyst Bounce,DLC Lille Round6,Amber Ruby Mufasa,Play,Loss,,
2024-05-25,Set3,Lille,Lorcana DLC Lille,Constructed,Ruby Amethyst Bounce,DLC Lille Round8,Emerald Steel Discard,Draw,Win,,
2024-05-25,Set3,Lille,Lorcana DLC Lille,Constructed,Ruby Amethyst Bounce,DLC Lille Round8,Emerald Steel Discard,Play,Loss,,
2024-05-25,Set3,Lille,Lorcana DLC Lille,Constructed,Ruby Amethyst Bounce,DLC Lille Round9,Emerald Steel Discard,Draw,Loss,,
2024-05-25,Set3,Lille,Lorcana DLC Lille,Constructed,Ruby Amethyst Bounce,DLC Lille Round9,Emerald Steel Discard,Play,Loss,,
2024-05-26,Set3,Lille,Lorcana DLC Lille Constructed Side,Constructed,Ruby Amethyst Bounce,DLC Lille Side Round 1,Amethyst Emerald Tempo,Play,Win,,
2024-05-26,Set3,Lille,Lorcana DLC Lille Constructed Side,Constructed,Ruby Amethyst Bounce,DLC Lille Side Round 1,Amethyst Emerald Tempo,Draw,Loss,,
2024-05-26,Set3,Lille,Lorcana DLC Lille Constructed Side,Constructed,Ruby Amethyst Bounce,DLC Lille Side Round 2,Sapphire Steel Items,Draw,Win,,
2024-05-26,Set3,Lille,Lorcana DLC Lille Constructed Side,Constructed,Ruby Amethyst Bounce,DLC Lille Side Round 2,Sapphire Steel Items,Play,Win,,
2024-05-26,Set3,Lille,Lorcana DLC Lille Constructed Side,Constructed,Ruby Amethyst Bounce,DLC Lille Side Round 3,Amber Ruby Mufasa,Play,Loss,,
2024-05-26,Set3,Lille,Lorcana DLC Lille Constructed Side,Constructed,Ruby Amethyst Bounce,DLC Lille Side Round 3,Amber Ruby Mufasa,Draw,Loss,,
2024-05-26,Set3,Lille,Lorcana DLC Lille Constructed Side,Constructed,Ruby Amethyst Bounce,DLC Lille Side Round 4,Emerald Steel Discard,Draw,Loss,,
2024-05-26,Set3,Lille,Lorcana DLC Lille Constructed Side,Constructed,Ruby Amethyst Bounce,DLC Lille Side Round 4,Emerald Steel Discard,Play,Loss,,
2024-05-26,Set3,Lille,Lorcana DLC Lille Constructed Side,Constructed,Ruby Amethyst Bounce,DLC Lille Side Round 5,Emerald Steel Discard,Draw,Loss,,
2024-05-26,Set3,Lille,Lorcana DLC Lille Constructed Side,Constructed,Ruby Amethyst Bounce,DLC Lille Side Round 5,Emerald Steel Discard,Play,Loss,,
2024-05-26,Set3,Lille,Lorcana DLC Lille Constructed Side,Constructed,Ruby Amethyst Bounce,DLC Lille Side Round 6,Emerald Steel Discard,Draw,Loss,,
2024-05-26,Set3,Lille,Lorcana DLC Lille Constructed Side,Constructed,Ruby Amethyst Bounce,DLC Lille Side Round 6,Emerald Steel Discard,Play,Win,,
2024-05-26,Set3,Lille,Lorcana DLC Lille Constructed Side,Constructed,Ruby Amethyst Bounce,DLC Lille Side Round 7,Emerald Steel Discard,Draw,Loss,,
2024-05-26,Set3,Lille,Lorcana DLC Lille Constructed Side,Constructed,Ruby Amethyst Bounce,DLC Lille Side Round 7,Emerald Steel Discard,Play,Loss,,
2024-05-29,Set4,Wizards Well,Liga 05-29,Constructed,Ruby Amethyst Bounce,Darksteel1,Emerald Steel Discard,Play,Loss,,
2024-05-29,Set4,Wizards Well,Liga 05-29,Constructed,Ruby Amethyst Bounce,Darksteel1,Emerald Steel Discard,Play,Win,,
2024-05-29,Set4,Wizards Well,Liga 05-29,Constructed,Ruby Amethyst Bounce,Darksteel1,Emerald Steel Discard,Draw,Win,,
2024-05-29,Set4,Wizards Well,Liga 05-29,Constructed,Ruby Amethyst Bounce,Jurki,Amber Emerald Songs,Play,Win,,
2024-05-29,Set4,Wizards Well,Liga 05-29,Constructed,Ruby Amethyst Bounce,Jurki,Amber Emerald Songs,Draw,Win,,
2024-05-29,Set4,Wizards Well,Liga 05-29,Constructed,Ruby Amethyst Bounce,mrbluetosh,Emerald Steel Discard,Play,Loss,,
2024-05-29,Set4,Wizards Well,Liga 05-29,Constructed,Ruby Amethyst Bounce,mrbluetosh,Emerald Steel Discard,Play,Win,,
2024-05-29,Set4,Wizards Well,Liga 05-29,Constructed,Ruby Amethyst Bounce,mrbluetosh,Emerald Steel Discard,Draw,Loss,,
2024-05-29,Set4,Wizards Well,Liga 05-29,Constructed,Ruby Amethyst Bounce,Gorone,Ruby Sapphire Control,Draw,Win,,
2024-05-29,Set4,Wizards Well,Liga 05-29,Constructed,Ruby Amethyst Bounce,Gorone,Ruby Sapphire Control,Draw,Win,,
2024-06-05,Set4,Wizards Well,Liga 06-05,Draft,Draft,Jurki,Draft,Draw,Win,,
2024-06-05,Set4,Wizards Well,Liga 06-05,Draft,Draft,Jurki,Draft,Draw,Win,,
2024-06-05,Set4,Wizards Well,Liga 06-05,Draft,Draft,Ironlady94,Draft,Play,Win,,
2024-06-05,Set4,Wizards Well,Liga 06-05,Draft,Draft,Ironlady94,Draft,Draw,Loss,,
2024-06-05,Set4,Wizards Well,Liga 06-05,Draft,Draft,Ironlady94,Draft,Play,Win,,
2024-06-05,Set4,Wizards Well,Liga 06-05,Draft,Draft,Putschi,Draft,Draw,Win,,
2024-06-05,Set4,Wizards Well,Liga 06-05,Draft,Draft,Putschi,Draft,Draw,Win,,
2024-06-05,Set4,Wizards Well,Liga 06-05,Draft,Draft,waeaenom,Draft,Draw,Loss,,
2024-06-05,Set4,Wizards Well,Liga 06-05,Draft,Draft,waeaenom,Draft,Play,Win,,
2024-06-05,Set4,Wizards Well,Liga 06-05,Draft,Draft,waeaenom,Draft,Draw,Win,,
2024-06-06,Set4,Card Club Hockenheim,Liga 06-06,Constructed,Ruby Amethyst Bounce,GnF,Amber Ruby Mufasa,Play,Win,,
2024-06-06,Set4,Card Club Hockenheim,Liga 06-06,Constructed,Ruby Amethyst Bounce,GnF,Amber Ruby Mufasa,Draw,Win,,
2024-06-06,Set4,Card Club Hockenheim,Liga 06-06,Constructed,Ruby Amethyst Bounce,Tintenvorrat_Wooky,Ruby Sapphire Control,Play,Win,,
2024-06-06,Set4,Card Club Hockenheim,Liga 06-06,Constructed,Ruby Amethyst Bounce,Tintenvorrat_Wooky,Ruby Sapphire Control,Draw,Win,,
2024-06-06,Set4,Card Club Hockenheim,Liga 06-06,Constructed,Ruby Amethyst Bounce,marblementos,Ruby Sapphire Control,Play,Loss,,
2024-06-06,Set4,Card Club Hockenheim,Liga 06-06,Constructed,Ruby Amethyst Bounce,marblementos,Ruby Sapphire Control,Play,Loss,,
2024-06-12,Set4,Wizards Well,Casual,Constructed,Ruby Amethyst Bounce,Darksteel1,Emerald Steel Discard,Play,Win,,
2024-06-12,Set4,Wizards Well,Casual,Constructed,Ruby Amethyst Bounce,Darksteel1,Emerald Steel Discard,Draw,Loss,,
2024-06-12,Set4,Wizards Well,Casual,Constructed,Ruby Amethyst Bounce,Jurki,Amethyst Steel Midrange,Play,Win,,
2024-06-12,Set4,Wizards Well,Casual,Constructed,Ruby Amethyst Bounce,Jurki,Amethyst Steel Midrange,Draw,Win,,
2024-06-12,Set4,Wizards Well,Casual,Constructed,Ruby Amethyst Bounce,Tintenvorrat_Wooky,Sapphire Steel Items,Play,Win,,
2024-06-13,Set4,Card Club Hockenheim,Liga 06-13,Constructed,Ruby Amethyst Bounce,Hetti89,Emerald Steel Discard,Play,Loss,,
2024-06-13,Set4,Card Club Hockenheim,Liga 06-13,Constructed,Ruby Amethyst Bounce,Hetti89,Emerald Steel Discard,Play,Win,,
2024-06-13,Set4,Card Club Hockenheim,Liga 06-13,Constructed,Ruby Amethyst Bounce,Hetti89,Emerald Steel Discard,Draw,Loss,,
2024-06-13,Set4,Card Club Hockenheim,Liga 06-13,Constructed,Ruby Amethyst Bounce,GnF,Amber Steel Songs,Draw,Win,,
2024-06-13,Set4,Card Club Hockenheim,Liga 06-13,Constructed,Ruby Amethyst Bounce,GnF,Amber Steel Songs,Draw,Loss,,
2024-06-13,Set4,Card Club Hockenheim,Liga 06-13,Constructed,Ruby Amethyst Bounce,GnF,Amber Steel Songs,Play,Win,,
2024-06-13,Set4,Card Club Hockenheim,Liga 06-13,Constructed,Ruby Amethyst Bounce,Ironlady94,Amber Ruby Mufasa,Play,Win,,
2024-06-13,Set4,Card Club Hockenheim,Liga 06-13,Constructed,Ruby Amethyst Bounce,Ironlady94,Amber Ruby Mufasa,Draw,Win,,
2024-06-19,Set4,Wizards Well,Liga 06-19,Draft,Draft,Putschi,Draft,Play,Win,,
2024-06-19,Set4,Wizards Well,Liga 06-19,Draft,Draft,Putschi,Draft,Draw,Loss,,
2024-06-19,Set4,Wizards Well,Liga 06-19,Draft,Draft,Putschi,Draft,Play,Draw,,
2024-06-19,Set4,Wizards Well,Liga 06-19,Draft,Draft,Jurki,Draft,Play,Win,,
2024-06-19,Set4,Wizards Well,Liga 06-19,Draft,Draft,Jurki,Draft,Draw,Win,,
2024-06-19,Set4,Wizards Well,Liga 06-19,Draft,Draft,andrecruz19,Draft,Draw,Loss,,
2024-06-19,Set4,Wizards Well,Liga 06-19,Draft,Draft,andrecruz19,Draft,Play,Win,,
2024-06-19,Set4,Wizards Well,Liga 06-19,Draft,Draft,andrecruz19,Draft,Draw,Loss,,
2024-06-20,Set4,Card Club Hockenheim,Liga 06-20,Constructed,Ruby Amethyst Bounce,Lorigon,Amber Emerald Songs,Draw,Win,,
2024-06-20,Set4,Card Club Hockenheim,Liga 06-20,Constructed,Ruby Amethyst Bounce,Lorigon,Amber Emerald Songs,Draw,Win,,
2024-06-20,Set4,Card Club Hockenheim,Liga 06-20,Constructed,Ruby Amethyst Bounce,marblementos,Emerald Steel Discard,Draw,Win,,
2024-06-20,Set4,Card Club Hockenheim,Liga 06-20,Constructed,Ruby Amethyst Bounce,marblementos,Emerald Steel Discard,Draw,Win,,
2024-06-20,Set4,Card Club Hockenheim,Liga 06-20,Constructed,Ruby Amethyst Bounce,Hetti89,Sapphire Steel Items,Draw,Loss,,
2024-06-20,Set4,Card Club Hockenheim,Liga 06-20,Constructed,Ruby Amethyst Bounce,Hetti89,Sapphire Steel Items,Play,Win,,
2024-06-20,Set4,Card Club Hockenheim,Liga 06-20,Constructed,Ruby Amethyst Bounce,Hetti89,Sapphire Steel Items,Draw,Loss,,
2024-06-27,Set4,Card Club Hockenheim,Liga 06-27,Constructed,Ruby Amethyst Bounce,Tintenvorrat_Wooky,Ruby Sapphire Control,Draw,Win,,
2024-06-27,Set4,Card Club Hockenheim,Liga 06-27,Constructed,Ruby Amethyst Bounce,Tintenvorrat_Wooky,Ruby Sapphire Control,Draw,Loss,,
2024-06-27,Set4,Card Club Hockenheim,Liga 06-27,Constructed,Ruby Amethyst Bounce,Tintenvorrat_Wooky,Ruby Sapphire Control,Play,Win,,
2024-06-27,Set4,Card Club Hockenheim,Liga 06-27,Constructed,Ruby Amethyst Bounce,Hetti89,Sapphire Steel Items,Play,Win,,
2024-06-27,Set4,Card Club Hockenheim,Liga 06-27,Constructed,Ruby Amethyst Bounce,Hetti89,Sapphire Steel Items,Draw,Win,,
2024-06-27,Set4,Card Club Hockenheim,Liga 06-27,Constructed,Ruby Amethyst Bounce,TabascoEye,Amethyst Steel Brooms,Draw,Win,,
2024-06-27,Set4,Card Club Hockenheim,Liga 06-27,Constructed,Ruby Amethyst Bounce,TabascoEye,Amethyst Steel Brooms,Draw,Loss,,
2024-06-27,Set4,Card Club Hockenheim,Liga 06-27,Constructed,Ruby Amethyst Bounce,TabascoEye,Amethyst Steel Brooms,Play,Loss,,
2024-06-29,Set4,Card Club Hockenheim,Casual,Constructed,Ruby Amethyst Bounce,Brudi,Emerald Steel Discard,Draw,Win,,
2024-06-29,Set4,Card Club Hockenheim,Casual,Constructed,Ruby Amethyst Bounce,Brudi,Emerald Steel Discard,Play,Win,,
2024-06-29,Set4,Card Club Hockenheim,Casual,Constructed,Ruby Amethyst Bounce,Nastra,Ruby Amethyst Bounce,Draw,Win,,
2024-06-29,Set4,Card Club Hockenheim,Casual,Constructed,Ruby Amethyst Bounce,GnF,Amber Ruby Mufasa,Play,Win,,
2024-06-29,Set4,Card Club Hockenheim,Casual,Constructed,Ruby Amethyst Bounce,GnF,Amber Ruby Mufasa,Draw,Win,,
2024-06-29,Set4,Card Club Hockenheim,Casual,Constructed,Ruby Amethyst Bounce,GnF,Amber Ruby Mufasa,Draw,Win,,
2024-06-29,Set4,Card Club Hockenheim,Casual,Constructed,Ruby Amethyst Bounce,Jurki,Amethyst Steel Midrange,Play,Win,,
2024-06-29,Set4,Card Club Hockenheim,Casual,Constructed,Ruby Amethyst Bounce,Jurki,Amethyst Steel Midrange,Draw,Loss,,
2024-06-30,Set4,WebCam,Casual,Constructed,Ruby Amethyst Bounce,Darksteel1,Emerald Steel Discard,Play,Win,,
2024-06-30,Set4,WebCam,Casual,Constructed,Ruby Amethyst Bounce,Darksteel1,Emerald Steel Discard,Draw,Loss,,
2024-06-30,Set4,WebCam,Casual,Constructed,Ruby Amethyst Bounce,Darksteel1,Amethyst Emerald Tempo,Draw,Loss,,
2024-06-30,Set4,WebCam,Casual,Constructed,Ruby Amethyst Bounce,Darksteel1,Amethyst Emerald Tempo,Play,Loss,,
2024-06-30,Set4,WebCam,Casual,Constructed,Ruby Amethyst Bounce,Darksteel1,Amethyst Emerald Tempo,Play,Loss,,
2024-07-03,Set4,Wizards Well,Casual,Constructed,Ruby Amethyst Bounce,Marzipan87,Emerald Ruby Evasive,Play,Win,1/4/5/7/9/10/11/12/13/14/17/18/20,2/4/6
2024-07-03,Set4,Wizards Well,Liga 07-03,Constructed,Ruby Amethyst Bounce,Darksteel1,Amethyst Emerald Tempo,Draw,Loss,1,2/4/6/8/10/12/14/18/19/20
2024-07-03,Set4,Wizards Well,Liga 07-03,Constructed,Ruby Amethyst Bounce,Darksteel1,Amethyst Emerald Tempo,Play,Win,1/3/5/7/8/10/12/14/20,2/6/8/10
2024-07-03,Set4,Wizards Well,Liga 07-03,Constructed,Ruby Amethyst Bounce,Darksteel1,Amethyst Emerald Tempo,Draw,Loss,,2/6/8/10/13/15/16/18/19/20
2024-07-03,Set4,Wizards Well,Liga 07-03,Constructed,Ruby Amethyst Bounce,Ironlady94,Amber Ruby Mufasa,Draw,Win,1/2/5/8/9/11/14/17/18/20,4/7/9/11/13/17
2024-07-03,Set4,Wizards Well,Liga 07-03,Constructed,Ruby Amethyst Bounce,Ironlady94,Amber Ruby Mufasa,Draw,Win,1/2/3/5/6/7/9/10/12/14/16/17/19/20,2/4/6/8
2024-07-03,Set4,Wizards Well,Liga 07-03,Constructed,Ruby Amethyst Bounce,Marzipan87,Emerald Ruby Evasive,Draw,Win,2/4/6/11/15/16/17/20,3/5/6/8/11
2024-07-03,Set4,Wizards Well,Liga 07-03,Constructed,Ruby Amethyst Bounce,Marzipan87,Emerald Ruby Evasive,Draw,Win,2/3/8/9/12/13/15/16/17/20,1/2/7
2024-07-03,Set4,Wizards Well,Liga 07-03,Constructed,Ruby Amethyst Bounce,GnF,Amber Ruby Mufasa,Play,Win,1/2/3/6/10/12/17/18/20,1/2/3/6/8/12/13/14
2024-07-03,Set4,Wizards Well,Liga 07-03,Constructed,Ruby Amethyst Bounce,GnF,Amber Ruby Mufasa,Draw,Win,1/2/4/5/6/7/11/12/13/17/20,1/2/5/7/10/12/15/18
2024-07-05,Set4,Bochum,Lorcana DLC Bochum,Constructed,Ruby Amethyst Bounce,DLC Bochum Round1,Amethyst Steel Aggro,Play,Loss,1/2,1/3/5/6/10/11/14/17/19/20
2024-07-05,Set4,Bochum,Lorcana DLC Bochum,Constructed,Ruby Amethyst Bounce,DLC Bochum Round1,Amethyst Steel Aggro,Draw,Loss,1,2/4/6/8/11/12/13/14/15/17/20
2024-07-05,Set4,Bochum,Lorcana DLC Bochum,Constructed,Ruby Amethyst Bounce,DLC Bochum Round2,Amber Amethyst Hyper Aggro,Play,Win,3/6/7/10/15/16/20,2/5/7/9
2024-07-05,Set4,Bochum,Lorcana DLC Bochum,Constructed,Ruby Amethyst Bounce,DLC Bochum Round2,Amber Amethyst Hyper Aggro,Draw,Loss,,2/5/9/13/15/18/20
2024-07-05,Set4,Bochum,Lorcana DLC Bochum,Constructed,Ruby Amethyst Bounce,Minimoli (DE),Amber Steel Songs,Draw,Loss,,1/4/6/8/13/15/18/20
2024-07-05,Set4,Bochum,Lorcana DLC Bochum,Constructed,Ruby Amethyst Bounce,Minimoli (DE),Amber Steel Songs,Play,Win,1/4/7/9/11/13/15/16/18/20,1/2
2024-07-05,Set4,Bochum,Lorcana DLC Bochum,Constructed,Ruby Amethyst Bounce,DLC Bochum Round4,Emerald Steel Discard,Play,Win,1/2/5/8/11/13/16/18/20,2/4/6/7/9/11
2024-07-05,Set4,Bochum,Lorcana DLC Bochum,Constructed,Ruby Amethyst Bounce,DLC Bochum Round4,Emerald Steel Discard,Draw,Loss,1/2/4/6/8,2/3/4/5/14/20
2024-07-05,Set4,Bochum,Lorcana DLC Bochum,Constructed,Ruby Amethyst Bounce,DLC Bochum Round5,Amethyst Emerald Tempo,Play,Loss,1/2/3/4,2/3/5/6/7/8/14/15/18/20
2024-07-05,Set4,Bochum,Lorcana DLC Bochum,Constructed,Ruby Amethyst Bounce,DLC Bochum Round5,Amethyst Emerald Tempo,Draw,Win,1/2/4/7/8/12/13/14/16/17/20,2/3/4/7/15/14/16
2024-07-05,Set4,Bochum,Lorcana DLC Bochum,Constructed,Ruby Amethyst Bounce,DLC Bochum Round6,Emerald Steel Discard,Play,Win,3/4/5/6/7/10/15/17/20,1/3/5/7/10/15/17/19
2024-07-05,Set4,Bochum,Lorcana DLC Bochum,Constructed,Ruby Amethyst Bounce,DLC Bochum Round6,Emerald Steel Discard,Draw,Win,1/3/5/8/12/13/16/17/19/20,1/4/7/9/11/13/16
2024-07-05,Set4,Bochum,Lorcana DLC Bochum,Constructed,Ruby Amethyst Bounce,DLC Bochum Round7,Emerald Steel Discard,Play,Loss,2/4,3/5/7/10/15/20
2024-07-05,Set4,Bochum,Lorcana DLC Bochum,Constructed,Ruby Amethyst Bounce,DLC Bochum Round7,Emerald Steel Discard,Draw,Win,1/2/3/5/7/9/11/13/16/20,2/4/7/9/10
2024-07-05,Set4,Bochum,Lorcana DLC Bochum,Constructed,Ruby Amethyst Bounce,DLC Bochum Round8,Emerald Steel Discard,Draw,Win,1/2/3/4/8/9/12/14/20,1/2/4/8/10/11/13
2024-07-05,Set4,Bochum,Lorcana DLC Bochum,Constructed,Ruby Amethyst Bounce,DLC Bochum Round8,Emerald Steel Discard,Play,Win,1/3/4/5/6/9/20,1/2/3/4/6
2024-07-05,Set4,Bochum,Lorcana DLC Bochum,Constructed,Ruby Amethyst Bounce,DLC Bochum Round9,Amethyst Emerald Tempo,Play,Loss,1/4/5/6/7/8,2/3/4/5/6/8/10/11/16/17/18/20
2024-07-05,Set4,Bochum,Lorcana DLC Bochum,Constructed,Ruby Amethyst Bounce,DLC Bochum Round9,Amethyst Emerald Tempo,Draw,Win,2/4/6/8/11/12/13/14/20,2/5/7/10/13/18/19
2024-07-06,Set4,Bochum,Lorcana DLC Bochum Side Sealed,Sealed,Sealed,DLC Bochum Sealed Side Round1,Sealed,Draw,Win,,
2024-07-06,Set4,Bochum,Lorcana DLC Bochum Side Sealed,Sealed,Sealed,DLC Bochum Sealed Side Round1,Sealed,Draw,Win,,
2024-07-06,Set4,Bochum,Lorcana DLC Bochum Side Sealed,Sealed,Sealed,DLC Bochum Sealed Side Round2,Sealed,Play,Win,,
2024-07-06,Set4,Bochum,Lorcana DLC Bochum Side Sealed,Sealed,Sealed,DLC Bochum Sealed Side Round2,Sealed,Draw,Win,,
2024-07-06,Set4,Bochum,Lorcana DLC Bochum Side Sealed,Sealed,Sealed,DLC Bochum Sealed Side Round3,Sealed,Play,Loss,,
2024-07-06,Set4,Bochum,Lorcana DLC Bochum Side Sealed,Sealed,Sealed,DLC Bochum Sealed Side Round3,Sealed,Play,Loss,,
2024-07-06,Set4,Bochum,Lorcana DLC Bochum Side Constructed,Constructed,Ruby Amethyst Bounce,DLC Bochum Constructed Side Round1,Sapphire Steel Items,Play,Win,,
2024-07-06,Set4,Bochum,Lorcana DLC Bochum Side Constructed,Constructed,Ruby Amethyst Bounce,DLC Bochum Constructed Side Round1,Sapphire Steel Items,Draw,Loss,,
2024-07-06,Set4,Bochum,Lorcana DLC Bochum Side Constructed,Constructed,Ruby Amethyst Bounce,DLC Bochum Constructed Side Round1,Sapphire Steel Items,Play,Win,,
2024-07-06,Set4,Bochum,Lorcana DLC Bochum Side Constructed,Constructed,Ruby Amethyst Bounce,DLC Bochum Constructed Side Round2,Ruby Amethyst Bounce,Draw,Loss,,
2024-07-06,Set4,Bochum,Lorcana DLC Bochum Side Constructed,Constructed,Ruby Amethyst Bounce,DLC Bochum Constructed Side Round2,Ruby Amethyst Bounce,Play,Loss,,
2024-07-06,Set4,Bochum,Lorcana DLC Bochum Side Constructed,Constructed,Ruby Amethyst Bounce,DLC Bochum Constructed Side Round3,Amber Steel Songs,Draw,Win,,
2024-07-06,Set4,Bochum,Lorcana DLC Bochum Side Constructed,Constructed,Ruby Amethyst Bounce,DLC Bochum Constructed Side Round3,Amber Steel Songs,Draw,Loss,,
2024-07-06,Set4,Bochum,Lorcana DLC Bochum Side Constructed,Constructed,Ruby Amethyst Bounce,DLC Bochum Constructed Side Round3,Amber Steel Songs,Play,Win,,
2024-07-11,Set4,Card Club Hockenheim,Liga 07-11,Constructed,Ruby Amethyst Bounce,GnF,Amber Ruby Mufasa,Play,Win,20,15
2024-07-11,Set4,Card Club Hockenheim,Liga 07-11,Constructed,Ruby Amethyst Bounce,GnF,Amber Ruby Mufasa,Draw,Win,1/2/4/6/8/9/10/11/15/16/18/20,2/4/9/11/14
2024-07-11,Set4,Card Club Hockenheim,Liga 07-11,Constructed,Ruby Amethyst Bounce,Putschi,Emerald Steel Discard,Play,Win,1/3/5/7/9/11/13/15/17/18/19/20,1/2
2024-07-11,Set4,Card Club Hockenheim,Liga 07-11,Constructed,Ruby Amethyst Bounce,Putschi,Emerald Steel Discard,Draw,Win,1/2/3/4/7/9/13/20,1/2
2024-07-11,Set4,Card Club Hockenheim,Liga 07-11,Constructed,Ruby Amethyst Bounce,Darksteel1,Emerald Steel Midrange,Play,Win,1/2/3/4/5/8/20,2/4
2024-07-11,Set4,Card Club Hockenheim,Liga 07-11,Constructed,Ruby Amethyst Bounce,Darksteel1,Emerald Steel Midrange,Draw,Loss,,2/7/14/20
2024-07-11,Set4,Card Club Hockenheim,Liga 07-11,Constructed,Ruby Amethyst Bounce,Darksteel1,Emerald Steel Midrange,Play,Win,1/2/3/4/7/8/9/10/16/18/20,2/4/6/7/9/11/13/14/15
2024-07-13,Set4,Card Club Hockenheim,Set Championship,Constructed,Ruby Amethyst Bounce,waeaenom,Ruby Amethyst Bounce,Play,Win,1/2/3/4/5/6/10/14/16/18/19/20,1/3/6/7/8/9/11/12/13/15
2024-07-13,Set4,Card Club Hockenheim,Set Championship,Constructed,Ruby Amethyst Bounce,waeaenom,Ruby Amethyst Bounce,Draw,Win,1/2/3/4/5/6/7/8/10/11/13/15/17/19/20,1/2/5/7/9/11/12/13/15
2024-07-13,Set4,Card Club Hockenheim,Set Championship,Constructed,Ruby Amethyst Bounce,keo,Amethyst Steel Aggro,Draw,Loss,2/4/5/9/12,1/2/3/5/7/9/10/11/12/13/14/15/16/17/18/19/20
2024-07-13,Set4,Card Club Hockenheim,Set Championship,Constructed,Ruby Amethyst Bounce,keo,Amethyst Steel Aggro,Play,Win,1/2/3/4/7/11/13/19/20,2/3/4/6/7
2024-07-13,Set4,Card Club Hockenheim,Set Championship,Constructed,Ruby Amethyst Bounce,keo,Amethyst Steel Aggro,Draw,Win,1/4/9/13/14/20,2/6/8/10/12/14/15/16/17/18
2024-07-13,Set4,Card Club Hockenheim,Set Championship,Constructed,Ruby Amethyst Bounce,Darksteel1,Emerald Steel Midrange,Play,Win,2/7/9/11/16/20,2/8/12/15/16/18
2024-07-13,Set4,Card Club Hockenheim,Set Championship,Constructed,Ruby Amethyst Bounce,Darksteel1,Emerald Steel Midrange,Draw,Loss,,1/6/10/12/16/20
2024-07-13,Set4,Card Club Hockenheim,Set Championship,Constructed,Ruby Amethyst Bounce,Darksteel1,Emerald Steel Midrange,Play,Loss,1/2/3/4/5/6/7/8/9,2/4/6/8/10/11/12/14/18/19/20
2024-07-13,Set4,Card Club Hockenheim,Set Championship,Constructed,Ruby Amethyst Bounce,Hetti89,Ruby Amethyst Bounce,Play,Loss,2/4,1/2/3/5/8/10/13/14/15/16/17/18/20
2024-07-13,Set4,Card Club Hockenheim,Set Championship,Constructed,Ruby Amethyst Bounce,Hetti89,Ruby Amethyst Bounce,Play,Win,3/4/5/6/7/8/9/10/11/12/14/16/17/18/20,1/3/6/8/9/10/11/12/14/16/17/19
2024-07-13,Set4,Card Club Hockenheim,Set Championship,Constructed,Ruby Amethyst Bounce,Hetti89,Ruby Amethyst Bounce,Draw,Draw,1/4,1/2/5/6/7/8/9/10/11/14/15
2024-07-13,Set4,Card Club Hockenheim,Set Championship,Constructed,Ruby Amethyst Bounce,Lorigon,Amber Ruby Mufasa,Draw,Loss,,1/2/4/9/15/20
2024-07-13,Set4,Card Club Hockenheim,Set Championship,Constructed,Ruby Amethyst Bounce,Lorigon,Amber Ruby Mufasa,Play,Win,1/3/5/7/20,1/2/4/6/8
2024-07-13,Set4,Card Club Hockenheim,Set Championship,Constructed,Ruby Amethyst Bounce,Lorigon,Amber Ruby Mufasa,Draw,Win,3/5/20,3/5/7
2024-07-13,Set4,Card Club Hockenheim,Set Championship,Constructed,Ruby Amethyst Bounce,andrecruz19,Amber Ruby Mufasa,Play,Win,1/2/4/5/9/11/13/15/20,2/4/7/8/9
2024-07-13,Set4,Card Club Hockenheim,Set Championship,Constructed,Ruby Amethyst Bounce,andrecruz19,Amber Ruby Mufasa,Draw,Loss,2/3,1/2/5/7/10/11/15/18/20
2024-07-13,Set4,Card Club Hockenheim,Set Championship,Constructed,Ruby Amethyst Bounce,andrecruz19,Amber Ruby Mufasa,Play,Win,2/4/5/7/8/9/10/11/12/13/16/20,
2024-07-13,Set4,Card Club Hockenheim,Set Championship,Constructed,Ruby Amethyst Bounce,marblementos,Emerald Steel Discard,Draw,Win,1/3/6/7/8/9/11/12/15/18/20,1/3/4/5/7/10/12/14/16/18
2024-07-13,Set4,Card Club Hockenheim,Set Championship,Constructed,Ruby Amethyst Bounce,marblementos,Emerald Steel Discard,Draw,Loss,3/4/5/8,1/3/4/8/10/12/14/15/17/18/19/20
2024-07-13,Set4,Card Club Hockenheim,Set Championship,Constructed,Ruby Amethyst Bounce,marblementos,Emerald Steel Discard,Play,Loss,1/2,2/6/10/12/14/16/18/20
2024-07-14,Set4,Wizards Well,Set Championship,Constructed,Ruby Amethyst Bounce,Nomlix,Ruby Amethyst Bounce,Draw,Win,1/2/3/4/6/8/12/14/20,1/4/6/8
2024-07-14,Set4,Wizards Well,Set Championship,Constructed,Ruby Amethyst Bounce,Nomlix,Ruby Amethyst Bounce,Draw,Loss,3/4/5/7/9/11/13/15/17,1/2/3/5/7/8/10/12/14/16/18/19/20
2024-07-14,Set4,Wizards Well,Set Championship,Constructed,Ruby Amethyst Bounce,ITFairy,Amethyst Emerald Tempo,Draw,Win,1/2/4/8/9/11/13/14/15/20,2/4/7/10/11/12/14
2024-07-14,Set4,Wizards Well,Set Championship,Constructed,Ruby Amethyst Bounce,ITFairy,Amethyst Emerald Tempo,Draw,Win,1/3/5/7/9/11/14/16/18,2/4/8/9/10
2024-07-14,Set4,Wizards Well,Set Championship,Constructed,Ruby Amethyst Bounce,mrbluetosh,Emerald Steel Discard,Draw,Loss,1/4/5/6/7/8/9/10,5/7/10/17/20
2024-07-14,Set4,Wizards Well,Set Championship,Constructed,Ruby Amethyst Bounce,mrbluetosh,Emerald Steel Discard,Play,Win,1/2/3/5/7/10/11/12/13/14/16/20,1
2024-07-14,Set4,Wizards Well,Set Championship,Constructed,Ruby Amethyst Bounce,mrbluetosh,Emerald Steel Discard,Draw,Win,1/2/3/4/6/8/10/13/20,1/3/5/8/11/13/14/15/17
2024-07-14,Set4,Wizards Well,Set Championship,Constructed,Ruby Amethyst Bounce,RoXion,Emerald Steel Discard,Draw,Loss,1/2/4/6/910/14,1/2/3/4/7/13/17/18/19/20
2024-07-14,Set4,Wizards Well,Set Championship,Constructed,Ruby Amethyst Bounce,RoXion,Emerald Steel Discard,Play,Loss,,1/3/6/12/20
2024-07-14,Set4,Wizards Well,Set Championship,Constructed,Ruby Amethyst Bounce,Nastra,Sapphire Steel Items,Play,Win,1/2/3/4/5/9/11/20,
2024-07-14,Set4,Wizards Well,Set Championship,Constructed,Ruby Amethyst Bounce,Nastra,Sapphire Steel Items,Draw,Win,1/2/4/6/9/14/18/20,2/4/9
2024-07-14,Set4,Wizards Well,Set Championship,Constructed,Ruby Amethyst Bounce,RoXion,Emerald Steel Discard,Draw,Loss,,1/3/5/8/9/12/15/20
2024-07-14,Set4,Wizards Well,Set Championship,Constructed,Ruby Amethyst Bounce,RoXion,Emerald Steel Discard,Play,Loss,1/3,1/2/3/6/10/15/20
2024-07-17,Set4,Wizards Well,Liga 07-17,Constructed,Ruby Amethyst Bounce,Nastra,Ruby Amethyst Bounce,Draw,Loss,1/2/3/4/5,2/3/5/7/9/10/11/12/15/17/19/20
2024-07-17,Set4,Wizards Well,Liga 07-17,Constructed,Ruby Amethyst Bounce,Nastra,Ruby Amethyst Bounce,Play,Win,1/3/4/5/9/13/14/16/20,2/3/4/5/7/8/9/10/11/13
2024-07-17,Set4,Wizards Well,Liga 07-17,Constructed,Ruby Amethyst Bounce,Putschi,Amethyst Emerald Tempo,Play,Loss,1,2/8/14/16/20
2024-07-17,Set4,Wizards Well,Liga 07-17,Constructed,Ruby Amethyst Bounce,Putschi,Amethyst Emerald Tempo,Play,Loss,2/4/6/9,2/5/7/9/12/13/14/16/17/18/20
2024-07-17,Set4,Wizards Well,Liga 07-17,Constructed,Ruby Amethyst Bounce,GnF,Amber Sapphire Villains,Draw,Win,1/2/4/6/9/13/19/20,2/4/6/10
2024-07-17,Set4,Wizards Well,Liga 07-17,Constructed,Ruby Amethyst Bounce,GnF,Amber Sapphire Villains,Draw,Win,1/4/5/8/9/12/14/17/20,1/4/10/12/13
2024-07-18,Set4,Card Club Hockenheim,Liga 07-18,Constructed,Amber Amethyst Madrigal,Hetti89,Ruby Amethyst Bounce,Draw,Loss,1/4,3/6/9/12/15/20
2024-07-18,Set4,Card Club Hockenheim,Liga 07-18,Constructed,Amber Amethyst Madrigal,Hetti89,Ruby Amethyst Bounce,Play,Loss,1/4/6/9/12/14/17,2/3/5/6/9/15/16/20
2024-07-18,Set4,Card Club Hockenheim,Liga 07-18,Constructed,Amber Amethyst Madrigal,Putschi,Amethyst Emerald Tempo,Draw,Loss,1/2/3/6/7/12,2/3/6/7/8/10/12/14
2024-07-18,Set4,Card Club Hockenheim,Liga 07-18,Constructed,Amber Amethyst Madrigal,Putschi,Amethyst Emerald Tempo,Play,Loss,1/2/6,4/5/6/8/13/16/17
2024-07-20,Set4,JK Entertainment Darmstadt,Set Championship,Constructed,Ruby Amethyst Bounce,Frapstun,Emerald Steel Discard,Play,Loss,1/2/3,1/2/4/6/8/9/15/20
2024-07-20,Set4,JK Entertainment Darmstadt,Set Championship,Constructed,Ruby Amethyst Bounce,Frapstun,Emerald Steel Discard,Draw,Win,1/2/3/4/7/8/9/10/12/13/16/18/20,
2024-07-20,Set4,JK Entertainment Darmstadt,Set Championship,Constructed,Ruby Amethyst Bounce,Le_Fuechs,Ruby Sapphire Control,Play,Win,1/2/3/5/6/7/8/9/10/11/13/15/17/19/20,1/2/5/8/11
2024-07-20,Set4,JK Entertainment Darmstadt,Set Championship,Constructed,Ruby Amethyst Bounce,Le_Fuechs,Ruby Sapphire Control,Draw,Loss,2/3/4/5/7/8/9/10/11/12,1/3/4/6/9/11/14/20
2024-07-20,Set4,JK Entertainment Darmstadt,Set Championship,Constructed,Ruby Amethyst Bounce,RockyFauko,Sapphire Steel Items,Play,Win,1/3/5/7/9/11/13/14/20,1/2
2024-07-20,Set4,JK Entertainment Darmstadt,Set Championship,Constructed,Ruby Amethyst Bounce,RockyFauko,Sapphire Steel Items,Draw,Win,1/2/3/4/6/8/12/14/16/20,
2024-07-20,Set4,JK Entertainment Darmstadt,Set Championship,Constructed,Ruby Amethyst Bounce,Print5556,Emerald Ruby Evasive,Draw,Loss,1/2,1/2/3/4/6/11/15/18/20
2024-07-20,Set4,JK Entertainment Darmstadt,Set Championship,Constructed,Ruby Amethyst Bounce,Print5556,Emerald Ruby Evasive,Play,Win,1/3/4/6/8/9/13/20,2/3/4/7/10/16/18
2024-07-20,Set4,JK Entertainment Darmstadt,Set Championship,Constructed,Ruby Amethyst Bounce,TaL-HundimBuero,Sapphire Steel Items,Play,Win,1/4/6/9/13/16/18/20,
2024-07-20,Set4,JK Entertainment Darmstadt,Set Championship,Constructed,Ruby Amethyst Bounce,TaL-HundimBuero,Sapphire Steel Items,Draw,Loss,1/2/3/4,2/8/13/20
2024-07-24,Set4,Wizards Well,Liga 07-24,Draft,Draft,Putschi,Draft,Play,Win,,
2024-07-24,Set4,Wizards Well,Liga 07-24,Draft,Draft,Putschi,Draft,Draw,Win,,
2024-07-24,Set4,Wizards Well,Liga 07-24,Draft,Draft,AMS,Draft,Play,Win,,
2024-07-24,Set4,Wizards Well,Liga 07-24,Draft,Draft,AMS,Draft,Draw,Loss,,
2024-07-24,Set4,Wizards Well,Liga 07-24,Draft,Draft,AMS,Draft,Play,Win,,
2024-07-24,Set4,Wizards Well,Liga 07-24,Draft,Draft,Marzipan87,Draft,Play,Win,,
2024-07-24,Set4,Wizards Well,Liga 07-24,Draft,Draft,Marzipan87,Draft,Draw,Win,,
2024-07-25,Set4,Card Club Hockenheim,Liga 07-25,Constructed,Amber Emerald Discard,GnF,Ruby Amethyst Bounce,Play,Win,1/2/3/5/7/1/14/15/16/20,1/2/7/8/9/10/11/12/14
2024-07-25,Set4,Card Club Hockenheim,Liga 07-25,Constructed,Amber Emerald Discard,GnF,Ruby Amethyst Bounce,Draw,Win,1/4/8/9/10/12/17/20,1/2/5/6/8/9/10/11/12
2024-07-25,Set4,Card Club Hockenheim,Liga 07-25,Constructed,Amber Emerald Discard,Nastra,Sapphire Steel Items,Play,Win,1/2/4/12/18/20,1/3
2024-07-25,Set4,Card Club Hockenheim,Liga 07-25,Constructed,Amber Emerald Discard,Nastra,Sapphire Steel Items,Draw,Win,1/2/3/9/20,2/4/5
2024-07-25,Set4,Card Club Hockenheim,Liga 07-25,Constructed,Amber Emerald Discard,Jurki,Amber Steel Songs,Play,Loss,1,4/6/10/14/18/20
2024-07-25,Set4,Card Club Hockenheim,Liga 07-25,Constructed,Amber Emerald Discard,Jurki,Amber Steel Songs,Play,Win,2/3/12/20,1/4/7/9
2024-07-25,Set4,Card Club Hockenheim,Liga 07-25,Constructed,Amber Emerald Discard,Jurki,Amber Steel Songs,Draw,Loss,1,1/6/13/16/18
2024-07-27,Set4,Spielwaren Neusser,Set Championship,Constructed,Ruby Amethyst Bounce,pave,Amber Amethyst Hyper Aggro,Play,Win,1/2/5/8/13/14/15/17/20,3/5/9/10/12/13/14/16
2024-07-27,Set4,Spielwaren Neusser,Set Championship,Constructed,Ruby Amethyst Bounce,pave,Amber Amethyst Hyper Aggro,Draw,Win,1/2/3/5/7/8/10/11/15/16/20,1/5/6/7/13/15/16/17/18
2024-07-27,Set4,Spielwaren Neusser,Set Championship,Constructed,Ruby Amethyst Bounce,reinz,Ruby Amethyst Bounce,Play,Win,2/3/5/7/9/10/11/12/13/15/17/20,1/4/5/8/9/10/12
2024-07-27,Set4,Spielwaren Neusser,Set Championship,Constructed,Ruby Amethyst Bounce,reinz,Ruby Amethyst Bounce,Draw,Loss,1/2/4/5/6/7/8/9,1/2/3/4/6/7/8/10/12/14/16/20
2024-07-27,Set4,Spielwaren Neusser,Set Championship,Constructed,Ruby Amethyst Bounce,RoterBaron,Ruby Sapphire Control,Draw,Loss,1/2/3/4/5/7/8/9/10/11,1/2/4/6/8/9/10/11/15/16/20
2024-07-27,Set4,Spielwaren Neusser,Set Championship,Constructed,Ruby Amethyst Bounce,NRoterBaron,Ruby Sapphire Control,Play,Win,3/4/5/8/9/11/12/13/14/16/17/18/19/20,3/4/6/8/10/12
2024-07-27,Set4,Spielwaren Neusser,Set Championship,Constructed,Ruby Amethyst Bounce,Varolz,Ruby Amethyst Bounce,Play,Loss,1/3/4/7/9/10/12,1/2/3/5/7/9/11/12/14/15/17/18/20
2024-07-27,Set4,Spielwaren Neusser,Set Championship,Constructed,Ruby Amethyst Bounce,Varolz,Ruby Amethyst Bounce,Draw,Loss,1,1/3/5/7/9/11/12/13/17/20
2024-07-31,Set4,Wizards Well,Liga 07-31,Constructed,Amber Emerald Discard,Darksteel1,Amber Amethyst Hyper Aggro,Draw,Loss,1/6,2/5/13/15/16/17/20
2024-07-31,Set4,Wizards Well,Liga 07-31,Constructed,Amber Emerald Discard,Darksteel1,Amber Amethyst Hyper Aggro,Play,Win,1/2/4/8/11/16/20,2/4/5/6/7/8
2024-07-31,Set4,Wizards Well,Liga 07-31,Constructed,Amber Emerald Discard,Darksteel1,Amber Amethyst Hyper Aggro,Draw,Loss,1,2/7/11/13/14/15/18/20
2024-07-31,Set4,Wizards Well,Liga 07-31,Constructed,Amber Emerald Discard,Putschi,Amber Emerald Discard,Draw,Win,1/2/3,1/3/4/5
2024-07-31,Set4,Wizards Well,Liga 07-31,Constructed,Amber Emerald Discard,Putschi,Amber Emerald Discard,Draw,Win,1/2/3/4,1
2024-07-31,Set4,Wizards Well,Liga 07-31,Constructed,Amber Emerald Discard,nicoHagel,Sapphire Steel Items,Draw,Loss,1/3/4,1/3/7/8/13/14/15/20
2024-07-31,Set4,Wizards Well,Liga 07-31,Constructed,Amber Emerald Discard,nicoHagel,Sapphire Steel Items,Play,Win,1/2/3/7/10/20,1/4/6/7
2024-08-01,Set4,Card Club Hockenheim,Liga 08-01,Constructed,Amber Emerald Discard,Jurki,Amber Steel Songs,Play,Loss,2,1/4/7/11/17/20
2024-08-01,Set4,Card Club Hockenheim,Liga 08-01,Constructed,Amber Emerald Discard,Jurki,Amber Steel Songs,Play,Loss,,2/5/10/11/20
2024-08-01,Set4,Card Club Hockenheim,Liga 08-01,Constructed,Amber Emerald Discard,Tintenvorrat_Wooky,Ruby Sapphire Control,Play,Win,1/2/5/8/12/14/17/20,3
2024-08-01,Set4,Card Club Hockenheim,Liga 08-01,Constructed,Amber Emerald Discard,Tintenvorrat_Wooky,Ruby Sapphire Control,Draw,Win,1/3/8/13/19/20,2/4/6
2024-08-01,Set4,Card Club Hockenheim,Liga 08-01,Constructed,Amber Emerald Discard,GnF,Ruby Amethyst Bounce,Draw,Loss,,1/2/3/5/6/8/9/11/12/14/15/20
2024-08-01,Set4,Card Club Hockenheim,Liga 08-01,Constructed,Amber Emerald Discard,GnF,Ruby Amethyst Bounce,Play,Win,1/2/4/6/8/12/17/20,1/4/10/12
2024-08-01,Set4,Card Club Hockenheim,Liga 08-01,Constructed,Amber Emerald Discard,GnF,Ruby Amethyst Bounce,Draw,Win,1/4/7/11/12/16/20,2/3/4/6/7/9/11/12/13/14/15/16
2024-08-03,Set4,Bologna,Lorcana DLC Bologna,Constructed,Emerald Steel Discard,Kerem (IT),Emerald Steel Discard,Play,Win,,
2024-08-03,Set4,Bologna,Lorcana DLC Bologna,Constructed,Emerald Steel Discard,Kerem (IT),Emerald Steel Discard,Draw,Win,,
2024-08-03,Set4,Bologna,Lorcana DLC Bologna,Constructed,Emerald Steel Discard,Victor (ES),Sapphire Steel Items,Draw,Loss,,
2024-08-03,Set4,Bologna,Lorcana DLC Bologna,Constructed,Emerald Steel Discard,Victor (ES),Sapphire Steel Items,Play,Loss,,
2024-08-03,Set4,Bologna,Lorcana DLC Bologna,Constructed,Emerald Steel Discard,Hector (FR),Ruby Amethyst Bounce,Play,Win,,
2024-08-03,Set4,Bologna,Lorcana DLC Bologna,Constructed,Emerald Steel Discard,Hector (FR),Ruby Amethyst Bounce,Draw,Loss,,
2024-08-03,Set4,Bologna,Lorcana DLC Bologna,Constructed,Emerald Steel Discard,Simone (IT),Emerald Steel Discard,Play,Loss,,
2024-08-03,Set4,Bologna,Lorcana DLC Bologna,Constructed,Emerald Steel Discard,Simone (IT),Emerald Steel Discard,Draw,Win,,
2024-08-03,Set4,Bologna,Lorcana DLC Bologna,Constructed,Emerald Steel Discard,Benjamin (IT),Ruby Sapphire Control,Play,Loss,,
2024-08-03,Set4,Bologna,Lorcana DLC Bologna,Constructed,Emerald Steel Discard,Benjamin (IT),Ruby Sapphire Control,Draw,Loss,,
2024-08-03,Set4,Bologna,Lorcana DLC Bologna,Constructed,Emerald Steel Discard,Pierre (FR),Amber Sapphire Mufasa,Play,Win,,
2024-08-03,Set4,Bologna,Lorcana DLC Bologna,Constructed,Emerald Steel Discard,Pierre (FR),Amber Sapphire Mufasa,Draw,Win,,
2024-08-03,Set4,Bologna,Lorcana DLC Bologna,Constructed,Emerald Steel Discard,Angio (IT),Ruby Amethyst Bounce,Draw,Win,,
2024-08-03,Set4,Bologna,Lorcana DLC Bologna,Constructed,Emerald Steel Discard,Angio (IT),Ruby Amethyst Bounce,Play,Win,,
2024-08-03,Set4,Bologna,Lorcana DLC Bologna,Constructed,Emerald Steel Discard,DLC Bologna Round9,Sapphire Steel Items,Draw,Win,,
2024-08-03,Set4,Bologna,Lorcana DLC Bologna,Constructed,Emerald Steel Discard,DLC Bologna Round9,Sapphire Steel Items,Play,Loss,,
2024-08-04,Set4,Bologna,Lorcana DLC Bologna Side Sealed,Sealed,Sealed,Florian (DE),Sealed,Play,Win,,
2024-08-04,Set4,Bologna,Lorcana DLC Bologna Side Sealed,Sealed,Sealed,Florian (DE),Sealed,Draw,Win,,
2024-08-04,Set4,Bologna,Lorcana DLC Bologna Side Sealed,Sealed,Sealed,Caroline (FR),Sealed,Play,Loss,,
2024-08-04,Set4,Bologna,Lorcana DLC Bologna Side Sealed,Sealed,Sealed,Caroline (FR),Sealed,Play,Win,,
2024-08-04,Set4,Bologna,Lorcana DLC Bologna Side Sealed,Sealed,Sealed,Caroline (FR),Sealed,Draw,Win,,
2024-08-04,Set4,Bologna,Lorcana DLC Bologna Side Constructed,Constructed,Emerald Steel Discard,Giorgio (ES),Amber Amethyst Hyper Aggro,Draw,Win,,
2024-08-04,Set4,Bologna,Lorcana DLC Bologna Side Constructed,Constructed,Emerald Steel Discard,Giorgio (ES),Amber Amethyst Hyper Aggro,Draw,Win,,
2024-08-04,Set4,Bologna,Lorcana DLC Bologna Side Constructed,Constructed,Emerald Steel Discard,Alexio (IT),Sapphire Steel Items,Play,Win,,
2024-08-04,Set4,Bologna,Lorcana DLC Bologna Side Constructed,Constructed,Emerald Steel Discard,Alexio (IT),Sapphire Steel Items,Draw,Win,,
2024-08-04,Set4,Bologna,Lorcana DLC Bologna Side Constructed,Constructed,Emerald Steel Discard,Danielle (IT),Emerald Steel Discard,Draw,Loss,,
2024-08-04,Set4,Bologna,Lorcana DLC Bologna Side Constructed,Constructed,Emerald Steel Discard,Danielle (IT),Emerald Steel Discard,Play,Win,,
2024-08-04,Set4,Bologna,Lorcana DLC Bologna Side Constructed,Constructed,Emerald Steel Discard,Danielle (IT),Emerald Steel Discard,Draw,Win,,
2024-08-08,Set5,Card Club Hockenheim,Sealed 08-08,Sealed,Sealed,Ironlady94,Sealed,Play,Loss,,
2024-08-08,Set5,Card Club Hockenheim,Sealed 08-08,Sealed,Sealed,Ironlady94,Sealed,Play,Win,,
2024-08-08,Set5,Card Club Hockenheim,Sealed 08-08,Sealed,Sealed,Ironlady94,Sealed,Draw,Loss,,
2024-08-08,Set5,Card Club Hockenheim,Sealed 08-08,Sealed,Sealed,waeaenom,Sealed,Play,Win,,
2024-08-08,Set5,Card Club Hockenheim,Sealed 08-08,Sealed,Sealed,waeaenom,Sealed,Draw,Loss,,
2024-08-08,Set5,Card Club Hockenheim,Sealed 08-08,Sealed,Sealed,waeaenom,Sealed,Play,Win,,
2024-08-08,Set5,Card Club Hockenheim,Sealed 08-08,Sealed,Sealed,Swordinator,Sealed,Draw,Loss,,
2024-08-08,Set5,Card Club Hockenheim,Sealed 08-08,Sealed,Sealed,Swordinator,Sealed,Play,Loss,,
2024-08-08,Set5,Card Club Hockenheim,Sealed 08-08,Sealed,Sealed,Makronelamm832,Sealed,Play,Win,,
2024-08-08,Set5,Card Club Hockenheim,Sealed 08-08,Sealed,Sealed,Makronelamm832,Sealed,Draw,Win,,
2024-08-10,Set5,Wizards Well,Sealed 08-10,Sealed,Sealed,ITFairy,Sealed,Play,Win,,
2024-08-10,Set5,Wizards Well,Sealed 08-10,Sealed,Sealed,ITFairy,Sealed,Draw,Win,,
2024-08-10,Set5,Wizards Well,Sealed 08-10,Sealed,Sealed,bloodhoundboi,Sealed,Play,Loss,,
2024-08-10,Set5,Wizards Well,Sealed 08-10,Sealed,Sealed,bloodhoundboi,Sealed,Play,Win,,
2024-08-10,Set5,Wizards Well,Sealed 08-10,Sealed,Sealed,bloodhoundboi,Sealed,Draw,Draw,,
2024-08-10,Set5,Wizards Well,Sealed 08-10,Sealed,Sealed,Andi1066,Sealed,Play,Loss,,
2024-08-10,Set5,Wizards Well,Sealed 08-10,Sealed,Sealed,Andi1066,Sealed,Play,Win,,
2024-08-10,Set5,Wizards Well,Sealed 08-10,Sealed,Sealed,Andi1066,Sealed,Draw,Loss,,
2024-08-28,Set5,Wizards Well,Casual,Constructed,Ruby Steel Knights,Jurki,Emerald Ruby Evasive,Play,Win,1/2/4/5/6/7/9/13/16/17/20,2/4/7
2024-08-28,Set5,Wizards Well,Casual,Constructed,Ruby Steel Knights,Jurki,Emerald Ruby Evasive,Draw,Win,1/2/3/4/5/7/9/11/16/17/18/19/20,2/5
2024-08-28,Set5,Wizards Well,Casual,Constructed,Ruby Sapphire Control,Jurki,Emerald Ruby Evasive,Play,Win,3/6/9/11/13/15/16/20,1/2/3/4/5
2024-08-28,Set5,Wizards Well,Casual,Constructed,Ruby Sapphire Control,Jurki,Emerald Ruby Evasive,Draw,Win,1/2/3/7/12/16/18/20,1/2/4/5/10/12/14
2024-08-28,Set5,Wizards Well,Casual,Constructed,Amethyst Emerald Aggro,Jurki,Emerald Ruby Evasive,Draw,Win,1/4/6/8/10/11/13/14/15/17/19/20,1/2/4/6/8/10/13
2024-08-28,Set5,Wizards Well,Draft 08-28,Draft,Draft,AMS,Draft,Draw,Win,,
2024-08-28,Set5,Wizards Well,Draft 08-28,Draft,Draft,AMS,Draft,Draw,Loss,,
2024-08-28,Set5,Wizards Well,Draft 08-28,Draft,Draft,AMS,Draft,Play,Win,,
2024-08-28,Set5,Wizards Well,Draft 08-28,Draft,Draft,Putschi,Draft,Draw,Win,,
2024-08-28,Set5,Wizards Well,Draft 08-28,Draft,Draft,Putschi,Draft,Draw,Loss,,
2024-08-28,Set5,Wizards Well,Draft 08-28,Draft,Draft,Putschi,Draft,Play,Win,,
2024-08-28,Set5,Wizards Well,Draft 08-28,Draft,Draft,andrecruz19,Draft,Draw,Win,,
2024-08-28,Set5,Wizards Well,Draft 08-28,Draft,Draft,andrecruz19,Draft,Draw,Loss,,
2024-08-28,Set5,Wizards Well,Draft 08-28,Draft,Draft,andrecruz19,Draft,Play,Loss,,
2024-08-29,Set5,Card Club Hockenheim,Casual,Constructed,Amethyst Steel Pete,GnF,Amethyst Sapphire Blurple,Draw,Win,,
2024-08-29,Set5,Card Club Hockenheim,Casual,Constructed,Amethyst Steel Pete,GnF,Amethyst Sapphire Blurple,Draw,Win,,
2024-08-29,Set5,Card Club Hockenheim,Casual,Constructed,Amber Amethyst Hyper Aggro,Hetti89,Emerald Steel Robin,Play,Win,,
2024-08-29,Set5,Card Club Hockenheim,Casual,Constructed,Amber Amethyst Hyper Aggro,Hetti89,Emerald Steel Robin,Draw,Loss,,
2024-08-29,Set5,Card Club Hockenheim,Casual,Constructed,Emerald Steel Damage,Hetti89,Emerald Steel Robin,Play,Win,,
2024-08-29,Set5,Card Club Hockenheim,Casual,Constructed,Emerald Steel Damage,Hetti89,Emerald Steel Robin,Draw,Win,,
2024-08-29,Set5,Card Club Hockenheim,Liga 08-29,Constructed,Amethyst Steel Pete,Marzipan87,Ruby Amethyst Bounce,Draw,Loss,,
2024-08-29,Set5,Card Club Hockenheim,Liga 08-29,Constructed,Amethyst Steel Pete,Marzipan87,Ruby Amethyst Bounce,Play,Win,,
2024-08-29,Set5,Card Club Hockenheim,Liga 08-29,Constructed,Amethyst Steel Pete,Marzipan87,Ruby Amethyst Bounce,Draw,Win,,
2024-08-29,Set5,Card Club Hockenheim,Liga 08-29,Constructed,Amethyst Steel Pete,Jurki,Amber Steel Songs,Play,Win,,
2024-08-29,Set5,Card Club Hockenheim,Liga 08-29,Constructed,Amethyst Steel Pete,Jurki,Amber Steel Songs,Draw,Win,,
2024-08-29,Set5,Card Club Hockenheim,Liga 08-29,Constructed,Amethyst Steel Pete,Tintenvorrat_Wooky,Amber Steel Songs,Draw,Win,,
2024-08-29,Set5,Card Club Hockenheim,Liga 08-29,Constructed,Amethyst Steel Pete,Tintenvorrat_Wooky,Amber Steel Songs,Draw,Loss,,
2024-08-29,Set5,Card Club Hockenheim,Liga 08-29,Constructed,Amethyst Steel Pete,Tintenvorrat_Wooky,Amber Steel Songs,Play,Win,,
2024-09-04,Set5,Wizards Well,Casual,Constructed,Ruby Sapphire Control,Putschi,Amber Emerald Aggro,Draw,Win,,
2024-09-04,Set5,Wizards Well,Casual,Constructed,Ruby Sapphire Control,Putschi,Amber Emerald Aggro,Play,Loss,,
2024-09-04,Set5,Wizards Well,Casual,Constructed,Amethyst Steel Pete,Putschi,Amber Steel Songs,Play,Win,,
2024-09-04,Set5,Wizards Well,Casual,Constructed,Amethyst Steel Pete,Putschi,Amber Steel Songs,Draw,Loss,,
2024-09-04,Set5,Wizards Well,Casual,Constructed,Ruby Steel Knights,Putschi,Amber Emerald Discard,Draw,Win,,
2024-09-04,Set5,Wizards Well,Casual,Constructed,Ruby Steel Knights,Putschi,Amber Emerald Discard,Play,Win,,
2024-09-04,Set5,Wizards Well,Casual,Constructed,Amethyst Sapphire Blurple,Putschi,Emerald Steel Discard,Draw,Win,,
2024-09-04,Set5,Wizards Well,Casual,Constructed,Amethyst Sapphire Blurple,Putschi,Emerald Steel Discard,Play,Loss,,
2024-09-04,Set5,Wizards Well,Casual,Constructed,Amethyst Steel Pete,GnF,Amethyst Sapphire Blurple,Draw,Loss,,
2024-09-04,Set5,Wizards Well,Casual,Constructed,Amethyst Steel Pete,GnF,Amethyst Sapphire Blurple,Play,Win,,
2024-09-04,Set5,Wizards Well,Casual,Constructed,Ruby Sapphire Control,GnF,Amethyst Sapphire Blurple,Draw,Win,,
2024-09-05,Set5,Card Club Hockenheim,Casual,Constructed,Amethyst Emerald Aggro,marblementos,Amber Steel Songs,Draw,Loss,,
2024-09-05,Set5,Card Club Hockenheim,Casual,Constructed,Amethyst Emerald Aggro,marblementos,Amber Steel Songs,Play,Loss,,
2024-09-05,Set5,Card Club Hockenheim,Casual,Constructed,Amethyst Emerald Aggro,marblementos,Ruby Sapphire Control,Draw,Win,,
2024-09-05,Set5,Card Club Hockenheim,Casual,Constructed,Amethyst Emerald Aggro,marblementos,Ruby Sapphire Control,Play,Win,,
2024-09-05,Set5,Card Club Hockenheim,Liga 09-05,Constructed,Amethyst Steel Pete,ITFairy,Amber Steel Songs,Draw,Win,,
2024-09-05,Set5,Card Club Hockenheim,Liga 09-05,Constructed,Amethyst Steel Pete,ITFairy,Amber Steel Songs,Draw,Loss,,
2024-09-05,Set5,Card Club Hockenheim,Liga 09-05,Constructed,Amethyst Steel Pete,ITFairy,Amber Steel Songs,Play,Win,,
2024-09-05,Set5,Card Club Hockenheim,Liga 09-05,Constructed,Amethyst Steel Pete,Tintenvorrat_Wooky,Amber Steel Songs,Draw,Win,,
2024-09-05,Set5,Card Club Hockenheim,Liga 09-05,Constructed,Amethyst Steel Pete,Tintenvorrat_Wooky,Amber Steel Songs,Draw,Win,,
2024-09-05,Set5,Card Club Hockenheim,Liga 09-05,Constructed,Amethyst Steel Pete,Pfeyffer,Amethyst Steel Pete,Draw,Loss,,
2024-09-05,Set5,Card Club Hockenheim,Liga 09-05,Constructed,Amethyst Steel Pete,Pfeyffer,Amethyst Steel Pete,Play,Win,,
2024-09-05,Set5,Card Club Hockenheim,Liga 09-05,Constructed,Amethyst Steel Pete,Pfeyffer,Amethyst Steel Pete,Draw,Draw,,
2024-09-06,Set5,WebCam,Casual,Constructed,Amethyst Steel Pete,Nastra,Amethyst Emerald Tempo,Play,Win,1/4/5/8/9/12/11/10/15/17/20,2
2024-09-06,Set5,WebCam,Casual,Constructed,Amethyst Steel Pete,Nastra,Amethyst Emerald Tempo,Draw,Win,2/3/5/4/5/7/8/10/13/16/15/14/13/15/20,2/6/7/9/10/11/12/13
2024-09-06,Set5,WebCam,Casual,Constructed,Amber Steel Songs,Nastra,Amethyst Emerald Tempo,Play,Loss,2/1/3/7,3/4/7/10/13/12/20
2024-09-07,Set5,WebCam,Casual,Constructed,Amethyst Steel Pete,Nastra,Amethyst Emerald Tempo,Draw,Win,3/5/7/10/12/13/20,2/3/5/7/9/10
2024-09-07,Set5,WebCam,Casual,Constructed,Amethyst Steel Pete,Nastra,Amethyst Emerald Tempo,Draw,Win,2/4/8/12/13/14/15/16/20,1/2/3/6/9/10/13
2024-09-07,Set5,WebCam,Casual,Constructed,Amethyst Steel Pete,Nastra,Ruby Sapphire Control,Play,Loss,1/4/9/11/12/13/14,1/2/5/11/14/15/17/18/20
2024-09-07,Set5,WebCam,Casual,Constructed,Amethyst Steel Pete,Nastra,Ruby Sapphire Control,Play,Loss,1/4/6/8/10/13/14/15,1/5/10/20
2024-09-10,Set5,Home,Casual,Constructed,Amethyst Steel Pete,ITFairy,Amber Steel Dwarfs,Draw,Loss,,
2024-09-10,Set5,Home,Casual,Constructed,Amethyst Steel Pete,ITFairy,Amber Steel Dwarfs,Play,Loss,,
2024-09-10,Set5,Home,Casual,Constructed,Amethyst Steel Pete,ITFairy,Amber Steel Dwarfs,Play,Win,,
2024-09-11,Set5,Wizards Well,Casual,Constructed,Amber Steel Dwarfs,GnF,Amber Ruby Mufasa,Draw,Loss,1/2/3/4/5/6/7,2/4/6/10/13/20
2024-09-11,Set5,Wizards Well,Casual,Constructed,Amber Steel Dwarfs,GnF,Amber Ruby Mufasa,Play,Win,1/2/3/4/5/6/11/12/17/20,2/4/6/8/10/12/14
2024-09-11,Set5,Wizards Well,Casual,Constructed,Amber Steel Songs,GnF,Amber Ruby Mufasa,Play,Win,3/11/15/20,2/4/6
2024-09-11,Set5,Wizards Well,Casual,Constructed,Amber Steel Songs,GnF,Amber Ruby Mufasa,Draw,Win,3/4/6/8/11/15/20,4/7/10/12
2024-09-11,Set5,Wizards Well,Liga 09-11,Constructed,Amethyst Steel Pete,IngoM1,Ruby Amethyst Bounce,Draw,Win,1/8/16/20,3/4/5/9
2024-09-11,Set5,Wizards Well,Liga 09-11,Constructed,Amethyst Steel Pete,IngoM1,Ruby Amethyst Bounce,Draw,Loss,1/2/7/9/10/11/12,1/2/3/5/7/8/9/12/13/15/18/20
2024-09-11,Set5,Wizards Well,Liga 09-11,Constructed,Amethyst Steel Pete,IngoM1,Ruby Amethyst Bounce,Play,Win,1/2/4/6/10/17/19/20,1/3/4/5
2024-09-11,Set5,Wizards Well,Liga 09-11,Constructed,Amethyst Steel Pete,GnF,Amber Emerald Discard,Play,Loss,2/4/5/7/8/9/10,2/5/9/13/16/20
2024-09-11,Set5,Wizards Well,Liga 09-11,Constructed,Amethyst Steel Pete,GnF,Amber Emerald Discard,Play,Win,1/2/5/8/10/9/14/20,1/6
2024-09-11,Set5,Wizards Well,Liga 09-11,Constructed,Amethyst Steel Pete,GnF,Amber Emerald Discard,Draw,Win,1/2/5/7/6/8/7/6/7/9/10/13/15/19/20,1/3/4/6
2024-09-11,Set5,Wizards Well,Liga 09-11,Constructed,Amethyst Steel Pete,Hetti89,Sapphire Steel Items,Play,Loss,1/2/3/4/8/9/10/11,4/7/12/18/20
2024-09-11,Set5,Wizards Well,Liga 09-11,Constructed,Amethyst Steel Pete,Hetti89,Sapphire Steel Items,Play,Win,1/4/9/13/14/16/18/19/20,
2024-09-11,Set5,Wizards Well,Liga 09-11,Constructed,Amethyst Steel Pete,Hetti89,Sapphire Steel Items,Draw,Win,1/4/6/8/11/15/20,1/3/5/7
2024-09-12,Set5,WebCam,Casual,Constructed,Amethyst Steel Pete,Nastra,Ruby Sapphire Control,Draw,Win,2/3/5/9/15/19/20,1/2
2024-09-12,Set5,WebCam,Casual,Constructed,Amethyst Steel Pete,Nastra,Ruby Sapphire Control,Draw,Loss,1/2/4/6,1/2/3/4/5/6/7/11/12/15/19/20
2024-09-12,Set5,WebCam,Casual,Constructed,Amber Emerald Discard,Nastra,Amethyst Emerald Tempo,Play,Loss,1/2/3/4/5/6/10,1/2/3/4/3/5/9/20
2024-09-12,Set5,WebCam,Casual,Constructed,Amber Emerald Discard,Nastra,Amethyst Emerald Tempo,Play,Loss,1/2/3/4/5,1/4/9/13/18/20
2024-09-12,Set5,WebCam,Casual,Constructed,Amethyst Steel Pete,Nastra,Amethyst Emerald Tempo,Play,Win,1/3/6/8/11/14/15/17/18/20,2/3/4
2024-09-14,Set5,Home,Casual,Constructed,Amethyst Steel Pete,marblementos,Amber Steel Songs,Play,Loss,1/3/5/6/7/9,3/5/6/7/17/20
2024-09-14,Set5,Home,Casual,Constructed,Amethyst Steel Pete,marblementos,Amber Steel Songs,Play,Loss,1/2/4/5,3/4/7/19/20
2024-09-14,Set5,Home,Casual,Constructed,Amethyst Steel Pete,marblementos,Amber Steel Songs,Play,Loss,1/2/4/5/6/7/9,1/2/6/8/12/14/16/20
2024-09-14,Set5,Home,Casual,Constructed,Ruby Sapphire Control,marblementos,Amethyst Emerald Tempo,Play,Win,2/4/6/5/4/5/6/9/8/7/10/18/20,1/4/5/7/8/10/11/12/13/14/17
2024-09-14,Set5,Home,Casual,Constructed,Ruby Sapphire Control,marblementos,Amethyst Emerald Tempo,Draw,Loss,1/2/7/14,1/3/5/7/11/12/13/14/15/16/17/20
2024-09-14,Set5,Home,Casual,Constructed,Amber Steel Songs,marblementos,Amethyst Emerald Tempo,Play,Loss,1/4/6/5/10/9/7/12/10/12/14/16/14,1/2/3/4/5/6/10/15/20
2024-09-14,Set5,Home,Casual,Constructed,Amber Steel Songs,marblementos,Amethyst Emerald Tempo,Play,Loss,6,1/2/3/5/6/7/9/10/16/18/20
2024-09-14,Set5,Home,Casual,Constructed,Amber Steel Songs,marblementos,Ruby Sapphire Control,Play,Loss,6,1/2/4/6/8/9/11/12/20
2024-09-14,Set5,Home,Casual,Constructed,Amber Steel Songs,marblementos,Ruby Sapphire Control,Play,Loss,1/2/4,1/5/6/10/14/20
2024-09-14,Set5,Home,Casual,Constructed,Ruby Sapphire Control,marblementos,Ruby Sapphire Control,Draw,Win,2/5/8/9/12/13/17/20,1/2
2024-09-14,Set5,Home,Casual,Constructed,Ruby Sapphire Control,marblementos,Ruby Sapphire Control,Play,Loss,1/3/5/9,2/4/5/6/20
2024-09-18,Set5,Wizards Well,Casual,Constructed,Ruby Sapphire Control,andrecruz19,Amber Ruby Locations,Draw,Win,2/4/6/8/11/20,1/3/6/8/10/12/14
2024-09-18,Set5,Wizards Well,Casual,Constructed,Ruby Sapphire Control,andrecruz19,Amber Ruby Locations,Draw,Win,1/3/5/8/9/11/12/13/15/16/20,1/3/5/7/9/13/15
2024-09-18,Set5,Wizards Well,Casual,Constructed,Emerald Steel Midrange,andrecruz19,Amber Steel Songs,Play,Loss,2/5/6,2/3/5/8/11/13/20
2024-09-18,Set5,Wizards Well,Casual,Constructed,Amber Steel Dwarfs,Mojo23,Amber Steel Bodyguards,Draw,Win,2/5/10/16/19/20,1/2/4/6
2024-09-18,Set5,Wizards Well,Casual,Constructed,Amethyst Steel Pete,andrecruz19,Amber Ruby Locations,Play,Win,1/4/9/15/18/19/20,
2024-09-18,Set5,Wizards Well,Casual,Constructed,Amethyst Steel Pete,andrecruz19,Amber Ruby Locations,Draw,Win,2/1/3/5/9/12/20,2
2024-09-18,Set5,Wizards Well,Liga 09-18,Constructed,Ruby Sapphire Control,Putschi,Amber Steel Songs,Play,Win,1/2/3/4/5/7/9/13/14/17/20,3/4/9/13
2024-09-18,Set5,Wizards Well,Liga 09-18,Constructed,Ruby Sapphire Control,Putschi,Amber Steel Songs,Draw,Win,1/4/6/10/12/20,1/5/8/12/14
2024-09-18,Set5,Wizards Well,Liga 09-18,Constructed,Ruby Sapphire Control,Mojo23,Amber Steel Bodyguards,Play,Win,1/3/7/13/19/20,1/5
2024-09-18,Set5,Wizards Well,Liga 09-18,Constructed,Ruby Sapphire Control,Mojo23,Amber Steel Bodyguards,Draw,Win,1/2/4/5/7/8/10/14/18/20,1/6/13
2024-09-18,Set5,Wizards Well,Liga 09-18,Constructed,Ruby Sapphire Control,andrecruz19,Amethyst Sapphire Blurple,Play,Win,1/2/3/5/8/11/13/14/16/20,1
2024-09-18,Set5,Wizards Well,Liga 09-18,Constructed,Ruby Sapphire Control,andrecruz19,Amethyst Sapphire Blurple,Draw,Win,2/3/4/5/7/9/14/15/17,1/3/4/6/7/8/9/10/11/12/13/15
2024-09-19,Set5,Card Club Hockenheim,Casual,Constructed,Emerald Steel Midrange,GnF,Emerald Sapphire Clarabelle,Play,Win,1/3/7/10/15/19/20,1
2024-09-19,Set5,Card Club Hockenheim,Casual,Constructed,Emerald Steel Midrange,GnF,Emerald Sapphire Clarabelle,Draw,Win,2/5/8/10/12/14/20,
2024-09-19,Set5,Card Club Hockenheim,Casual,Constructed,Amber Steel Dwarfs,Linlaen,Ruby Amethyst Bounce,Draw,Loss,1/2/3/8/10/13/15,1/2/3/4/6/8/10/11/13/15/20
2024-09-19,Set5,Card Club Hockenheim,Casual,Constructed,Amethyst Steel Pete,Linlaen,Amethyst Sapphire Blurple,Draw,Win,2/3/5/9/14/20,1/3/4/5/6/7
2024-09-19,Set5,Card Club Hockenheim,Liga 09-19,Constructed,Ruby Sapphire Control,marblementos,Amethyst Emerald Tempo,Play,Win,1/2/3/6/7/9/20,1/2/3
2024-09-19,Set5,Card Club Hockenheim,Liga 09-19,Constructed,Ruby Sapphire Control,marblementos,Amethyst Emerald Tempo,Draw,Loss,1/3/4,1/4/8/9/11/12/13/15/16/17/18/20
2024-09-19,Set5,Card Club Hockenheim,Liga 09-19,Constructed,Ruby Sapphire Control,marblementos,Amethyst Emerald Tempo,Play,Win,1/3/9/15/20,1/3/6/10
2024-09-19,Set5,Card Club Hockenheim,Liga 09-19,Constructed,Ruby Sapphire Control,Hetti89,Sapphire Steel Items,Draw,Win,1/2/3/4/5/7/12/17/20,7/8/14/16
2024-09-19,Set5,Card Club Hockenheim,Liga 09-19,Constructed,Ruby Sapphire Control,Hetti89,Sapphire Steel Items,Draw,Win,1/2/4/7/8/9/12/20,2/6/8/12
2024-09-19,Set5,Card Club Hockenheim,Liga 09-19,Constructed,Ruby Sapphire Control,Jurki,Amber Steel Songs,Draw,Loss,1/2/4/5,1/2/7/11/12/14/16/19/20
2024-09-19,Set5,Card Club Hockenheim,Liga 09-19,Constructed,Ruby Sapphire Control,Jurki,Amber Steel Songs,Play,Win,3/6/9/20,1/2/8/11/12
2024-09-19,Set5,Card Club Hockenheim,Liga 09-19,Constructed,Ruby Sapphire Control,Jurki,Amber Steel Songs,Draw,Win,1/2/3/7/8/12/13/16/17/20,1/3/5/6/7/9/11/13/15
2024-09-21,Set5,Birmingham,Lorcana DLC Birmingham,Constructed,Ruby Sapphire Control,Phillip (DE),Amber Steel Songs,Play,Loss,1/2/3/4/5/8/11 Deckout,1/5/7/8/11
2024-09-21,Set5,Birmingham,Lorcana DLC Birmingham,Constructed,Ruby Sapphire Control,Phillip (DE),Amber Steel Songs,Draw,Win,1/5/11/17/20,1/3/5/7/9/12
2024-09-21,Set5,Birmingham,Lorcana DLC Birmingham,Constructed,Ruby Sapphire Control,TanTaj (UK),Ruby Sapphire Control,Play,Win,3/6/7/9/13/20,1/3/4/5/6
2024-09-21,Set5,Birmingham,Lorcana DLC Birmingham,Constructed,Ruby Sapphire Control,TanTaj (UK),Ruby Sapphire Control,Draw,Loss,1/3/4/6/9/12,3/6/7/8/10/14/18/20
2024-09-21,Set5,Birmingham,Lorcana DLC Birmingham,Constructed,Ruby Sapphire Control,Talim (UK),Sapphire Steel Items,Draw,Win,1/3/4/9/11/12/17/20,2/3/5/9/14/15/17/19
2024-09-21,Set5,Birmingham,Lorcana DLC Birmingham,Constructed,Ruby Sapphire Control,Talim (UK),Sapphire Steel Items,Play,Win,2/4/5/7/11/12/15/20,2/5/8/12/13/16/18
2024-09-21,Set5,Birmingham,Lorcana DLC Birmingham,Constructed,Ruby Sapphire Control,Florian (FR),Amber Steel Songs,Draw,Loss,,3/6/13/20
2024-09-21,Set5,Birmingham,Lorcana DLC Birmingham,Constructed,Ruby Sapphire Control,Florian (FR),Amber Steel Songs,Play,Loss,,2/4/8/15/20
2024-09-21,Set5,Birmingham,Lorcana DLC Birmingham,Constructed,Ruby Sapphire Control,Sam (UK),Amethyst Emerald Tempo,Play,Win,2/4/5/6/5/3/4/8/11/12/13/12/15/20,1/4/6/7/8/10/11/13/15/16/17/19
2024-09-21,Set5,Birmingham,Lorcana DLC Birmingham,Constructed,Ruby Sapphire Control,Sam (UK),Amethyst Emerald Tempo,Draw,Loss,1/2/3/4/5,2/5/7/8/10/13/14/15/17/18/19/20
2024-09-21,Set5,Birmingham,Lorcana DLC Birmingham,Constructed,Ruby Sapphire Control,Kevin (FR),Ruby Sapphire Control,Play,Win,5/9/14/20,1/3/5
2024-09-21,Set5,Birmingham,Lorcana DLC Birmingham,Constructed,Ruby Sapphire Control,Kevin (FR),Ruby Sapphire Control,Draw,Loss,1/2/4/6,1/2/4/6/9/10/14/15/16/20
2024-09-21,Set5,Birmingham,Lorcana DLC Birmingham,Constructed,Ruby Sapphire Control,Thomas (IT),Amethyst Emerald Tempo,Draw,Loss,1/0/2/5,1/4/6/7/11/12/13/14/15/16/18/20
2024-09-21,Set5,Birmingham,Lorcana DLC Birmingham,Constructed,Ruby Sapphire Control,Thomas (IT),Amethyst Emerald Tempo,Play,Loss,1/3/5/6/7/8,2/7/8/11/13/16/20
2024-09-21,Set5,Birmingham,Lorcana DLC Birmingham,Constructed,Ruby Sapphire Control,Jordan (UK),Ruby Amethyst Bounce,Play,Win,1/2/3/4/5/7/8/12/17/19/20,1/3/4
2024-09-21,Set5,Birmingham,Lorcana DLC Birmingham,Constructed,Ruby Sapphire Control,Jordan (UK),Ruby Amethyst Bounce,Draw,Win,3/8/14/16/17/19/20,1/2/3
2024-09-21,Set5,Birmingham,Lorcana DLC Birmingham,Constructed,Ruby Sapphire Control,Josh (UK),Amethyst Sapphire Blurple,Draw,Win,1/2/3/6/7/9/12/13/20,1/2/3/4/5/7/11/12/13
2024-09-21,Set5,Birmingham,Lorcana DLC Birmingham,Constructed,Ruby Sapphire Control,Josh (UK),Amethyst Sapphire Blurple,Play,Win,1/3/4/7/8/9/12/15/18,1/2/4/5/6/8
2024-09-22,Set5,Birmingham,Lorcana DLC Birmingham SideEvent,Constructed,Amethyst Steel Pete,Matosz (PL),Amethyst Emerald Tempo,Play,Win,1/3/4/8/11/14/16,1/2/3/4/5/6/7
2024-09-22,Set5,Birmingham,Lorcana DLC Birmingham SideEvent,Constructed,Amethyst Steel Pete,Matosz (PL),Amethyst Emerald Tempo,Draw,Loss,1/2/3/4/5/4/6/5/6/9/8,1/2/3/5/7/9/10/11/12/13/14/20
2024-09-22,Set5,Birmingham,Lorcana DLC Birmingham SideEvent,Constructed,Amethyst Steel Pete,Elie (FR),Emerald Steel Midrange,Play,Win,1/2/4/5/8/10/11/15/16/17/18/20,2/3/4/5/8
2024-09-22,Set5,Birmingham,Lorcana DLC Birmingham SideEvent,Constructed,Amethyst Steel Pete,Elie (FR),Emerald Steel Midrange,Draw,Win,2/3/4/5/6/7/8/11/12/14/15/18/20,1/4/7
2024-09-22,Set5,Birmingham,Lorcana DLC Birmingham SideEvent,Constructed,Amethyst Steel Pete,Vincent (FR),Ruby Sapphire Control,Play,Win,1/4/7/8/9/11/14/16/20,1/2/5/8
2024-09-22,Set5,Birmingham,Lorcana DLC Birmingham SideEvent,Constructed,Amethyst Steel Pete,Vincent (FR),Ruby Sapphire Control,Draw,Loss,2/4/5/6,1/2/3/9/15/20
2024-09-22,Set5,Birmingham,Lorcana DLC Birmingham SideEvent,Constructed,Amethyst Steel Pete,Chris (AT),Ruby Amethyst Bounce,Play,Win,1/4/6/7/9/11/13/14/15/16/17/20,1/2/3/4/5/6/7/8/9/10/11
2024-09-22,Set5,Birmingham,Lorcana DLC Birmingham SideEvent,Constructed,Amethyst Steel Pete,Chris (AT),Ruby Amethyst Bounce,Draw,Win,3/4/5/6/7/8/9/11/12/13/14/15/16,1/4/5/6/7
2024-09-22,Set5,Birmingham,Lorcana DLC Birmingham SideEvent,Constructed,Amethyst Steel Pete,Phillip (DE),Amber Steel Songs,Draw,Loss,3/4/8/9,2/6/8/12/15/17/19/20
2024-09-22,Set5,Birmingham,Lorcana DLC Birmingham SideEvent,Constructed,Amethyst Steel Pete,Phillip (DE),Amber Steel Songs,Play,Loss,1/4/5/7/11,2/4/6/8/10/14/17/20
2024-09-22,Set5,Birmingham,Lorcana DLC Birmingham SideEvent,Constructed,Amethyst Steel Pete,Martin (IT),Amber Steel Songs,Play,Loss,3/5/11/13/16,1/5/10/14/20
2024-09-22,Set5,Birmingham,Lorcana DLC Birmingham SideEvent,Constructed,Amethyst Steel Pete,Martin (IT),Amber Steel Songs,Draw,Loss,1/2/8/9/10/11/12,2/4/6/8/10/17/20
2024-09-26,Set5,Card Club Hockenheim,Casual,Constructed,Emerald Steel Midrange,GnF,Emerald Sapphire Clarabelle,Draw,Win,1/4/9/17/20,2/4
2024-09-26,Set5,Card Club Hockenheim,Casual,Constructed,Emerald Steel Midrange,GnF,Emerald Sapphire Clarabelle,Draw,Win,1/3/6/9/15/20,
2024-09-26,Set5,Card Club Hockenheim,Casual,Constructed,Ruby Sapphire Control,GnF,Emerald Sapphire Clarabelle,Play,Win,1/2/5/7/10/13/14/15/16/21,1/5/7/11/13
2024-09-26,Set5,Card Club Hockenheim,Casual,Constructed,Amethyst Steel Pete,bastii,Ruby Sapphire Control,Draw,Win,1/4/8/10/13/17/19/20,1
2024-09-26,Set5,Card Club Hockenheim,Casual,Constructed,Amethyst Steel Pete,bastii,Ruby Sapphire Control,Draw,Win,1/4/6/9/13/20,1
2024-09-26,Set5,Card Club Hockenheim,Casual,Constructed,Emerald Steel Midrange,bastii,Ruby Sapphire Control,Draw,Loss,1/3/5/6/7/9/11,1/3/5/6/7/9/11/14/20
2024-09-26,Set5,Card Club Hockenheim,Liga 09-26,Constructed,Ruby Sapphire Control,Ironlady94,Sapphire Steel Items,Draw,Win,2/4/6/7/8/9/12/14/15/18/20,2/4
2024-09-26,Set5,Card Club Hockenheim,Liga 09-26,Constructed,Ruby Sapphire Control,Ironlady94,Sapphire Steel Items,Draw,Win,1/2/3/6/9/13/14/20,1/3/4/6/7/9/11/13/14
2024-09-26,Set5,Card Club Hockenheim,Liga 09-26,Constructed,Ruby Sapphire Control,GnF,Amber Ruby Mufasa,Play,Win,1/2/3/5/7/10/12/20,2/4/6/8/10/12
2024-09-26,Set5,Card Club Hockenheim,Liga 09-26,Constructed,Ruby Sapphire Control,GnF,Amber Ruby Mufasa,Draw,Win,1/4/5/9/10/13/20,2/7/13/16
2024-09-26,Set5,Card Club Hockenheim,Liga 09-26,Constructed,Ruby Sapphire Control,Nanzu1991,Amber Steel Songs,Play,Loss,1,2/4/7/10/12/13/14/15/18/19/20
2024-09-26,Set5,Card Club Hockenheim,Liga 09-26,Constructed,Ruby Sapphire Control,Nanzu1991,Amber Steel Songs,Play,Win,1/20,2/4
2024-09-26,Set5,Card Club Hockenheim,Liga 09-26,Constructed,Ruby Sapphire Control,Nanzu1991,Amber Steel Songs,Draw,Loss,1/2/3/5/6,1/3/5/7/9/11/12/14/16/17/20
2024-09-28,Set5,WebCam,Casual,Constructed,Ruby Sapphire Control,Nastra,Amethyst Emerald Tempo,Play,Loss,2/4/7/11/12,2/6/8/12/13/14/16/18/20
2024-09-28,Set5,WebCam,Casual,Constructed,Ruby Sapphire Control,Nastra,Amethyst Emerald Tempo,Play,Loss,1/4/5/8,2/3/7/11/12/14/19
2024-09-28,Set5,WebCam,Casual,Constructed,Ruby Sapphire Control,Nastra,Ruby Amethyst Bounce,Play,Win,1/3/7/10/12/15/17/20,2/4/5/6/7/8/9
2024-09-30,Set5,Home,Casual,Constructed,Ruby Sapphire Control,ITFairy,Emerald Steel Discard,Draw,Win,1/2/3/5/8/11/14/20,1/3/6/9
2024-09-30,Set5,Home,Casual,Constructed,Ruby Sapphire Control,ITFairy,Amethyst Emerald Tempo,Draw,Loss,1/2,1/3/5/6/8/9/11/12/13/14/16/17/20
2024-09-30,Set5,Home,Casual,Constructed,Ruby Sapphire Control,ITFairy,Amethyst Emerald Tempo,Play,Win,3/4/6/10/14/18/20,2/5/7/8/9
2024-10-01,Set5,Home,Casual,Constructed,Emerald Ruby Actions,ITFairy,Amethyst Emerald Tempo,Draw,Loss,2/4/6/8/10/12,2/4/5/7/10/13/14/19/20
2024-10-01,Set5,Home,Casual,Constructed,Emerald Ruby Actions,ITFairy,Amethyst Emerald Tempo,Play,Win,4/6/8/10,2/3/5/7/10/12/13/11/14/16/17/19/20
2024-10-01,Set5,Home,Casual,Constructed,Ruby Sapphire Control,ITFairy,Amethyst Emerald Tempo,Draw,Loss,,2/8/14/16/18/20
2024-10-01,Set5,Home,Casual,Constructed,Ruby Sapphire Control,ITFairy,Amethyst Emerald Tempo,Play,Win,1/2/3/4/7/8,2/3/4/5/6/8/11/12/15/12/19/20
2024-10-02,Set5,Wizards Well,Casual,Constructed,Ruby Sapphire Control,marblementos,Emerald Steel Discard,Draw,Win,,
2024-10-02,Set5,Wizards Well,Casual,Constructed,Ruby Sapphire Control,keo,Emerald Steel Discard,Play,Win,1/2/3/4/5/6/7/8/9/12/20,
2024-10-02,Set5,Wizards Well,Liga 10-02,Draft,Draft,AMS,Draft,Play,Win,1/3/4/6/7/8/9/11/15/19/20,1/2/1/7
2024-10-02,Set5,Wizards Well,Liga 10-02,Draft,Draft,AMS,Draft,Draw,Loss,1/5/6/10/13,1/2/4/5/6/8/9/11/12/14/15/19/20
2024-10-02,Set5,Wizards Well,Liga 10-02,Draft,Draft,AMS,Draft,Play,Loss,3/5/7,1/2/4/7/13/19/20
2024-10-02,Set5,Wizards Well,Liga 10-02,Draft,Draft,bloodhoundboi,Draft,Draw,Win,6/7/8/9/11/14/15/16/20,2/4/6/11/10/12/14
2024-10-02,Set5,Wizards Well,Liga 10-02,Draft,Draft,bloodhoundboi,Draft,Draw,Win,2/4/6/12/20,3/5/17
2024-10-02,Set5,Wizards Well,Liga 10-02,Draft,Draft,keo,Draft,Draw,Loss,1/2/4/5,1/2/3/5/9/13/16/20
2024-10-02,Set5,Wizards Well,Liga 10-02,Draft,Draft,keo,Draft,Play,Win,1/3/5/7/8/10/20,1/0/1/3/6
2024-10-02,Set5,Wizards Well,Liga 10-02,Draft,Draft,keo,Draft,Draw,Loss,2/5/7/13,1/2/4/9/14/20
2024-10-03,Set5,Home,Casual,Constructed,Emerald Steel Discard,ITFairy,Amethyst Emerald Tempo,Draw,Win,1/6/12/16/20,2/5/6/8/11/12/13/16
2024-10-03,Set5,Home,Casual,Constructed,Emerald Steel Discard,ITFairy,Amethyst Emerald Tempo,Draw,Loss,2/4/8/12/16,2/3/4/5/6/8/10/14/15/16/17/20
2024-10-04,Set5,Home,Casual,Constructed,Ruby Sapphire Control,ITFairy,Amethyst Emerald Tempo,Play,Win,,
2024-10-04,Set5,Home,Casual,Constructed,Ruby Sapphire Control,fionikatze,Amber Steel Mufasa,Play,Loss,1,20
2024-10-04,Set5,Home,Casual,Constructed,Ruby Sapphire Control,fionikatze,Amber Steel Mufasa,Draw,Loss,19,20
2024-10-05,Set5,Card Club Hockenheim,Set Championship,Constructed,Ruby Sapphire Control,Ironlady94,Sapphire Steel Items,Draw,Win,1/2/3/4/5/7/9/12/18/20,2/3/4/5
2024-10-05,Set5,Card Club Hockenheim,Set Championship,Constructed,Ruby Sapphire Control,Ironlady94,Sapphire Steel Items,Draw,Win,2/5/6/7/8/11/12/14/17,2/3/5/9/13
2024-10-05,Set5,Card Club Hockenheim,Set Championship,Constructed,Ruby Sapphire Control,Nastra,Ruby Sapphire Control,Draw,Win,1/2/4/5/8/10/13/15/20,1/3/7/11/12
2024-10-05,Set5,Card Club Hockenheim,Set Championship,Constructed,Ruby Sapphire Control,Nastra,Ruby Sapphire Control,Draw,Win,1/3/5/8/12/19/20,1/2/3/4/5/9/10
2024-10-05,Set5,Card Club Hockenheim,Set Championship,Constructed,Ruby Sapphire Control,keo,Emerald Steel Discard,Play,Win,1/3/4/5/6/7/8/9/10/11/13/16/20,1
2024-10-05,Set5,Card Club Hockenheim,Set Championship,Constructed,Ruby Sapphire Control,keo,Emerald Steel Discard,Draw,Loss,,1/2/3/8/14/20
2024-10-05,Set5,Card Club Hockenheim,Set Championship,Constructed,Ruby Sapphire Control,keo,Emerald Steel Discard,Play,Win,1/3//7/8/9/11/12/14/15/17/19/20,2
2024-10-05,Set5,Card Club Hockenheim,Set Championship,Constructed,Ruby Sapphire Control,Jurki,Amber Steel Songs,Draw,Win,1/2/3/5/8/10/12/14/20,1/5/8/13/18
2024-10-05,Set5,Card Club Hockenheim,Set Championship,Constructed,Ruby Sapphire Control,Jurki,Amber Steel Songs,Draw,Loss,,1/4/8/12/15/18/20
2024-10-05,Set5,Card Club Hockenheim,Set Championship,Constructed,Ruby Sapphire Control,Jurki,Amber Steel Songs,Play,Loss,1/2/4/5/6/8/9/10/12/13,3/6/9/13/15/17/19/20
2024-10-05,Set5,Card Club Hockenheim,Set Championship,Constructed,Ruby Sapphire Control,Swordinator,Ruby Amethyst Bounce,Draw,Win,1/2/3/5/8/10/13/17/19/20,1/4/5/6/8/9/10/11/12/13/14/15
2024-10-05,Set5,Card Club Hockenheim,Set Championship,Constructed,Ruby Sapphire Control,Swordinator,Ruby Amethyst Bounce,Draw,Loss,2/3/6,1/2/5/6/8/11/12/13/14/17/20
2024-10-05,Set5,Card Club Hockenheim,Set Championship,Constructed,Ruby Sapphire Control,Swordinator,Ruby Amethyst Bounce,Play,Draw,1/2/4/6/7/10/13/18,1/2/4/6/8
2024-10-05,Set5,Card Club Hockenheim,Set Championship,Constructed,Ruby Sapphire Control,Swordinator,Ruby Amethyst Bounce,Play,Win,3/8/10/11/15/18/20,1/3/4/6/8/9/11/12/13/14
2024-10-05,Set5,Card Club Hockenheim,Set Championship,Constructed,Ruby Sapphire Control,Swordinator,Ruby Amethyst Bounce,Draw,Loss,,1/2/5/6/12/15/20
2024-10-05,Set5,Card Club Hockenheim,Set Championship,Constructed,Ruby Sapphire Control,Swordinator,Ruby Amethyst Bounce,Play,Win,1/3/10/15/16/17/20,1/2/4/5/6/7/8/9/11/13/15
2024-10-05,Set5,Card Club Hockenheim,Set Championship,Constructed,Ruby Sapphire Control,Nastra,Ruby Sapphire Control,Play,Loss,1/2/3/4/8/9/10,1/4/6/9/11/17/18/20
2024-10-05,Set5,Card Club Hockenheim,Set Championship,Constructed,Ruby Sapphire Control,Nastra,Ruby Sapphire Control,Play,Win,1/2/4/7/9/10/13/15/19/20,
2024-10-05,Set5,Card Club Hockenheim,Set Championship,Constructed,Ruby Sapphire Control,Nastra,Ruby Sapphire Control,Draw,Win,1/4/5/8/10/12/14/16/20,
2024-10-05,Set5,Card Club Hockenheim,Set Championship,Constructed,Ruby Sapphire Control,keo,Emerald Steel Discard,Draw,Win,1/2/7/8/20,1
2024-10-05,Set5,Card Club Hockenheim,Set Championship,Constructed,Ruby Sapphire Control,keo,Emerald Steel Discard,Draw,Win,1/3/9/13/17/20,1/2/3/7/9
2024-10-08,Set5,Home,Casual,Constructed,Amethyst Steel Aggro,ITFairy,Amethyst Emerald Tempo,Play,Win,2/6/9/11/14/16/19/20,1/2/5
2024-10-08,Set5,Home,Casual,Constructed,Amethyst Steel Aggro,ITFairy,Amethyst Emerald Tempo,Draw,Win,1/4/5/9/11/13/18/20,1/2/3/5/6/7
2024-10-08,Set5,Home,Casual,Constructed,Amethyst Steel Aggro,ITFairy,Amethyst Emerald Tempo,Draw,Win,2/3/7/9/11/12/14/15/17/19/20,1/2/4/6/9/12/14/15
2024-10-09,Set5,Wizards Well,Casual,Constructed,Emerald Steel Discard,Putschi,Amethyst Steel Pete,Play,Win,1/3/9/15/20,1/4/9/11/12/15/17
2024-10-09,Set5,Wizards Well,Liga 10-09,Constructed,Amethyst Steel Aggro,marblementos,Emerald Steel Discard,Play,Win,1/4/9/15/18/20,
2024-10-09,Set5,Wizards Well,Liga 10-09,Constructed,Amethyst Steel Aggro,marblementos,Emerald Steel Discard,Draw,Loss,1/2/3/4/6/7/8/9,3/7/14/20
2024-10-09,Set5,Wizards Well,Liga 10-09,Constructed,Amethyst Steel Aggro,marblementos,Emerald Steel Discard,Play,Win,2/6/11/12/14/15/16/17/19/20,
2024-10-09,Set5,Wizards Well,Liga 10-09,Constructed,Amethyst Steel Aggro,Jurki,Amber Steel Songs,Draw,Win,2/3/4/8/9/10/13/17/20,2/4/6/8/12
2024-10-09,Set5,Wizards Well,Liga 10-09,Constructed,Amethyst Steel Aggro,Jurki,Amber Steel Songs,Draw,Loss,2/3/4/6,1/3/4/8/15/20
2024-10-09,Set5,Wizards Well,Liga 10-09,Constructed,Amethyst Steel Aggro,Jurki,Amber Steel Songs,Play,Loss,1/3/5/9/15,2/4/9/16/20
2024-10-09,Set5,Wizards Well,Liga 10-09,Constructed,Amethyst Steel Aggro,Putschi,Amethyst Steel Pete,Draw,Loss,2/4/5/6/9/10/11/13/15/16,1/2/4/6/8/10/12/16/20
2024-10-09,Set5,Wizards Well,Liga 10-09,Constructed,Amethyst Steel Aggro,Putschi,Amethyst Steel Pete,Play,Loss,1/3/5/6/8/10/11/12/13/14/15/18/19,2/3/6/9/13/15/20
2024-10-10,Set5,Card Club Hockenheim,Casual,Constructed,Emerald Steel Discard,Swordinator,Ruby Amethyst Bounce,Draw,Loss,2,1/2/4/6/7/9/11/13/20
2024-10-10,Set5,Card Club Hockenheim,Casual,Constructed,Amethyst Steel Aggro,waeaenom,Ruby Sapphire Control,Play,Win,2/6/8/9/10/14/15/17/20,1
2024-10-10,Set5,Card Club Hockenheim,Liga 10-10,Constructed,Ruby Sapphire Control,waeaenom,Ruby Sapphire Control,Play,Win,1/2/3/4/5/8/10/12/15/18/20,1/4
2024-10-10,Set5,Card Club Hockenheim,Liga 10-10,Constructed,Ruby Sapphire Control,waeaenom,Ruby Sapphire Control,Draw,Win,1/3/7/8/12/14/19/20,1/2/4/5/7
2024-10-10,Set5,Card Club Hockenheim,Liga 10-10,Constructed,Ruby Sapphire Control,Swordinator,Ruby Amethyst Bounce,Play,Win,1/2/3/4/6/8/11/14/16/20,1/4/5/6/7/8/9/10/11
2024-10-10,Set5,Card Club Hockenheim,Liga 10-10,Constructed,Ruby Sapphire Control,Swordinator,Ruby Amethyst Bounce,Draw,Loss,2/5/12,1/2/5/6/7/9/13/14/15/16/17/18/20
2024-10-10,Set5,Card Club Hockenheim,Liga 10-10,Constructed,Ruby Sapphire Control,Swordinator,Ruby Amethyst Bounce,Play,Win,1/3/7/9/14/20,1/3/6/7/10/11/13/14/15/16/17
2024-10-12,Set5,Spielwaren Neusser,Set Championship,Constructed,Ruby Sapphire Control,ChrC56,Amethyst Emerald Tempo,Play,Loss,1/2/3,2/4/8/14/16/18/20
2024-10-12,Set5,Spielwaren Neusser,Set Championship,Constructed,Ruby Sapphire Control,ChrC56,Amethyst Emerald Tempo,Draw,Loss,,2/6/11/13/20
2024-10-12,Set5,Spielwaren Neusser,Set Championship,Constructed,Ruby Sapphire Control,monnemer,Ruby Amethyst Bounce,Play,Win,1/2/4/5/6/7/8/10/12/14/20,1/2/4/5/6/7/8/11/12/13/14/15
2024-10-12,Set5,Spielwaren Neusser,Set Championship,Constructed,Ruby Sapphire Control,monnemer,Ruby Amethyst Bounce,Draw,Loss,1/3/6,1/4/6/9/11/13/14/15/16/17/18/19/20
2024-10-12,Set5,Spielwaren Neusser,Set Championship,Constructed,Ruby Sapphire Control,Henrik,Emerald Steel Discard,Draw,Loss,3/6/8/9/13,1/2/3/5/7/9/13/20
2024-10-12,Set5,Spielwaren Neusser,Set Championship,Constructed,Ruby Sapphire Control,Henrik,Emerald Steel Discard,Play,Win,1/2/3/7/8/9/11/12/20,1/2/4/6
2024-10-12,Set5,Spielwaren Neusser,Set Championship,Constructed,Ruby Sapphire Control,SteffenStadler,Ruby Amethyst Bounce,Play,Loss,1/2/5/7/9,1/3/5/7/8/9/10/11/12/13/17/18/20
2024-10-12,Set5,Spielwaren Neusser,Set Championship,Constructed,Ruby Sapphire Control,SteffenStadler,Ruby Amethyst Bounce,Draw,Win,2/5/10/20,1/2/5/7/8/9/10/11
2024-10-15,Set5,WebCam,Casual,Constructed,Ruby Sapphire Control,Darksteel1,Amber Steel Songs,Draw,Loss,1/2/3/5/6,2/5/7/10/12/14/20
2024-10-15,Set5,WebCam,Casual,Constructed,Ruby Sapphire Control,Darksteel1,Amber Steel Songs,Play,Loss,1,2/7/12/20
2024-10-15,Set5,WebCam,Casual,Constructed,Ruby Sapphire Control,Darksteel1,Amber Steel Songs,Play,Win,1/3/4/5/20,2/5/8/12/15
2024-10-15,Set5,WebCam,Casual,Constructed,Ruby Amethyst Bounce,Darksteel1,Amber Steel Songs,Draw,Win,1/2/3/4/7/10/14/19/20,6/9/13/15/17/19
2024-10-15,Set5,WebCam,Casual,Constructed,Ruby Amethyst Bounce,Darksteel1,Amber Steel Songs,Play,Win,1/3/5/6/8/9/11/13/15/17/18/20,6/9/12/13
2024-10-15,Set5,WebCam,Casual,Constructed,Amber Steel Mufasa,Darksteel1,Amber Emerald Discard,Draw,Loss,2/4/5/7/12/14/16,1/2/3/5/7/11/20
2024-10-15,Set5,WebCam,Casual,Constructed,Amber Steel Mufasa,Darksteel1,Amber Emerald Discard,Play,Loss,2/4/6/8/11/19,1/6/13/20
2024-10-15,Set5,WebCam,Casual,Constructed,Ruby Sapphire Control,Darksteel1,Amber Emerald Discard,Draw,Win,1/7/12/16/20,1/2/3/4/6/7/8/11/14
2024-10-15,Set5,WebCam,Casual,Constructed,Ruby Sapphire Control,Darksteel1,Amber Emerald Discard,Play,Win,1/4/7/10/11/13/14/15/16/18/20,3/4/6/7/10/11/12/13/14
2024-10-16,Set5,Wizards Well,Casual,Constructed,Amethyst Emerald Tempo,Hetti89,Amethyst Sapphire Blurple,Play,Win,2/3/6/10/12/15/18/20,2/5/8
2024-10-16,Set5,Wizards Well,Casual,Constructed,Amethyst Emerald Tempo,Hetti89,Amethyst Sapphire Blurple,Draw,Win,2/6/10/13/14/15/19/20,1/2/34/5/6/10/11/12/13/15
2024-10-16,Set5,Wizards Well,Casual,Constructed,Amber Steel Mufasa,Hetti89,Emerald Steel Discard,Play,Win,2/4/7/9/12/14/16/18/20,1/3
2024-10-16,Set5,Wizards Well,Casual,Constructed,Amber Steel Mufasa,Hetti89,Emerald Steel Discard,Draw,Loss,2/4/6/8/12,1/2/3/4/10/14/20
2024-10-16,Set5,Wizards Well,Liga 10-16,Constructed,Amethyst Steel Aggro,Achim Günzel,Ruby Steel Robin,Play,Win,1/4/7/8/11/14/15/16/17/18/19/20,1/2/4/5/6
2024-10-16,Set5,Wizards Well,Liga 10-16,Constructed,Amethyst Steel Aggro,Achim Günzel,Ruby Steel Robin,Draw,Loss,1/5/7/9/10/11/12/16,1/3/5/7/9/16/20
2024-10-16,Set5,Wizards Well,Liga 10-16,Constructed,Amethyst Steel Aggro,Achim Günzel,Ruby Steel Robin,Play,Loss,2/3/4/5/6/7/8/9/10/11/12/13/14,2/3/6/7/9/12/14/16/19/20
2024-10-16,Set5,Wizards Well,Liga 10-16,Constructed,Amethyst Steel Aggro,Darksteel1,Amber Emerald Discard,Draw,Win,2/3/8/9/10/14/18/20,1
2024-10-16,Set5,Wizards Well,Liga 10-16,Constructed,Amethyst Steel Aggro,Darksteel1,Amber Emerald Discard,Draw,Loss,2/3/4/6/7/9/10/11/14/15/17,2/4/5/9/11/15/20
2024-10-16,Set5,Wizards Well,Liga 10-16,Constructed,Amethyst Steel Aggro,Darksteel1,Amber Emerald Discard,Play,Win,1/4/7/12/13/14/15/17/18/20,1/6/11
2024-10-16,Set5,Wizards Well,Liga 10-16,Constructed,Amethyst Steel Aggro,SantiagoAE,Emerald Steel Robin,Play,Loss,2/3/5/8/9/11/12/13/14/16/17,1/2/3/5/6/8/11/13/16/20
2024-10-16,Set5,Wizards Well,Liga 10-16,Constructed,Amethyst Steel Aggro,SantiagoAE,Emerald Steel Robin,Play,Loss,2/4/6/8/9/11/12/13/14/15/16,1/2/3/4/8/16/20
2024-10-17,Set5,Card Club Hockenheim,Casual,Constructed,Amethyst Emerald Tempo,Koehler,Ruby Amethyst Bounce,Play,Win,1/6/9/11/14/20,1/2/4/5/7/9/10/11
2024-10-17,Set5,Card Club Hockenheim,Casual,Constructed,Amethyst Emerald Tempo,Koehler,Ruby Amethyst Bounce,Draw,Win,2/7/9/11/13/15/17/20,1/3/5/10
2024-10-17,Set5,Card Club Hockenheim,Casual,Constructed,Ruby Sapphire Control,Koehler,Ruby Amethyst Bounce,Play,Win,1/2/6/7/10/14/17/18/20,1/2/3/4/7/9/10
2024-10-17,Set5,Card Club Hockenheim,Casual,Constructed,Ruby Sapphire Control,Koehler,Ruby Amethyst Bounce,Draw,Loss,2/4/8/9,1/3/6/8/10/11/12/13/14/17/18/19/20
2024-10-17,Set5,Card Club Hockenheim,Casual,Constructed,Ruby Sapphire Control,Lorigon,Emerald Steel Discard,Play,Loss,1/2/5/8/12,1/2/3/5/6/8/10/16/20
2024-10-17,Set5,Card Club Hockenheim,Casual,Constructed,Ruby Sapphire Control,Lorigon,Emerald Steel Discard,Play,Win,1/2/3/4/6/7/8/20,2
2024-10-17,Set5,Card Club Hockenheim,Casual,Constructed,Ruby Sapphire Control,Lorigon,Emerald Steel Discard,Draw,Loss,1/2/3/4,2/4/8/9/16/17/18/19/20
2024-10-18,Set5,Home,Casual,Constructed,Amber Ruby Mufasa,ITFairy,Amethyst Emerald Tempo,Play,Win,1/5/7/9/14/20,2/3/5/9/13/14/15
2024-10-18,Set5,Home,Casual,Constructed,Amber Ruby Mufasa,ITFairy,Amethyst Emerald Tempo,Draw,Win,2/4/6/10/20,1/3/4
2024-10-18,Set5,Home,Casual,Constructed,Amber Ruby Mufasa,ITFairy,Amethyst Emerald Tempo,Draw,Loss,2/4,2/6/11/14/17/20
2024-10-18,Set5,Home,Casual,Constructed,Amber Ruby Mufasa,ITFairy,Amethyst Emerald Tempo,Play,Win,2/4/6/8/10/16/20,1/2/3/4/6/7/8/10/11
2024-10-19,Set5,Spiele-Pyramide,Set Championship,Constructed,Ruby Sapphire Control,Nomlix,Ruby Sapphire Control,Play,Win,1/3/4/7/11/15/20,1/6/12
2024-10-19,Set5,Spiele-Pyramide,Set Championship,Constructed,Ruby Sapphire Control,Nomlix,Ruby Sapphire Control,Draw,Loss,,5/12/20
2024-10-19,Set5,Spiele-Pyramide,Set Championship,Constructed,Ruby Sapphire Control,Nomlix,Ruby Sapphire Control,Play,Win,1/2/5/11/16/18/20,1/4/6/8
2024-10-19,Set5,Spiele-Pyramide,Set Championship,Constructed,Ruby Sapphire Control,Nados,Amber Emerald Discard,Draw,Loss,1,1/3/5/10/11/20
2024-10-19,Set5,Spiele-Pyramide,Set Championship,Constructed,Ruby Sapphire Control,Nados,Amber Emerald Discard,Play,Win,1/2/3/5/7/20,1/2/3/4
2024-10-19,Set5,Spiele-Pyramide,Set Championship,Constructed,Ruby Sapphire Control,Nados,Amber Emerald Discard,Draw,Loss,1/2/4/5,4/8/17/20
2024-10-19,Set5,Spiele-Pyramide,Set Championship,Constructed,Ruby Sapphire Control,Andi1066,Emerald Steel Discard,Play,Loss,1,1/2/3/7/14/16/20
2024-10-19,Set5,Spiele-Pyramide,Set Championship,Constructed,Ruby Sapphire Control,Andi1066,Emerald Steel Discard,Play,Win,1/2/3/4/5/8/9/11/20,1/2/3/4
2024-10-19,Set5,Spiele-Pyramide,Set Championship,Constructed,Ruby Sapphire Control,Andi1066,Emerald Steel Discard,Draw,Loss,,1/3/6/8/9/13/17/20
2024-10-19,Set5,Spiele-Pyramide,Set Championship,Constructed,Ruby Sapphire Control,flyingphoenix,Ruby Amethyst Bounce,Play,Loss,1/2/4,1/2/5/6/8/9/10/11/13/14/16/18/20
2024-10-19,Set5,Spiele-Pyramide,Set Championship,Constructed,Ruby Sapphire Control,flyingphoenix,Ruby Amethyst Bounce,Play,Loss,,1/3/5/7/8/11/14/15/16/17/18/19/20
2024-10-19,Set5,Spiele-Pyramide,Set Championship,Constructed,Ruby Sapphire Control,Nurephel,Amethyst Steel Aggro,Draw,Loss,3/4/8,2/4/5/6/9/10/11/12/13/14/16/18/20
2024-10-19,Set5,Spiele-Pyramide,Set Championship,Constructed,Ruby Sapphire Control,Nurephel,Amethyst Steel Aggro,Play,Loss,1/2/3/5/6/7/9/10,2/3/5/7/12/13/14/15/16/20
2024-10-20,Set5,Wizards Well,Casual,Constructed,Ruby Sapphire Control,Putschi,Emerald Steel Midrange,Play,Win,2/4/6/8/12/19/20,2
2024-10-20,Set5,Wizards Well,Casual,Constructed,Emerald Steel Discard,Putschi,Emerald Steel Midrange,Play,Loss,1/2/6/7,4/8/9/13/20
2024-10-20,Set5,Wizards Well,Set Championship,Constructed,Emerald Steel Discard,Jurki,Amber Steel Songs,Play,Win,1/5/10/15/20,1/3/6/8/10/13/15
2024-10-20,Set5,Wizards Well,Set Championship,Constructed,Emerald Steel Discard,Jurki,Amber Steel Songs,Draw,Win,2/4/5/20,1/4/8/10/13/15
2024-10-20,Set5,Wizards Well,Set Championship,Constructed,Emerald Steel Discard,AMS,Ruby Amethyst Bounce,Play,Win,1/2/3/4/5/10/17/20,1/2
2024-10-20,Set5,Wizards Well,Set Championship,Constructed,Emerald Steel Discard,AMS,Ruby Amethyst Bounce,Draw,Win,1/3/5/8/10/14/20,1/3/5/6/8
2024-10-20,Set5,Wizards Well,Set Championship,Constructed,Emerald Steel Discard,mrbluetosh,Emerald Steel Discard,Draw,Win,1/2/3/7/13/20,2/4/6/11
2024-10-20,Set5,Wizards Well,Set Championship,Constructed,Emerald Steel Discard,mrbluetosh,Emerald Steel Discard,Draw,Win,1/2/3/5/8/20,1
2024-10-20,Set5,Wizards Well,Set Championship,Constructed,Emerald Steel Discard,keo,Emerald Steel Discard,Play,Draw,,
2024-10-20,Set5,Wizards Well,Set Championship,Constructed,Emerald Steel Discard,keo,Emerald Steel Discard,Draw,Draw,,
2024-10-20,Set5,Wizards Well,Set Championship,Constructed,Emerald Steel Discard,Putschi,Amber Steel Songs,Play,Draw,,
2024-10-20,Set5,Wizards Well,Set Championship,Constructed,Emerald Steel Discard,Putschi,Amber Steel Songs,Draw,Draw,,
2024-10-20,Set5,Wizards Well,Set Championship,Constructed,Emerald Steel Discard,Hetti89,Emerald Steel Discard,Play,Win,1/3/4/6/8/9/10/20,2
2024-10-20,Set5,Wizards Well,Set Championship,Constructed,Emerald Steel Discard,Hetti89,Emerald Steel Discard,Draw,Win,1/2/3/6/9,1/2/5/6/7
2024-10-20,Set5,Wizards Well,Set Championship,Constructed,Emerald Steel Discard,Darksteel1,Amber Emerald Aggro,Play,Loss,1/2/3/5,2/8/14/18/20
2024-10-20,Set5,Wizards Well,Set Championship,Constructed,Emerald Steel Discard,Darksteel1,Amber Emerald Aggro,Play,Loss,1/3,2/5/8/13/20
2024-10-23,Set5,Wizards Well,Casual,Constructed,Emerald Steel Hercules,Darksteel1,Emerald Steel Discard,Draw,Win,1/2/4/20,1/3
2024-10-23,Set5,Wizards Well,Casual,Constructed,Emerald Steel Hercules,Darksteel1,Emerald Steel Discard,Draw,Win,2/5/9/10/20,1/2
2024-10-23,Set5,Wizards Well,Liga 10-23,Draft,Draft,Marzipan87,Draft,Draw,Loss,1/3,1/2/5/10/14/20
2024-10-23,Set5,Wizards Well,Liga 10-23,Draft,Draft,Marzipan87,Draft,Play,Win,1/2/3/4/5/7/8/9/11/10/13/18/20,1/3/5
2024-10-23,Set5,Wizards Well,Liga 10-23,Draft,Draft,Marzipan87,Draft,Draw,Loss,1/4/7/10/14,1/2/4/7/8/20
2024-10-23,Set5,Wizards Well,Liga 10-23,Draft,Draft,Darksteel1,Draft,Play,Loss,1/4/6/8/12/14,2/4/6/7/9/11/13/15/17/20
2024-10-23,Set5,Wizards Well,Liga 10-23,Draft,Draft,Darksteel1,Draft,Play,Win,1/2/3/4/5/6/7/8/10/14/20,1/3/5/7
2024-10-23,Set5,Wizards Well,Liga 10-23,Draft,Draft,Darksteel1,Draft,Draw,Win,1/2/3/4/5/6/8/10/12/16/20,1/5/6/8/11/12/14/15
2024-10-23,Set5,Wizards Well,Liga 10-23,Draft,Draft,Ironlady94,Draft,Draw,Loss,2,1/3/7/12/15/17/19/20
2024-10-23,Set5,Wizards Well,Liga 10-23,Draft,Draft,Ironlady94,Draft,Play,Win,1/2/3/4/6/7/9/10/13/15/16/20,1/4/7/10/12/16
2024-10-23,Set5,Wizards Well,Liga 10-23,Draft,Draft,Ironlady94,Draft,Draw,Win,1/2/3/7/9/13/16/20,1/2/4/6/9/11
2024-10-24,Set5,WebCam,Casual,Constructed,Emerald Steel Discard,Darksteel1,Emerald Steel Discard,Draw,Loss,,1/2/3/5/9/13/20
2024-10-24,Set5,WebCam,Casual,Constructed,Emerald Steel Discard,Darksteel1,Emerald Steel Discard,Play,Loss,1/4/6,1/3/6/12/20
2024-10-24,Set5,WebCam,Casual,Constructed,Emerald Steel Discard,Darksteel1,Emerald Steel Discard,Play,Loss,1/2/3/4/7/9/12,1/2/4/6/7/9/11/13/18/20
2024-10-24,Set5,WebCam,Casual,Constructed,Emerald Steel Hercules,Darksteel1,Emerald Steel Discard,Draw,Loss,1/3/6/7/10/13/15,1/4/8/12/16/20
2024-10-24,Set5,WebCam,Casual,Constructed,Emerald Steel Hercules,Darksteel1,Emerald Steel Discard,Play,Win,1/3/9/13/16/20,1/2/3/4/7/8/9
2024-10-24,Set5,WebCam,Casual,Constructed,Emerald Steel Hercules,Darksteel1,Emerald Steel Discard,Draw,Win,1/2/3/4/5/7/13/18/20,3/7/11/12/13